Country,1960,1961,1962,1963,1964,1965,1966,1967,1968,1969,1970,1971,1972,1973,1974,1975,1976,1977,1978,1979,1980,1981,1982,1983,1984,1985,1986,1987,1988,1989,1990,1991,1992,1993,1994,1995,1996,1997,1998,1999,2000,2001,2002,2003,2004,2005,2006,2007,2008,2009,2010,2011,2012,2013,2014,2015,2016,2017,2018,2019,2020
Afghanistan,#N/A,#N/A,#N/A,#N/A,#N/A,#N/A,#N/A,#N/A,#N/A,#N/A,14306.6163,14391.7782,13040.848,13535.7541,14945.9682,14574.164,14746.851,15247.281,15112.318,14923.075,15691.266,15810.335,15615.333,15322.53,14278.7921,13545.7369,12269.4624,12400.5073,12959.2948,12348.957,12528.0165,12307.0638,11370.4531,11390.8748,11290.6882,11635.6594,12505.9308,13343.25,13793.367,14812.366,13530.953,12585.402,13842.7381,14709.884,14654.374,14770.2643,14849.1594,15272.633,15288.7756,15554.4295,17791.3299,17981.30729,18168.86,#N/A,#N/A,#N/A,#N/A,#N/A,#N/A,#N/A,#N/A
Angola,#N/A,#N/A,#N/A,#N/A,#N/A,#N/A,#N/A,#N/A,#N/A,#N/A,60648.60108,39162.17143,42205.6507,44252.66912,40179.2335,44429.30003,38448.02409,43563.41218,46235.11458,56644.65197,48001.86616,41894.79496,45243.80208,44852.06032,35878.30078,36714.19083,35982.41365,46721.25774,35736.7658,39342.98618,50806.54269,43761.08127,64997.83986,39775.10719,44657.24335,48230.29864,47136.21579,33091.22462,35275.1251,36119.4252,34780.6811,34371.8411,34490.369,35858.015,36860.2334,35855.7384,36375.822,36690.534,37396.294,38309.46513,40029.3921,40878.65196,41657.16485,#N/A,#N/A,#N/A,#N/A,#N/A,#N/A,#N/A,#N/A
Albania,#N/A,#N/A,#N/A,#N/A,#N/A,#N/A,#N/A,#N/A,#N/A,#N/A,6960.8682,6950.0361,7613.2661,7348.4921,7632.6643,7873.037,8470.9784,8948.9809,9996.0562,11248.3583,11433.5842,10520.3625,10730.5261,11567.5737,12215.2375,11821.5831,12079.105,12175.4832,12603.8867,12552.7369,11112.72956,8273.6324,6227.1532,6067.1799,6793.7963,6421.5713,6187.3841,5500.607,5246.1311,6493.4872,8389.2767,6820.6244,7503.05976,7834.0157,7401.10155,8308.3856,8027.14955,9879.3935,8136.785,8108.812387,8506.996034,8712.296365,8898.640911,#N/A,#N/A,#N/A,#N/A,#N/A,#N/A,#N/A,#N/A
United Arab Emirates,#N/A,#N/A,#N/A,#N/A,#N/A,#N/A,#N/A,#N/A,#N/A,#N/A,32962.18941,41377.84513,44905.46275,56875.50782,57411.52655,57798.60342,70352.6192,69646.4002,78630.0426,57226.4289,60172.9218,53924.8253,52758.6888,50999.3789,66620.7794,67746.709,64880.31,62290.0822,64750.9019,71801.913,72498.5763,80008.30573,78759.69917,81325.7913,88014.56243,93904.01287,103034.6521,101901.3844,104993.2009,107207.9329,115420.5144,115018.8197,126800.2057,134091.6856,139999.4635,143367.6627,151837.32,167986.4324,181388.5363,182422.1692,193127.1576,199342.5226,204888.719,#N/A,#N/A,#N/A,#N/A,#N/A,#N/A,#N/A,#N/A
Argentina,#N/A,#N/A,#N/A,#N/A,#N/A,#N/A,#N/A,#N/A,#N/A,#N/A,221957.023,213551.7884,223912.2788,226956.0333,229456.38,233416.77,247051.66,247370.86,248238.32,255920.06,253870.99,245776.76,243613.02,248681.79,243111.57,238145.75,250785.28,256953.81,266245.22,265608.3,266555.03,267188.7341,272139.1851,276522.7527,270948.3575,275096.4092,288246.2679,299708.76,311514.7,333886.59,331450.87,326483.81,311051.93,344797.06,369944.11,358385.64,373600.56,384547.75,411503.63,373409.0656,364684.2538,372873.1438,380295.3204,#N/A,#N/A,#N/A,#N/A,#N/A,#N/A,#N/A,#N/A
Armenia,#N/A,#N/A,#N/A,#N/A,#N/A,#N/A,#N/A,#N/A,#N/A,#N/A,6245.9877,6383.672,6750.8237,7371.7577,7983.8753,11627.038,11929.3886,12413.3746,12915.3444,13468.8879,14508.3336,15064.5702,15764.9062,15928.7094,15993.2273,16261.8193,16485.7384,16465.0412,17613.5979,17459.8322,24729.9166,25425.6997,14512.5941,8362.9081,6107.5421,6710.3697,5992.235,6719.5874,6737.042,6389.0077,6867.7102,6896.4518,6460.2393,6973.88104,7633.471,8401.8162,8743.5088,9323.71758,12469.983,11235.08927,11393.03935,12417.73612,12319.38961,#N/A,#N/A,#N/A,#N/A,#N/A,#N/A,#N/A,#N/A
Antarctica,#N/A,#N/A,#N/A,#N/A,#N/A,#N/A,#N/A,#N/A,#N/A,#N/A,#N/A,#N/A,#N/A,#N/A,#N/A,#N/A,#N/A,#N/A,#N/A,#N/A,#N/A,#N/A,#N/A,#N/A,#N/A,#N/A,#N/A,#N/A,#N/A,#N/A,#N/A,#N/A,#N/A,#N/A,#N/A,#N/A,#N/A,#N/A,#N/A,#N/A,#N/A,#N/A,#N/A,#N/A,#N/A,#N/A,#N/A,#N/A,#N/A,#N/A,#N/A,#N/A,#N/A,#N/A,#N/A,#N/A,#N/A,#N/A,#N/A,#N/A,#N/A
French Southern and Antarctic Lands,#N/A,#N/A,#N/A,#N/A,#N/A,#N/A,#N/A,#N/A,#N/A,#N/A,#N/A,#N/A,#N/A,#N/A,#N/A,#N/A,#N/A,#N/A,#N/A,#N/A,#N/A,#N/A,#N/A,#N/A,#N/A,#N/A,#N/A,#N/A,#N/A,#N/A,#N/A,#N/A,#N/A,#N/A,#N/A,#N/A,#N/A,#N/A,#N/A,#N/A,#N/A,#N/A,#N/A,#N/A,#N/A,#N/A,#N/A,#N/A,#N/A,#N/A,#N/A,#N/A,#N/A,#N/A,#N/A,#N/A,#N/A,#N/A,#N/A,#N/A,#N/A
Australia,#N/A,#N/A,#N/A,#N/A,#N/A,#N/A,#N/A,#N/A,#N/A,#N/A,319036.599,314446.149,355430.771,333243.563,355842.865,377568.654,407572.606,414927.113,377956.134,412123.022,433837.438,387882.439,428739.962,386673.558,398135.519,456717.644,434735.105,412842.803,434706.164,460970.008,482298.262,499346.73,486991.982,479463.744,522429.54,489294.147,508882.826,921012.05,920773.48,1190138.38,1081244.41,1241515.99,1117450.02,1023667.58,1144343.87,909262.03,1119632.1,1065623.87,892629.27,1105167.236,782102.6922,785795.15,761686.2739,#N/A,#N/A,#N/A,#N/A,#N/A,#N/A,#N/A,#N/A
Austria,#N/A,#N/A,#N/A,#N/A,#N/A,#N/A,#N/A,#N/A,#N/A,#N/A,68415.153,71138.884,73531.496,77365.324,75065.759,72742.055,78085.025,75681.169,77922.796,80645.173,78845.291,75501.606,73093.723,73160.152,75543.383,76926.875,75473.362,75190.949,75021.98,74506.933,79836.956,83261.989,79225.277,79387.983,79755.728,82480.629,85648.272,84731.328,85728.612,83880.53,82686.748,85851.61173,87386.68817,92659.8411,96330.90703,97552.85369,95636.729,93276.758,94608.82183,89046.75502,94172.35094,92315.0526,90460.21029,#N/A,#N/A,#N/A,#N/A,#N/A,#N/A,#N/A,#N/A
Azerbaijan,#N/A,#N/A,#N/A,#N/A,#N/A,#N/A,#N/A,#N/A,#N/A,#N/A,26322.7798,26657.9303,28191.2009,30859.7489,33572.7647,41477.2724,42787.0728,44512.8221,46342.496,48375.5232,51110.8965,55448.8495,56895.2758,58641.2552,59848.2533,61419.2836,62652.0812,62972.2961,65201.0556,64809.477,78096.61988,78972.5094,#N/A,52463.9724,48457.563,42526.7923,38971.0609,37665.0413,39953.3309,40457.6469,42646.5596,41456.1124,40298.546,44116.8124,45005.7333,47617.1667,48492.2848,45144.106,53832.8169,49623.17787,50724.56964,53982.83251,56537.08178,#N/A,#N/A,#N/A,#N/A,#N/A,#N/A,#N/A,#N/A
Burundi,#N/A,#N/A,#N/A,#N/A,#N/A,#N/A,#N/A,#N/A,#N/A,#N/A,2203.1094,2201.9823,2278.5152,2346.3096,2346.4721,2443.1382,2459.1071,2475.9237,2496.7942,2569.69,2390.7396,2205.1394,2230.5549,2275.1359,2323.6104,2325.8372,2496.857,2489.3611,2648.2604,2667.09,2798.9396,2883.2595,2922.8265,3021.6248,2976.8045,2998.9438,3046.7436,3059.7969,6229.0728,2767.7285,3398.8732,3390.8413,5029.5112,5258.7489,5370.4398,5302.3078,5553.3479,5477.675,5724.9553,5925.876687,6040.98237,6151.995536,6254.371024,#N/A,#N/A,#N/A,#N/A,#N/A,#N/A,#N/A,#N/A
Belgium,#N/A,#N/A,#N/A,#N/A,#N/A,#N/A,#N/A,#N/A,#N/A,#N/A,159837.736,154470.0637,166246.8134,172176.8142,172793.045,153063.539,162850.552,161725.79,166668.067,176335.573,165433.833,153822.24,144653.937,135779.881,139848.697,137715.959,137673.745,136792.345,137543.014,137954.584,137872.522,142753.293,141130.179,138758.062,144398.146,146712.334,153314.451,149509.673,152174.811,147499.8,147051.2,144534.998,138048.514,144031.572,141187.993,136696.039,134802.749,131823.167,137213.867,131110.2895,138029.4109,137517.8679,133373.684,#N/A,#N/A,#N/A,#N/A,#N/A,#N/A,#N/A,#N/A
Benin,#N/A,#N/A,#N/A,#N/A,#N/A,#N/A,#N/A,#N/A,#N/A,#N/A,35206.06,34456.5724,34261.8663,37045.2727,29558.811,31603.4797,32261.4622,37590.2135,32394.8277,35202.2378,43188.434,36459.2918,41951.577,39352.3081,39234.6612,36123.9859,36228.7814,37711.8648,35110.8449,37911.081,47187.972,38173.353,44052.771,41176.349,41216.989,45322.666,45079.96,46264.141,49501.742,43491.026,40254.008,33015.41,47757.344,36885.5379,31729.03,48572.5105,36385.6729,39886.08,37639.925,38068.37473,33029.82235,33289.55192,33533.09673,#N/A,#N/A,#N/A,#N/A,#N/A,#N/A,#N/A,#N/A
Burkina Faso,#N/A,#N/A,#N/A,#N/A,#N/A,#N/A,#N/A,#N/A,#N/A,#N/A,7373.7537,7344.6457,7047.8249,6998.6991,6558.1322,6871.1208,7107.4493,7589.7049,7413.0927,7889.116,8673.0793,8415.5595,8991.3131,8983.3547,9197.4689,9754.572,10129.831,10484.194,10688.8,11103.19,12151.01,11859.682,12607.862,12855.325,13311.2,14072.242,14494.959,15472.865,45357.718,41428.1,46470.1,41227.964,50062.477,43713.288,43284.41,47809.697,41364.167,43631.841,40706.298,43473.09789,43405.90919,43660.15021,43910.40239,#N/A,#N/A,#N/A,#N/A,#N/A,#N/A,#N/A,#N/A
Bangladesh,#N/A,#N/A,#N/A,#N/A,#N/A,#N/A,#N/A,#N/A,#N/A,#N/A,112709.296,107540.625,109807.265,111165.318,110459.427,115099.304,113276.59,114977.89,118409.624,120688.293,115248.381,116074.238,117881.559,112921.933,118499.686,118777.248,121513.983,120291.346,122476.931,126358.638,126701.696,126700.013,128626.244,128901.676,131295.609,136508.329,139004.894,140107.011,129129.506,138323.9,136012.9,142753.528,143812.573,146424.251,147368.17,151091.702,155320.504,161041.755,164700.503,169927.9133,177504.4736,180498.433,183300.5624,#N/A,#N/A,#N/A,#N/A,#N/A,#N/A,#N/A,#N/A
Bulgaria,#N/A,#N/A,#N/A,#N/A,#N/A,#N/A,#N/A,#N/A,#N/A,#N/A,88037.706,88234.353,91404.682,92710.592,93954.699,100951.576,101830.87,105580.383,111575.875,116051.259,119752.321,116431.839,118133.179,117275.1,114917.65,117688.057,118758.317,118400.808,122089.121,116317.9,108086.0268,85680.649,80517.317,78824.069,76810.448,81769.919,82852.671,78532.982,71902.2765,65864.384,66195.088,68733.683,63711.0187,70024.0292,68865.659,68542.7723,69900.815,72526.719,71720.335,65132.8579,67945.3135,72946.62307,67942.69563,#N/A,#N/A,#N/A,#N/A,#N/A,#N/A,#N/A,#N/A
The Bahamas,#N/A,#N/A,#N/A,#N/A,#N/A,#N/A,#N/A,#N/A,#N/A,#N/A,3564.4186,#N/A,#N/A,#N/A,#N/A,#N/A,#N/A,#N/A,#N/A,#N/A,#N/A,5977.68204,5156.40022,4570.07217,4338.84233,3441.36431,3150.90112,3168.59331,3342.23677,3551.76772,3593.57477,3468.70897,3078.14873,2959.42421,3183.01919,3532.12805,3856.64638,3535.75405,3683.25757,3580.497,3185.22211,3151.86905,3255.00095,3556.08428,3731.96845,3854.11183,4014.02012,4128.8887,4339.66058,4335.926906,4570.357553,4726.379316,4865.206767,#N/A,#N/A,#N/A,#N/A,#N/A,#N/A,#N/A,#N/A
Bosnia and Herzegovina,#N/A,#N/A,#N/A,#N/A,#N/A,#N/A,#N/A,#N/A,#N/A,#N/A,23292.6857,23613.1932,21772.1923,23434.2057,25690.5627,21844.834,20405.8258,22002.4184,22586.1852,22408.0693,25995.1088,19788.5988,23494.1402,26769.2009,25874.4959,27008.0474,26045.453,26066.1041,29031.12,27334.0633,31318.60314,28192.9298,21575.3998,18493.9255,6509.4908,6576.4909,7102.689,11979.3901,14843.3063,15369.2984,22492.9083,18080.8809,17112.299,18645.7857,20000.8367,20780.3563,22772.2341,24673.0881,24236.6085,24471.89655,25619.33132,26405.84412,27108.4002,#N/A,#N/A,#N/A,#N/A,#N/A,#N/A,#N/A,#N/A
Belarus,#N/A,#N/A,#N/A,#N/A,#N/A,#N/A,#N/A,#N/A,#N/A,#N/A,137111.879,138534.12,144373.667,150803.687,155506.252,168141.968,170915.468,175999.581,179476.551,185103.414,188456.163,190307.123,187935.013,187596.165,184777.984,183139.297,181602.689,181401.602,186056.833,182769.283,185411.7606,181585.196,170164.142,153338.533,139895.776,130352.351,130526.99,131300.395,87300.091,87514.8,83387.545,80803.9023,89727.105,82041.116,85627.1607,89989.7232,94475.092,95710.8225,100860.1753,101754.7917,108204.5472,108921.4347,109647.2388,#N/A,#N/A,#N/A,#N/A,#N/A,#N/A,#N/A,#N/A
Belize,#N/A,#N/A,#N/A,#N/A,#N/A,#N/A,#N/A,#N/A,#N/A,#N/A,312.98067,324.49975,364.98301,395.05251,391.12452,423.76501,391.30542,430.65483,423.97684,452.7392,440.91957,531.04118,557.54844,579.39958,603.19959,527.22318,572.17303,592.21979,475.73504,534.71324,632.71626,690.12368,632.68533,608.19031,592.85392,602.92931,573.96312,662.67149,923.13572,1143.6771,1676.47151,1013.48396,1702.5859,3604.31407,1146.08805,2022.18417,1276.55753,1802.16292,1408.14902,1534.364583,1498.87845,1536.237437,1569.858503,#N/A,#N/A,#N/A,#N/A,#N/A,#N/A,#N/A,#N/A
Bolivia,#N/A,#N/A,#N/A,#N/A,#N/A,#N/A,#N/A,#N/A,#N/A,#N/A,172962.285,122460.075,149851.06,125556.13,134838.337,152794.21,177016.054,137558.428,166709.438,175554.189,186438.282,169439.802,178438.797,183028.392,144623.629,153112.188,161269.112,195881.638,165829.904,168428.209,192645.695,183161.879,194819.313,213989.647,156530.706,170371.969,176121.301,179070.817,136014.868,225873.916,91400.932,62224.11,110701.193,124597.495,252571.289,309458.392,164214.818,227561.899,120003.253,76425.96635,102900.5156,620981.9555,621726.7268,#N/A,#N/A,#N/A,#N/A,#N/A,#N/A,#N/A,#N/A
Brazil,#N/A,#N/A,#N/A,#N/A,#N/A,#N/A,#N/A,#N/A,#N/A,#N/A,1260982.146,968552.518,1138194.337,1022867.644,1098489.802,1214606.743,1384864.346,1173040.901,1343364.23,1415028.578,1499555.516,1392080.679,1445809.236,1458951.572,1260054.274,1322535.347,1405162.361,1612857.168,1454114.831,1476408.951,1606209.334,1569962.22,1649183.804,1772640.53,1455453.224,1574445.629,1613760.437,1647413.793,2263725.63,1595863.26,1222630.43,1277451.88,1591827.05,1624554.7,1967427.39,2386439.68,1621079.23,2703498.56,1532859.83,1211969.408,2902242.618,2953040.519,2989417.957,#N/A,#N/A,#N/A,#N/A,#N/A,#N/A,#N/A,#N/A
Brunei,#N/A,#N/A,#N/A,#N/A,#N/A,#N/A,#N/A,#N/A,#N/A,#N/A,11477.21,8060.8666,10230.9632,14587.9845,10317.11822,10589.58131,11459.7232,14879.1,16818.1326,15031.5298,17658.724,15004.8609,15241.3761,23985.8086,15831.9244,14145.2734,15790.7242,19434.7101,16488.2324,13122.7976,18366.774,17604.6499,23079.6397,20217.9684,19028.9318,21264.6758,18153.2029,18632.4017,17789.184,9479.8213,9649.3964,9865.1434,9840.8143,10762.0383,10320.0957,10968.956,13195.2164,12998.2302,13738.0621,13549.7997,14123.59808,14494.49152,14828.96701,#N/A,#N/A,#N/A,#N/A,#N/A,#N/A,#N/A,#N/A
Bhutan,#N/A,#N/A,#N/A,#N/A,#N/A,#N/A,#N/A,#N/A,#N/A,#N/A,862.6929,876.68893,891.39184,909.18529,925.13557,930.87207,944.80131,963.67593,993.85338,1014.10731,1035.44918,1085.73059,1095.16737,1118.89566,1140.42559,1186.99252,1201.44464,1227.16006,1188.17061,1196.06308,1280.14329,1276.91591,1594.97773,1592.25522,1614.67015,1647.8881,1663.93339,1597.10382,1943.08632,3857.5667,2309.76196,1613.47346,1707.60039,1467.57296,1623.24209,1617.86441,1966.3538,2326.55307,1908.28623,2190.920684,3220.40038,3259.60739,3296.963725,#N/A,#N/A,#N/A,#N/A,#N/A,#N/A,#N/A,#N/A
Botswana,#N/A,#N/A,#N/A,#N/A,#N/A,#N/A,#N/A,#N/A,#N/A,#N/A,11350.009,6558.9852,7520.674,8166.58,7575.346,9262.958,9115.417,10569.054,10727.385,13212.831,11120.348,10015.842,10909.352,10579.333,8407.185,8474.288,8315.2426,10784.547,8752.6552,10055.783,13373.085,10963.44,15494.416,9194.838,11082.387,12152.995,10207.063,10100.556,34293.8671,34724.2123,39682.4972,54348.93,51450.302,17482.9867,23886.7099,24188.461,43484.6626,26082.8828,73051.1312,22941.96585,81652.2556,81891.03615,82110.27676,#N/A,#N/A,#N/A,#N/A,#N/A,#N/A,#N/A,#N/A
Central African Republic,#N/A,#N/A,#N/A,#N/A,#N/A,#N/A,#N/A,#N/A,#N/A,#N/A,106092.4177,101998.9987,100023.8787,111111.4537,78705.81733,87138.51,91112.86367,113196.3853,89754.35633,101345.855,134472.36,104548.437,126822.043,114469.598,112551.963,97708.76933,99794.40133,106274.4333,95503.713,108384.5467,146226.244,106093.7413,130433.5077,117616.7453,116019.753,133886.529,129536.6727,132321.7037,548910.534,437192.124,499622.058,453849.629,350970.59,532900.056,345419.435,455529.683,595439.934,695449.724,603473.098,428273.6122,511442.6893,513289.5157,515134.0786,#N/A,#N/A,#N/A,#N/A,#N/A,#N/A,#N/A,#N/A
Canada,#N/A,#N/A,#N/A,#N/A,#N/A,#N/A,#N/A,#N/A,#N/A,#N/A,494973.635,512428.63,497317.478,520459.86,538398.95,529890.87,580939.23,574647.58,550135.81,656571.07,711937.51,699416.91,576432.38,573187.34,569374.51,576740.45,565869.57,571107.67,623176.96,794055.04,608685,626149.44,618673.62,655593.66,807222.82,836025.63,698763.38,690068.75,1129087.11,821594.26,760643,718534.46,908686.15,951373.04,1040136.77,849798.74,894922.55,892066.85,908926,749863.654,764137.6753,1033481.982,1027063.855,#N/A,#N/A,#N/A,#N/A,#N/A,#N/A,#N/A,#N/A
Switzerland,#N/A,#N/A,#N/A,#N/A,#N/A,#N/A,#N/A,#N/A,#N/A,#N/A,50087.6589,51338.6844,52042.7768,56667.5255,51878.5821,49342.8597,50861.3764,52261.4588,53696.4272,52079.6124,53170.9162,51483.25,47999.6173,53370.3373,52082.9186,55914.366,55585.7148,55772.5411,54226.7025,54933.6688,56393.8008,57853.8406,57505.9329,54867.4426,54836.8411,54577.6491,54921.8398,53612.5122,54369.6797,54250.6206,53063.2151,54075.3746,52997.4193,54552.7522,55222.5605,55882.8478,55762.0053,54112.486,56634.8927,55245.97387,57154.18273,53066.86686,54108.09751,#N/A,#N/A,#N/A,#N/A,#N/A,#N/A,#N/A,#N/A
Chile,#N/A,#N/A,#N/A,#N/A,#N/A,#N/A,#N/A,#N/A,#N/A,#N/A,42181.676,43511.1332,45390.5725,44869.8527,43829.491,41649.4352,42287.4344,40600.3847,41668.4269,43598.9012,43958.754,41831.344,38088.991,38576.452,39610.935,38220.587,39116.143,39830.08,45207.917,51167.024,54730.277,52935.482,55414.762,58446.329,62276.668,66432.85,73626.892,82392.688,91627.892,97091.054,90384.583,90862.192,91214.148,94236.304,99878.505,101594.281,101965.01,113127.232,111021.043,110404.5319,114284.9966,117661.6806,120687.8924,#N/A,#N/A,#N/A,#N/A,#N/A,#N/A,#N/A,#N/A
China,#N/A,#N/A,#N/A,#N/A,#N/A,#N/A,#N/A,#N/A,#N/A,#N/A,1873971.675,1914331.77,1999689.065,2057487.38,2073854.51,2264422.92,2327790.4,2516150.877,2726399.89,2773803.817,2757430.09,2724309.237,2815057.937,2950585.591,3135783.747,3142896.374,3282780.787,3349248.613,3680670.847,3800686.21,3892675.16,4035212.607,4172493.295,4398290.82,4613489.247,5042349.12,5181880.514,5113706.854,5141402.7,5079293.7,5082325.6,5145521.55,5474914.9,6226962.5,7116642.4,7803535.6,8573395.4,9124046.5,10022024.8,10617264.9,11183810.6,12064260,12454710.61,#N/A,#N/A,#N/A,#N/A,#N/A,#N/A,#N/A,#N/A
Ivory Coast,#N/A,#N/A,#N/A,#N/A,#N/A,#N/A,#N/A,#N/A,#N/A,#N/A,116579.635,113930.493,113044.535,121633.436,98016.641,104296.166,107172.446,123842.192,107625.375,116000.271,140755.45,118980.868,135869.464,127803.288,126730.433,115934.477,117303.92,122020.053,114145.53,123195.45,152200.604,123933.505,142539.491,133509.605,133399.834,147447.844,145020.625,148926.935,24962.96,24317.164,29442.742,28584.192,28670.943,22407.145,22931.735,26282.736,27248.765,27859.552,29682.239,30685.23427,32525.25335,33027.48272,33502.16024,#N/A,#N/A,#N/A,#N/A,#N/A,#N/A,#N/A,#N/A
Cameroon,#N/A,#N/A,#N/A,#N/A,#N/A,#N/A,#N/A,#N/A,#N/A,#N/A,65737.639,64421.969,63454.455,68260.647,54887.491,58835.289,60473.611,70715.409,61313.867,66568.234,81570.637,69936.034,79285.905,81502.709,82208.994,75827.771,80286.414,81679.038,70500.779,80396.615,97554.79,80901.324,91207.085,86690.476,83214.571,90767.146,89198.538,90784.241,157727.289,134749.251,163101.039,118945.3,128242.366,167009.843,97585.679,160728,123887.438,120331.649,120917.192,116739.1919,99823.2841,100386.546,100922.1362,#N/A,#N/A,#N/A,#N/A,#N/A,#N/A,#N/A,#N/A
Democratic Republic of the Congo,#N/A,#N/A,#N/A,#N/A,#N/A,#N/A,#N/A,#N/A,#N/A,#N/A,1550424.37,899793.29,958870.9,1021542.44,892820.42,1049438.38,927528.11,1066348.99,1124723.38,1481813.48,1234690.64,1079908.06,1219832.09,1226108.87,959898.96,970912.17,899601.98,1239851.88,880361.56,983441.91,1376921.73,1148406.95,1824184.38,1049951.77,1219214.38,1232299.89,1050676.58,998227.15,1014212.24,824119.4,861822.71,678319.48,763919.42,748084.2,816309.43,794528.22,922488.68,895387.99,754085.86,731884.6268,799228.6731,800756.9416,802271.3028,#N/A,#N/A,#N/A,#N/A,#N/A,#N/A,#N/A,#N/A
Republic of the Congo,#N/A,#N/A,#N/A,#N/A,#N/A,#N/A,#N/A,#N/A,#N/A,#N/A,68611.831,42385.55,44840.5315,48644.878,44108.9222,49672.941,44830.1969,49550.396,51855.704,66346.572,56481.666,50348.702,56274.574,56603.484,45847.7933,46417.0931,43517.8719,57483.729,43092.3561,47483.918,63552.8404,54144.48936,81648.22119,50189.7587,56841.9658,57957.634,51566.388,49792.182,32353.097,27868.5794,28435.401,35332.078,24853.8734,34876.586,34296.33,38914.474,37981.7162,34160.312,31049.211,34611.28055,35247.16491,35504.45578,35743.91852,#N/A,#N/A,#N/A,#N/A,#N/A,#N/A,#N/A,#N/A
Colombia,#N/A,#N/A,#N/A,#N/A,#N/A,#N/A,#N/A,#N/A,#N/A,#N/A,128348.959,113238.1722,123945.1605,117834.3547,123319.157,134068.4672,145348.0034,134615.5297,146361.1599,149630.7182,154044.328,149819.559,154633.693,156689.796,144173.86,148630.368,153462.512,166324.967,160351.609,161638.566,174396.943,172087.4622,178473.7778,188778.681,170315.8152,179102.1058,183442.777,188061.8842,165331.704,149560.767,164520.425,153808.679,148233.516,162980.741,174608.711,150617.798,151546.735,177034.101,167450.086,171912.029,166695.8669,170199.579,173411.7679,#N/A,#N/A,#N/A,#N/A,#N/A,#N/A,#N/A,#N/A
Costa Rica,#N/A,#N/A,#N/A,#N/A,#N/A,#N/A,#N/A,#N/A,#N/A,#N/A,5198.3474,5259.1809,5580.3181,6195.3052,6211.1368,6490.8211,6584.7792,7321.252,7692.1463,7907.6855,7667.4913,7701.5696,7456.0107,7604.0285,7852.4839,7763.4489,7863.5363,7891.3351,8134.208,8421.8578,8593.78662,8911.0919,10124.4642,10053.9053,10457.2953,10054.8498,9907.2872,9924.6088,10575.3377,10338.5536,9851.2703,10917.3384,9998.1717,10415.8412,10571.6665,10095.2385,10715.1246,11298.0278,10806.5413,11067.7508,11684.5675,11994.68752,12274.13409,#N/A,#N/A,#N/A,#N/A,#N/A,#N/A,#N/A,#N/A
Cuba,#N/A,#N/A,#N/A,#N/A,#N/A,#N/A,#N/A,#N/A,#N/A,#N/A,42413.992,40754.466,41208.044,46313.542,47918.411,49933.41,51086.207,51145.939,52382.905,56403.424,56022.784,57498.086,59314.803,55892.989,59159.469,59888.03,61131.159,60995.873,63306.072,65695.28,57043.9724,50969.229,46322.717,43694.766,45487.643,46584.977,48578.107,49638.525,46514.684,45832.242,46257.54,44507.955,48831.036,48493.237,48579.217,45763.451,45505.476,44012.986,48557.436,50545.3965,49782.5314,51170.74785,52418.45565,#N/A,#N/A,#N/A,#N/A,#N/A,#N/A,#N/A,#N/A
Northern Cyprus,#N/A,#N/A,#N/A,#N/A,#N/A,#N/A,#N/A,#N/A,#N/A,#N/A,#N/A,#N/A,#N/A,#N/A,#N/A,#N/A,#N/A,#N/A,#N/A,#N/A,#N/A,#N/A,#N/A,#N/A,#N/A,#N/A,#N/A,#N/A,#N/A,#N/A,#N/A,#N/A,#N/A,#N/A,#N/A,#N/A,#N/A,#N/A,#N/A,#N/A,#N/A,#N/A,#N/A,#N/A,#N/A,#N/A,#N/A,#N/A,#N/A,#N/A,#N/A,#N/A,#N/A,#N/A,#N/A,#N/A,#N/A,#N/A,#N/A,#N/A,#N/A
Cyprus,#N/A,#N/A,#N/A,#N/A,#N/A,#N/A,#N/A,#N/A,#N/A,#N/A,2760.50659,2789.77946,3306.43696,3448.3032,2681.52401,2638.63246,3108.57809,3261.43399,3396.86829,3598.33178,3785.87352,3663.43224,3731.46028,3742.98275,3809.49007,3773.2853,4145.19047,4177.05377,4828.40647,5077.29034,5130.35771,5706.58558,6071.51999,6262.59944,6692.74486,6594.24968,6931.64803,7004.32781,7355.14022,7572.95488,7952.74819,7790.87447,8040.81118,8896.65236,8725.29901,8911.6747,8761.86464,9077.2757,9165.95482,#N/A,#N/A,7652.330916,7431.193453,#N/A,#N/A,#N/A,#N/A,#N/A,#N/A,#N/A,#N/A
Czech Republic,#N/A,#N/A,#N/A,#N/A,#N/A,#N/A,#N/A,#N/A,#N/A,#N/A,212540.429,212880.7745,213022.453,211492.3114,195493.3009,202860.801,208258.057,219671.671,217160.259,227303.899,219692.171,220358.31,221727.7,222476.41,224764.393,221929.887,220236.938,220012.773,215838.887,207518.606,196206.7838,178391.636,167251.292,158445.711,151011.564,150508.561,154942.057,149454.444,146940.015,142384.428,162021.192,157672.1678,152372.4188,157836.1244,152079.8893,147551.436,147768.299,149838.9549,144072.577,137877.2896,145706.917,144613.2474,138957.4247,#N/A,#N/A,#N/A,#N/A,#N/A,#N/A,#N/A,#N/A
Germany,#N/A,#N/A,#N/A,#N/A,#N/A,#N/A,#N/A,#N/A,#N/A,#N/A,1286569.85,1283784.3,1300781.18,1364682.32,1336033.72,1273609.66,1336497.06,1315704.67,1357268.4,1411701.43,1354782.98,1317791.85,1267150.22,1268455.75,1291691.56,1301253.1,1302264.97,1306982.38,1294253.92,1278982.32,1256074.03,1219016.83,1158796.5,1147631.32,1135937.69,1131718.77,1153137.92,1122917.37,1060398.257,1020391.257,1016295.545,1025983.5,1007404.927,1017485.978,1016628.79,981287.6843,994686.0458,972896.2254,992116.3026,950463.4086,948006.7542,929540.2634,951716.7111,#N/A,#N/A,#N/A,#N/A,#N/A,#N/A,#N/A,#N/A
Djibouti,#N/A,#N/A,#N/A,#N/A,#N/A,#N/A,#N/A,#N/A,#N/A,#N/A,1048.39544,1059.44513,1102.16357,1129.88391,1225.7925,1251.05464,1309.72865,1312.93916,1349.99441,1757.56777,1772.12634,1455.18429,1205.14498,1092.25036,985.19869,1028.59015,1042.94993,1076.63659,1233.94227,1878.46375,1821.59311,1920.30307,1767.07926,1790.1536,1825.03911,1914.42352,1915.84389,2018.25084,1994.58619,1971.93556,1969.1694,2273.90434,2019.00941,2094.82443,2115.89772,2160.03724,2149.82654,2432.43131,2518.567,2523.215487,2629.832574,2701.622507,2766.303815,#N/A,#N/A,#N/A,#N/A,#N/A,#N/A,#N/A,#N/A
Denmark,#N/A,#N/A,#N/A,#N/A,#N/A,#N/A,#N/A,#N/A,#N/A,#N/A,78803.65,74949.3262,76756.8885,76625.5667,71615.379,73348.6972,77771.4084,81429.0777,81491.5049,84769.0332,85588.385,73218.923,76205.957,74360.875,73405.527,81256.138,82445.446,82067.291,76420.928,71996.554,72484.035,83046.294,76784.979,79296.696,82945.802,79490.347,92887.163,83193.33,76245.003,72949.81298,68553.546,70080.083,69387.745,75002.52631,68854.75541,64816.68547,72755.336,67993.19979,65167.02911,63012.01565,63679.08978,58416.04474,53703.22393,#N/A,#N/A,#N/A,#N/A,#N/A,#N/A,#N/A,#N/A
Dominican Republic,#N/A,#N/A,#N/A,#N/A,#N/A,#N/A,#N/A,#N/A,#N/A,#N/A,8865.8224,9420.4392,10802.2929,10851.2082,11816.9527,12412.0042,12864.1919,13474.0241,13385.7808,14246.4533,14322.2125,13619.1324,14125.3616,15304.7722,15829.7577,14820.7807,15700.0879,16036.5736,17140.9963,18031.1271,17001.1508,17837.37014,19815.45404,19630.34268,21226.56948,22043.95752,23333.57392,25012.87426,26833.045,27056.2282,28492.2016,28416.2369,29253.3232,28367.1271,28493.9958,29247.7907,29635.7214,30393.1473,30646.076,30499.84694,31668.70772,32578.15858,33395.08443,#N/A,#N/A,#N/A,#N/A,#N/A,#N/A,#N/A,#N/A
Algeria,#N/A,#N/A,#N/A,#N/A,#N/A,#N/A,#N/A,#N/A,#N/A,#N/A,34603.8245,38924.7223,53749.0748,67626.6106,59317.0879,55999.4944,68739.1219,74887.917,81970.0189,84371.381,83331.195,79915.671,83128.898,89059.226,92775.912,104029.822,107927.846,106730.105,107912.716,110026.679,106445.8175,111649.003,121636.28,122490.489,118601.888,123799.179,123728.789,123971.393,126561.246,132794.415,133778.197,129334.834,131222.654,139592.331,139846.684,146241.499,151655.372,157333.425,160415.277,160849.9266,167674.633,172303.5092,176471.2268,#N/A,#N/A,#N/A,#N/A,#N/A,#N/A,#N/A,#N/A
Ecuador,#N/A,#N/A,#N/A,#N/A,#N/A,#N/A,#N/A,#N/A,#N/A,#N/A,13651.5739,12552.5025,13151.5483,14205.3605,15880.1861,16944.7733,18558.7328,19756.3034,20950.1594,22337.0345,23548.427,25095.7716,25608.8504,24799.7518,26119.651,27254.1464,28409.6361,28130.0391,29861.918,29978.649,30859.4911,32029.751,33098.36,33609.924,36622.328,38984.728,41250.815,41388.371,40663.024,37373.914,39805.121,41166.86,42616.27,44122.401,45931.824,47049.334,48495.587,49801.889,47603.308,49448.32801,50320.69803,51593.66338,52746.57269,#N/A,#N/A,#N/A,#N/A,#N/A,#N/A,#N/A,#N/A
Egypt,#N/A,#N/A,#N/A,#N/A,#N/A,#N/A,#N/A,#N/A,#N/A,#N/A,56857.501,56632.349,59141.651,56631.857,61890.489,64845.898,70997.765,72555.628,73771.799,76851.14,84807.931,93496.614,99916.234,105939.221,111771.209,115518.901,120335.975,121942.217,129322.641,135711.255,139101.6501,141847.456,148268.623,150970.47,146652.195,155524.883,159241.031,165320.704,170721.566,177970.045,184459.7407,187292.4462,202779.0124,211890.8016,223361.4238,243789.5327,256320.5954,266252.2745,269736.626,266325.4299,280255.5766,288287.828,295499.7454,#N/A,#N/A,#N/A,#N/A,#N/A,#N/A,#N/A,#N/A
Eritrea,#N/A,#N/A,#N/A,#N/A,#N/A,#N/A,#N/A,#N/A,#N/A,#N/A,2915.0338,2934.123,2871.7766,2919.6667,2868.3485,2805.2327,2809.2898,2856.1121,2872.3434,2916.0853,2974.4804,2972.4192,2972.7117,3041.2568,2949.3716,3016.3538,3160.371,3097.8786,3131.5131,3255.0843,3335.2411,3334.6589,3688.5283,3457.7812,3603.5561,3751.3187,4186.3125,4543.0152,4670.6717,4939.413,4981.2584,4725.5075,4456.5509,4481.7148,4532.7421,4476.2926,4483.4227,4868.8631,4954.7574,4751.093152,4844.785693,4912.880173,4977.888033,#N/A,#N/A,#N/A,#N/A,#N/A,#N/A,#N/A,#N/A
Spain,#N/A,#N/A,#N/A,#N/A,#N/A,#N/A,#N/A,#N/A,#N/A,#N/A,173364.362,183755.76,197677.109,211641.504,225300.035,230871.757,249915.399,242955.113,243130.689,256038.744,269540.186,274923.577,268301.774,272032.249,262132.712,255905.052,261037.137,259342.83,268265.705,288737.888,293343.061,300579.879,308497.849,293901.601,306314.424,319459.334,309786.213,329912.391,343785.337,363569.604,381031.15,377629.971,397417.357,407869.657,421107.428,437016.741,430218.332,439904.168,404869.429,372822.5154,354618.0226,353857.3861,348257.2922,#N/A,#N/A,#N/A,#N/A,#N/A,#N/A,#N/A,#N/A
Estonia,#N/A,#N/A,#N/A,#N/A,#N/A,#N/A,#N/A,#N/A,#N/A,#N/A,64921.3432,65084.3648,66959.8239,68227.4648,69064.0488,70829.7248,69841.0407,71036.2928,70286.3214,70792.3712,70666.1103,70863.4169,70756.1858,69709.1091,68788.0311,68662.1093,69465.6839,69382.1037,69888.796,68716.2918,55787.31741,51527.4219,41259.5838,34874.9733,34255.4135,31933.334,32604.2831,32114.2147,19347.233,18098.9796,17768.8082,17940.1633,22955.3596,19449.73738,20024.42742,20053.5829,19628.3862,23503.7062,21871.9123,18815.60914,22767.1259,24378.84606,23292.77921,#N/A,#N/A,#N/A,#N/A,#N/A,#N/A,#N/A,#N/A
Ethiopia,#N/A,#N/A,#N/A,#N/A,#N/A,#N/A,#N/A,#N/A,#N/A,#N/A,54446.07,54376.102,53622.463,55350.484,51260.337,50931.592,51242.885,54505.545,52141.327,54010.331,58090.723,54772.993,57626.868,57482.025,55886.913,56113.395,59176.544,57709.267,57246.245,61350.887,67300.58055,63661.39064,68922.40705,65357.9845,65880.9686,69202.104,71509.731,73810.378,190909.59,217793.994,183617.668,144657.84,186749.543,171731.661,175248.634,200010.181,175184.51,189006.75,175266.23,182032.5841,182771.1979,184045.8761,185292.1681,#N/A,#N/A,#N/A,#N/A,#N/A,#N/A,#N/A,#N/A
Finland,#N/A,#N/A,#N/A,#N/A,#N/A,#N/A,#N/A,#N/A,#N/A,#N/A,58988.57,58500.5289,62873.61655,67698.9441,64265.455,64026.7865,69904.91515,69674.7709,75196.47754,75507.48554,76384.82189,66642.99221,64738.79341,63672.65579,64221.98242,68584.54169,68781.45654,68787.44054,72039.80852,72671.06844,75555.06141,75468.13313,71840.83651,73474.77034,80759.09578,77426.35974,83954.85492,82093.03433,77932.968,76491.326,75117.479,80288.01944,83951.8501,95013.026,88571.158,76199.7899,88152.9764,85742.2331,78384.73416,74993.88634,84371.53873,76124.62559,69072.93872,#N/A,#N/A,#N/A,#N/A,#N/A,#N/A,#N/A,#N/A
Fiji,#N/A,#N/A,#N/A,#N/A,#N/A,#N/A,#N/A,#N/A,#N/A,#N/A,1144.09413,1157.89338,1165.2772,1228.97133,1376.48279,1327.95922,1309.14888,1456.96255,1461.90432,1627.80991,2072.84375,1929.5288,1943.8613,1917.84897,1619.3788,1807.24064,1857.3411,1853.8447,1985.6214,2189.0437,2328.8648,2172.7677,2001.1226,2100.3313,2084.0727,2182.1965,2222.8921,2217.2037,2322.7131,2090.7985,1574.6846,1639.3596,1806.9992,1931.6877,1810.4797,1836.0699,1945.9711,2097.6959,2123.9629,2336.074952,2163.922287,2213.242874,2258.173057,#N/A,#N/A,#N/A,#N/A,#N/A,#N/A,#N/A,#N/A
Falkland Islands,#N/A,#N/A,#N/A,#N/A,#N/A,#N/A,#N/A,#N/A,#N/A,#N/A,#N/A,#N/A,#N/A,#N/A,#N/A,#N/A,#N/A,#N/A,#N/A,#N/A,#N/A,#N/A,#N/A,#N/A,#N/A,#N/A,#N/A,#N/A,#N/A,#N/A,#N/A,#N/A,#N/A,#N/A,#N/A,#N/A,#N/A,#N/A,#N/A,#N/A,#N/A,#N/A,#N/A,#N/A,#N/A,#N/A,#N/A,#N/A,#N/A,#N/A,#N/A,#N/A,#N/A,#N/A,#N/A,#N/A,#N/A,#N/A,#N/A,#N/A,#N/A
France,#N/A,#N/A,#N/A,#N/A,#N/A,#N/A,#N/A,#N/A,#N/A,#N/A,614501.57,629907.505,650356.94,691091.495,674903,634882.235,679365.4,667440.965,687571.95,697434.69,675156.85,621534.31,597074.4,584373.15,575218.36,561940.72,549474.89,547516.39,533912.04,547917.63,554685.28,580971.95,564014.19,541094.38,538140.6,543013.14,572529.08,565220.99,577851.541,563699.027,559922.199,565204.3298,557850.1275,564607.176,560648.8432,557130.1263,547361.3761,540947.1359,544424.0617,527525.7765,532133.0404,502656.655,499146.6345,#N/A,#N/A,#N/A,#N/A,#N/A,#N/A,#N/A,#N/A
French Guiana,#N/A,#N/A,#N/A,#N/A,#N/A,#N/A,#N/A,#N/A,#N/A,#N/A,#N/A,#N/A,#N/A,#N/A,#N/A,#N/A,#N/A,#N/A,#N/A,#N/A,#N/A,#N/A,#N/A,#N/A,#N/A,#N/A,#N/A,#N/A,#N/A,#N/A,#N/A,#N/A,#N/A,#N/A,#N/A,#N/A,#N/A,#N/A,#N/A,#N/A,#N/A,#N/A,#N/A,#N/A,#N/A,#N/A,#N/A,#N/A,#N/A,#N/A,#N/A,#N/A,#N/A,#N/A,#N/A,#N/A,#N/A,#N/A,#N/A,#N/A,#N/A
Gabon,#N/A,#N/A,#N/A,#N/A,#N/A,#N/A,#N/A,#N/A,#N/A,#N/A,6244.1816,4699.55166,5009.83272,8158.57533,7982.39007,9635.51026,10058.58951,10487.49776,11269.54939,12333.09497,11250.5051,11074.70981,11533.7268,11023.74193,11166.77568,12286.40134,9859.38475,10316.5665,9294.46917,10919.78011,12276.85768,11480.43134,14096.5123,11793.39091,12266.2763,13230.3662,13569.32261,12977.42718,38130.0347,35739.9532,32923.10176,13751.4016,12656.0146,14728.7863,15137.5402,14185.9193,13966.24445,13080.5403,61809.4079,14325.64265,34053.55242,34324.76231,34570.62658,#N/A,#N/A,#N/A,#N/A,#N/A,#N/A,#N/A,#N/A
United Kingdom,#N/A,#N/A,#N/A,#N/A,#N/A,#N/A,#N/A,#N/A,#N/A,#N/A,839587.41,837410.77,822151.68,863336.04,823515.68,809418.44,824663.31,833515.83,830538.8,876952.44,806582.53,789385.06,772803.8,763225.32,730850.52,766610.11,786061.18,785723.22,787867.03,775919.13,777244.23,782637.35,761019.6,733575.46,728677.75,728336.09,744362.82,716185.48,705167.71,680102.478,673897.408,683080.0911,661572.36,670993.347,662917.5991,659108.0918,658331.2438,646412.1481,635417.1726,584940.8797,609586.561,568061.8289,585779.7833,#N/A,#N/A,#N/A,#N/A,#N/A,#N/A,#N/A,#N/A
Georgia,#N/A,#N/A,#N/A,#N/A,#N/A,#N/A,#N/A,#N/A,#N/A,#N/A,49641.595,49655.615,52152.699,54661.047,57002.976,52994.038,52281.977,51638.154,51226.87,51216.748,51361.645,51528.678,50752.148,49271.241,48789.043,47876.477,46727.993,46829.499,47706.739,46751.864,38220.5924,31422.526,27307.6154,23015.2493,16492.9776,13616.2717,12931.4294,12076.9571,11244.96563,10982.3658,11554.30561,9788.1363,20647.4741,9653.4444,10168.475,11190.1678,11840.2366,12884.9934,12282.1374,13250.12002,13108.62377,14665.8003,14627.74929,#N/A,#N/A,#N/A,#N/A,#N/A,#N/A,#N/A,#N/A
Ghana,#N/A,#N/A,#N/A,#N/A,#N/A,#N/A,#N/A,#N/A,#N/A,#N/A,21483.251,21120.576,21298.028,22733.063,19453.7264,20607.197,21131.288,24023.142,21038.526,22211.9,26282.724,23534.1,25777.835,22856.469,23253.661,22039.287,22821.097,23951.26,23003.631,25116.851,29495.58297,24852.77602,28645.7817,27635.0507,27994.319,30510.819,30600.449,31402.41,130472.489,94526.399,107699.825,104386.21,92865.732,108030.308,71082.313,113159.707,104044.725,107333.767,124072.65,104912.6355,106432.6926,107126.2155,107784.2944,#N/A,#N/A,#N/A,#N/A,#N/A,#N/A,#N/A,#N/A
Guinea,#N/A,#N/A,#N/A,#N/A,#N/A,#N/A,#N/A,#N/A,#N/A,#N/A,49112.868,48043.582,47612.429,51465.736,41686.134,44290.516,45401.131,52358.442,45070.917,48812.42,59798.244,50814.584,57824.599,54271.776,53980.839,49208.108,49321.318,51419.15,48399.699,52367.111,65170.672,52861.472,60026.43,56361.519,56326.349,62537.279,61747.238,62164.736,116336.8,89859.983,84360.143,80294.726,102233.507,75067.41,76276.002,81922.61,101496.413,91126.982,135227.869,160212.122,100274.0399,100814.3921,101348.9883,#N/A,#N/A,#N/A,#N/A,#N/A,#N/A,#N/A,#N/A
Gambia,#N/A,#N/A,#N/A,#N/A,#N/A,#N/A,#N/A,#N/A,#N/A,#N/A,806.07587,817.53221,815.63125,838.2016,799.06408,837.41974,863.64823,932.39336,903.46225,929.08408,1043.19143,993.12933,1053.11598,993.28075,981.26591,993.34267,1026.49837,1053.0616,1099.01907,1126.82249,1189.5885,1142.19488,1179.6009,1164.03682,1195.51436,1244.1703,1240.7395,1251.1653,2088.6459,2714.8476,2864.9869,3730.6084,3407.835,2438.47282,3115.4536,3001.6,3751.6136,4029.4209,3350.4432,3012.976659,3481.573204,3505.924459,3529.23153,#N/A,#N/A,#N/A,#N/A,#N/A,#N/A,#N/A,#N/A
Guinea Bissau,#N/A,#N/A,#N/A,#N/A,#N/A,#N/A,#N/A,#N/A,#N/A,#N/A,915.5468,908.9924,921.956,985.576,942.80109,1089.3875,1181.1347,1232.4187,1079.6068,1143.2457,1278.3216,1296.4635,1573.5144,1448.3573,1396.0799,1210.1263,1198.1789,1229.3936,1322.1188,1426.6742,1628.8117,1495.2571,1592.9894,1580.6816,1598.6278,1701.0715,1693.0587,1709.1528,6512.3608,8396.1748,6791.4424,7464.8707,5926.6406,10897.1552,7123.6567,5582.0385,10458.9408,6842.4988,5808.0868,5046.757568,7536.357813,7571.176845,7604.734497,#N/A,#N/A,#N/A,#N/A,#N/A,#N/A,#N/A,#N/A
Equatorial Guinea,#N/A,#N/A,#N/A,#N/A,#N/A,#N/A,#N/A,#N/A,#N/A,#N/A,120.086456,121.622938,123.939822,128.144789,131.225921,135.176114,138.388315,144.878031,146.641581,156.55022,158.31283,156.859067,173.093577,178.145716,180.290524,191.802574,198.72359,201.099334,205.716017,240.831776,243.380047,656.363545,1057.039888,1476.239755,1878.04334,1991.990874,2146.816459,2937.211666,3524.99869,3782.63913,4048.32908,5277.99739,#N/A,#N/A,5553.97954,5675.88963,5693.14183,5927.13969,5766.37061,5840.522218,6099.113908,#N/A,6374.171054,#N/A,#N/A,#N/A,#N/A,#N/A,#N/A,#N/A,#N/A
Greece,#N/A,#N/A,#N/A,#N/A,#N/A,#N/A,#N/A,#N/A,#N/A,#N/A,38651.134,43150.9068,50556.2472,54226.5397,54286.2437,56236.2834,61469.8539,63822.7467,66914.5064,70212.0899,70435.3453,69870.2276,71480.3741,75319.7872,77161.4211,80628.9231,79900.3365,79379.3968,90115.8016,94856.8211,96659.0445,95667.0694,96932.2341,96322.2887,97432.0727,99302.9466,102354.4439,106166.9433,113865.027,109857.752,115225.458,114019.901,115164.4186,118731.242,118117.942,120036.209,117313.2946,127392.258,117310.663,113365.7988,107505.9791,105013.9336,100571.1707,#N/A,#N/A,#N/A,#N/A,#N/A,#N/A,#N/A,#N/A
Greenland,#N/A,#N/A,#N/A,#N/A,#N/A,#N/A,#N/A,#N/A,#N/A,#N/A,#N/A,#N/A,#N/A,#N/A,#N/A,#N/A,#N/A,#N/A,#N/A,#N/A,#N/A,#N/A,#N/A,#N/A,#N/A,#N/A,#N/A,#N/A,#N/A,#N/A,#N/A,#N/A,#N/A,#N/A,#N/A,#N/A,#N/A,#N/A,#N/A,#N/A,#N/A,#N/A,#N/A,#N/A,#N/A,#N/A,#N/A,#N/A,#N/A,#N/A,#N/A,#N/A,#N/A,#N/A,#N/A,#N/A,#N/A,#N/A,#N/A,#N/A,#N/A
Guatemala,#N/A,#N/A,#N/A,#N/A,#N/A,#N/A,#N/A,#N/A,#N/A,#N/A,8503.6409,9090.5758,9696.0899,9950.3306,10379.2405,10856.1961,10175.4074,11446.5081,12080.1064,14210.7581,13835.0275,12517.8603,14509.1781,12528.6611,13405.632,13736.9985,13913.1103,14421.318,15033.4155,14620.0153,14907.3608,16838.0136,16635.2634,18470.0739,18478.472,19535.9363,19900.9513,19295.8504,87558.712,23117.744,70005.686,21772.123,31424.57,55215.322,24367.657,41739.125,27001.199,34084.597,32857.908,37118.66433,30327.54698,30950.25374,31515.45018,#N/A,#N/A,#N/A,#N/A,#N/A,#N/A,#N/A,#N/A
Guyana,#N/A,#N/A,#N/A,#N/A,#N/A,#N/A,#N/A,#N/A,#N/A,#N/A,13431.8966,10682.1091,12405.8537,11423.3765,12151.6933,13813.4631,14699.7626,13126.5388,14632.3783,14790.0316,15663.8534,16290.1316,16482.0828,16857.6597,15361.5372,15101.1673,15612.526,17613.7839,15605.2843,15417.4149,16735.4609,16507.5378,17371.6248,18525.3771,15223.2723,16107.0376,16425.0066,16419.2694,12863.528,4579.5937,4405.2298,4876.1489,5086.4668,5790.9817,4964.8907,4917.3336,4648.2197,4939.3293,5112.8356,25763.69319,5937.294211,6042.578494,6140.687252,#N/A,#N/A,#N/A,#N/A,#N/A,#N/A,#N/A,#N/A
Honduras,#N/A,#N/A,#N/A,#N/A,#N/A,#N/A,#N/A,#N/A,#N/A,#N/A,6767.37,7399.3506,7599.6258,7866.8883,8624.2293,8969.4327,8701.2902,9581.8491,9745.7571,11571.4864,10979.457,10112.8012,12742.8396,11906.6188,12876.4963,12722.703,13325.9267,13990.4935,14503.345,13829.8944,13722.119,15438.3365,14386.6432,15373.2698,15631.6424,16822.7579,17186.9874,16118.7635,22838.192,13997.5612,21929.621,12536.9126,14868.5855,22792.4616,15006.2446,23206.9081,16686.6526,19178.5335,19785.857,19877.55577,19663.71562,20084.13622,20467.16299,#N/A,#N/A,#N/A,#N/A,#N/A,#N/A,#N/A,#N/A
Croatia,#N/A,#N/A,#N/A,#N/A,#N/A,#N/A,#N/A,#N/A,#N/A,#N/A,25740.655,25722.964,26950.167,28255.897,28323.112,30711.776,29984.501,28843.891,28611.522,30839.504,27177.913,40950.583,39432.775,42472.093,44415.791,46094.194,49135.047,49218.687,43184.992,43802.366,34734.33116,26347.55991,24794.92522,24880.32833,24087.79944,24621.25356,24101.40167,26444.91278,27432.058,27203.214,27312.045,27165.0499,28301.7261,30011.8762,29691.5132,29863.54461,30290.0744,33301.0976,32938.0609,31461.0364,31172.6453,30453.51133,30421.04936,#N/A,#N/A,#N/A,#N/A,#N/A,#N/A,#N/A,#N/A
Haiti,#N/A,#N/A,#N/A,#N/A,#N/A,#N/A,#N/A,#N/A,#N/A,#N/A,4507.6637,4635.4858,4739.7634,4750.9728,4762.0465,4776.8746,5037.0221,5170.0048,5387.2974,5488.5205,5565.3206,5279.598,5462.0889,5605.4109,5687.8374,5691.6067,5331.7617,5285.9931,5440.2986,5422.3852,5356.9867,5536.08328,5786.08946,5629.42613,5181.82321,5951.28549,6270.28747,6632.31434,6749.9525,7000.623,7179.0971,7498.5119,7616.2803,7598.8926,7871.3117,8059.9368,8169.6886,8537.2077,8462.3932,8453.147761,8545.167808,8695.42578,8835.466908,#N/A,#N/A,#N/A,#N/A,#N/A,#N/A,#N/A,#N/A
Hungary,#N/A,#N/A,#N/A,#N/A,#N/A,#N/A,#N/A,#N/A,#N/A,#N/A,87733.157,90705.017,92174.362,98360.83,102087.795,103693.369,108311.853,113323.186,122214.556,121252.383,120487.627,120093.209,119291.03,115400.428,117357.257,115241.434,112806.429,112920.676,108640.726,105948.083,97552.24,90225.968,79814.797,79257.691,78548.093,77421.416,80713.521,78760.592,77888.806,78178.002,75482.05879,75969.172,74621.9861,76989.2295,75935.9504,75543.75689,75140.63523,72331.2477,71578.8505,65812.1371,66250.7743,64385.00405,62988.3998,#N/A,#N/A,#N/A,#N/A,#N/A,#N/A,#N/A,#N/A
Indonesia,#N/A,#N/A,#N/A,#N/A,#N/A,#N/A,#N/A,#N/A,#N/A,#N/A,339677.08,294004.88,733432.92,409241.71,329453.15,329119.33,482736.65,833788.53,502384.1,696521.76,714214.48,637827.33,2488671.33,1105446.85,711331.59,745108.85,1117713.93,1760930.26,813977.91,888790.51,1165113.41,2212869.12,2097491.51,1396509.98,2156232.29,1315570.67,1314060.75,5040841.3,1191187.16,668887.6,622464.65,849945.65,1720445.17,888646.15,1060213.55,1171042.59,2381293.72,772946.22,796581.92,1148285.679,744790.0241,763553.1649,780550.764,#N/A,#N/A,#N/A,#N/A,#N/A,#N/A,#N/A,#N/A
India,#N/A,#N/A,#N/A,#N/A,#N/A,#N/A,#N/A,#N/A,#N/A,#N/A,746498.11,754018.475,767242.36,773571.615,796885.36,827298.045,852598.24,871680.045,875174.32,905452.595,929414.77,979738.35,1011305.49,1059291.57,1117754.1,1140356.79,1199500.61,1202058.62,1305250.63,1365390.78,1387371.82,1443266.28,1486420.6,1521727.9,1581028.22,1651503.01,1708836.97,1761537.39,1768965,1956039,1885189,1875600.85,1917294.66,1976449.15,2090334.85,2117460.59,2232760.11,2382011.76,2438714.28,2594639.917,2771456.756,2828845.829,3002894.928,#N/A,#N/A,#N/A,#N/A,#N/A,#N/A,#N/A,#N/A
Ireland,#N/A,#N/A,#N/A,#N/A,#N/A,#N/A,#N/A,#N/A,#N/A,#N/A,47233.244,50207.9495,50087.418,50501.4748,53311.1718,51752.3778,52172.4386,54543.7096,54749.4886,59352.582,58358.935,57799.276,57699.221,57858.915,58131.826,59638.734,60934.309,60915.351,61748.223,63305.303,65583.192,65980.203,65914.962,66338.242,67790.031,68374.024,70151.949,71594.306,65387.423,66633.5938,68143.29,70153.998,69094.68519,68872.5353,68770.04183,70080.71247,71503.3484,70033.0319,70132.71958,65613.07057,65591.24598,61268.10237,62433.01389,#N/A,#N/A,#N/A,#N/A,#N/A,#N/A,#N/A,#N/A
Iran,#N/A,#N/A,#N/A,#N/A,#N/A,#N/A,#N/A,#N/A,#N/A,#N/A,141820.332,150900.254,167062.928,194611.585,204615.776,202141.476,226348.26,232841.431,224791.651,199911.761,167342.007,163748.83,200503.84,219858.696,211380.013,222482.77,212413.38,213485.583,223541.278,240347.697,283712.886,309948.399,328777.884,328038.417,363853.514,370387.944,385888.414,402922.917,410530.568,425640.487,448089.454,460783.884,483378.505,516232.685,552318.804,576650.654,619914.466,650956.813,#N/A,#N/A,#N/A,#N/A,#N/A,#N/A,#N/A,#N/A,#N/A,#N/A,#N/A,#N/A,#N/A
Iraq,#N/A,#N/A,#N/A,#N/A,#N/A,#N/A,#N/A,#N/A,#N/A,#N/A,51298.7594,57101.4776,56661.6978,61280.4881,63205.9827,67796.1277,79857.7963,74972.443,81021.097,100553.343,91587.97,66669.934,73322.719,72391.637,78746.497,87989.232,93954.166,92806.644,99336.417,106551.332,99866.44,70211.023,79840.903,96576.367,106658.004,107285.105,98175.476,103253.907,106026.108,110878.99,124402.47,132843.676,128686.157,107790.878,125423.582,124611.697,129502.484,130078.493,137871.117,138423.7691,146903.7332,151457.0601,155529.505,#N/A,#N/A,#N/A,#N/A,#N/A,#N/A,#N/A,#N/A
Iceland,#N/A,#N/A,#N/A,#N/A,#N/A,#N/A,#N/A,#N/A,#N/A,#N/A,3109.3799,4121.829,5309.7154,6875.2491,7680.9842,8315.576,9287.5638,10319.6598,11326.2378,12264.0268,12924.0069,13733.0487,14252.2031,15193.9884,16365.9038,17055.4951,17970.845,18913.1086,19956.8502,20918.6128,21761.01853,21712.5972,20807.9459,20893.579,20984.0892,20878.6768,21181.6131,21089.4536,3585.2155,3657.9434,4122.3355,3830.9156,3963.3871,3941.8621,4023.2683,3980.6272,4230.9316,4449.1071,5043.3159,5144.288711,5390.984736,5530.257435,5514.853992,#N/A,#N/A,#N/A,#N/A,#N/A,#N/A,#N/A,#N/A
Israel,#N/A,#N/A,#N/A,#N/A,#N/A,#N/A,#N/A,#N/A,#N/A,#N/A,17255.7912,17423.1433,18338.8844,19569.987,20110.2957,21199.3102,20991.795,21894.5797,23195.8502,23640.5637,23572.128,24505.3025,25737.6764,26634.9113,27698.1996,29481.1308,32012.933,32501.8888,36863.0489,38388.3811,39609.3299,40313.9671,42952.5358,46736.9554,50063.7458,53255.1994,56520.4864,58641.0529,59555.1553,60998.6856,65619.38984,65879.0624,69487.8009,71533.77838,70576.27465,71353.03175,73591.54212,77128.57252,75238.54546,75026.03528,79072.43566,81703.91311,84044.43441,#N/A,#N/A,#N/A,#N/A,#N/A,#N/A,#N/A,#N/A
Italy,#N/A,#N/A,#N/A,#N/A,#N/A,#N/A,#N/A,#N/A,#N/A,#N/A,388249.306,398701.797,416781.6244,442434.685,444569.749,425696.331,454591.3069,446956.652,457629.696,475665.266,477727.329,466863.848,456718.484,451604.575,460419.075,462915.588,464970.255,470135.089,497868,517577.285,508764.943,506084.173,504110.294,496267.322,493411.783,518470.761,507338.856,508373.858,519046.022,521472.006,547349.86,543360.171,550782.069,564951.183,562794.853,564114.951,563324.943,547383.143,529283.803,480698.2231,489460.1327,482619.0375,482634.0003,#N/A,#N/A,#N/A,#N/A,#N/A,#N/A,#N/A,#N/A
Jamaica,#N/A,#N/A,#N/A,#N/A,#N/A,#N/A,#N/A,#N/A,#N/A,#N/A,7210.3984,7218.1041,7832.3233,9812.8877,9585.1143,9140.5232,7832.7393,8426.8527,#N/A,8601.1335,#N/A,8081.9637,7124.8654,7225.7731,7049.8807,6408.9541,6233.0791,6286.058,6832.8877,8263.0162,9319.21737,9371.5824,10249.7128,10465.9562,10521.7448,10886.3338,11247.785,11457.9309,11874.5802,12168.2626,12364.4322,12249.8631,12392.1182,12959.0415,13419.4675,13314.8946,14549.9645,15423.5468,13912.5571,13884.09722,14581.6781,15053.50546,15474.32041,#N/A,#N/A,#N/A,#N/A,#N/A,#N/A,#N/A,#N/A
Jordan,#N/A,#N/A,#N/A,#N/A,#N/A,#N/A,#N/A,#N/A,#N/A,#N/A,2090.95161,2157.92587,2463.89713,2697.9562,2817.72326,3082.61473,3550.34049,3700.00084,4332.81843,4550.17732,5534.82824,6602.3977,7369.2457,8202.0766,9173.6655,9644.5633,10225.5392,10641.4863,10626.6256,10833.7517,11599.31658,11892.66255,13938.77676,14432.90871,15032.0313,15834.0643,16405.7396,16830.7854,17159.4152,17135.0775,17799.0188,17657.3513,18834.63186,18728.0081,20882.0096,22339.7323,22823.0797,23900.584,24469.11527,24315.64734,25590.04964,26440.77353,27198.59451,#N/A,#N/A,#N/A,#N/A,#N/A,#N/A,#N/A,#N/A
Japan,#N/A,#N/A,#N/A,#N/A,#N/A,#N/A,#N/A,#N/A,#N/A,#N/A,941132.584,960481.941,1009126.08,1127133.34,1124069.401,1067710.651,1101910.151,1133256.77,1131050.16,1159212.2,1136091.34,1105577.59,1063683.99,1070491.43,1137483.61,1112813.49,1111249.55,1111018.94,1186749.6,1216856.651,1304676.03,1318933.78,1330643.26,1333072.7,1385835.23,1421640.91,1424112.7,1414397.05,1371363.01,1399008.939,1406194.588,1387952.208,1422453.194,1428102.126,1427399.203,1439905.158,1425898.63,1461356.118,1385164.839,1290243.648,1350427.913,1396767.261,1478858.881,#N/A,#N/A,#N/A,#N/A,#N/A,#N/A,#N/A,#N/A
Kazakhstan,#N/A,#N/A,#N/A,#N/A,#N/A,#N/A,#N/A,#N/A,#N/A,#N/A,186230.159,183204.846,219119.677,209996.073,214080.499,207044.828,229747.655,221842.679,226525.898,217979.155,219643.092,206127.432,207431.911,204172.375,213576.252,212825.196,225630.673,233680.27,240415.311,241646.268,372290.9362,362868.415,366068.723,326956.867,288847.538,247266.945,272328.5,207305.66,218453.239,182819.098,207395.42,223606.92,285884.292,256799.005,285197.38,291641.047,324812.472,315840.136,330512.052,287801.126,347356.0816,350475.7349,366502.1973,#N/A,#N/A,#N/A,#N/A,#N/A,#N/A,#N/A,#N/A
Kenya,#N/A,#N/A,#N/A,#N/A,#N/A,#N/A,#N/A,#N/A,#N/A,#N/A,21917.286,22376.806,23210.036,23833.311,24133.127,24663.136,25292.084,26147.382,27781.04,29484.455,28468.693,28404.277,29812.384,31668.235,33170.182,33349.257,34675.608,34921.399,36807.31,38381.069,38943.126,38141.052,39012.029,39846.354,41268.314,41798.476,41134.09,41235.589,66595.01,46998.103,46237.25,44415.733,43784.866,46308.659,46544.163,48661.628,50017.915,53054.236,53277.032,52547.68004,52675.10235,53513.99238,54302.09561,#N/A,#N/A,#N/A,#N/A,#N/A,#N/A,#N/A,#N/A
Kyrgyzstan,#N/A,#N/A,#N/A,#N/A,#N/A,#N/A,#N/A,#N/A,#N/A,#N/A,#N/A,#N/A,#N/A,#N/A,#N/A,#N/A,#N/A,#N/A,#N/A,#N/A,#N/A,#N/A,#N/A,#N/A,#N/A,#N/A,#N/A,#N/A,#N/A,#N/A,#N/A,#N/A,#N/A,#N/A,#N/A,#N/A,#N/A,#N/A,#N/A,#N/A,#N/A,#N/A,#N/A,#N/A,#N/A,#N/A,#N/A,#N/A,#N/A,#N/A,#N/A,#N/A,#N/A,#N/A,#N/A,#N/A,#N/A,#N/A,#N/A,#N/A,#N/A
Cambodia,#N/A,#N/A,#N/A,#N/A,#N/A,#N/A,#N/A,#N/A,#N/A,#N/A,23775.9907,18829.4337,16481.2145,14356.4855,10235.1132,11354.8719,10882.4368,11996.9144,12491.2788,10177.7209,14639.7772,13478.0248,15560.9342,19973.897,13206.6839,15202.395,16324.804,17290.761,18352.638,17245.8924,19521.916,18192.216,20825.936,20024.625,17755.656,20790.181,19023.223,19550.569,125316.384,54731.98,42118.313,63995.784,108594.633,105986.662,178379.097,101252.49,102119.769,197112.044,120478.859,87674.94679,126272.1976,126838.7599,127399.5869,#N/A,#N/A,#N/A,#N/A,#N/A,#N/A,#N/A,#N/A
South Korea,#N/A,#N/A,#N/A,#N/A,#N/A,#N/A,#N/A,#N/A,#N/A,#N/A,88641.352,89248.78,91340.252,107014.039,112906.55,120964.237,130213.924,144910.923,155967.54,172533.275,175229.771,181587.53,180766.923,192747.731,208165.762,215092.052,224294.641,225840.175,258382.665,270117.802,300501.326,328691.416,354614.82,385035.318,418012.512,453629.667,487344.746,513934.866,450493.845,489986.3208,512819.936,522374.159,534839.283,546211.1138,562450.9571,561372.5433,565697.2007,575558.3818,594982.1988,594493.2022,628838.7211,650085.5349,668989.6514,#N/A,#N/A,#N/A,#N/A,#N/A,#N/A,#N/A,#N/A
Kosovo,#N/A,#N/A,#N/A,#N/A,#N/A,#N/A,#N/A,#N/A,#N/A,#N/A,#N/A,#N/A,#N/A,#N/A,#N/A,#N/A,#N/A,#N/A,#N/A,#N/A,#N/A,#N/A,#N/A,#N/A,#N/A,#N/A,#N/A,#N/A,#N/A,#N/A,#N/A,#N/A,#N/A,#N/A,#N/A,#N/A,#N/A,#N/A,#N/A,#N/A,#N/A,#N/A,#N/A,#N/A,#N/A,#N/A,#N/A,#N/A,#N/A,#N/A,#N/A,#N/A,#N/A,#N/A,#N/A,#N/A,#N/A,#N/A,#N/A,#N/A,#N/A
Kuwait,#N/A,#N/A,#N/A,#N/A,#N/A,#N/A,#N/A,#N/A,#N/A,#N/A,68097.3281,71418.7885,73477.7018,66638.3624,54816.6481,46479.1125,45134.6952,42959.4875,47514.7676,55586.6233,47113.6283,42894.2394,42788.9244,49052.5585,47360.4429,49877.0039,51377.0806,51686.5785,58923.3979,62729.4837,#N/A,47185.0815,37631.0113,46152.1963,54782.3429,57167.7332,56837.7997,59684.9071,63941.6739,65097.1525,65239.5715,63455.7221,62755.2671,74340.5263,82089.0534,91416.6572,87101.2683,86228.4561,89301.4427,88824.88178,93785.56855,96788.19422,#N/A,#N/A,#N/A,#N/A,#N/A,#N/A,#N/A,#N/A,#N/A
Laos,#N/A,#N/A,#N/A,#N/A,#N/A,#N/A,#N/A,#N/A,#N/A,#N/A,22771.992,15370.2654,18840.0037,26238.911,15426.5696,15168.3505,14115.7654,21517.5498,25758.286,22943.633,27499.059,24130.622,23876.742,42771.248,25080.521,21525.4955,25141.408,32707.043,25749.331,18518.9987,30128.598,26620.375,38440.377,31462.783,28147.016,31879.678,24691.465,24955.413,141736.464,143278.75,24667.954,15958.361,34783.697,20412.978,76333.64,53444.812,25073.368,70977.957,21335.613,24469.63793,38034.96363,161456.9827,161718.7374,#N/A,#N/A,#N/A,#N/A,#N/A,#N/A,#N/A,#N/A
Lebanon,#N/A,#N/A,#N/A,#N/A,#N/A,#N/A,#N/A,#N/A,#N/A,#N/A,6392.4529,6547.0607,6999.7795,8535.2553,8470.274,7530.32318,7167.63828,6517.55809,7540.1608,8444.2514,8508.7553,8685.9173,7416.073,8449.0284,8265.2206,9252.6883,9333.1226,9340.6535,#N/A,#N/A,#N/A,9718.72493,#N/A,12647.1704,13588.25853,15558.41777,16648.2645,18223.05133,18388.3501,18215.9426,16825.6618,18142.4143,17968.86134,20293.94799,18716.22341,19431.44925,16947.8808,15102.0736,18270.36045,#N/A,#N/A,#N/A,#N/A,#N/A,#N/A,#N/A,#N/A,#N/A,#N/A,#N/A,#N/A
Liberia,#N/A,#N/A,#N/A,#N/A,#N/A,#N/A,#N/A,#N/A,#N/A,#N/A,1688.8839,1707.83431,1794.15218,1879.81356,1934.41705,1983.62971,2071.5686,2231.29969,2259.22274,2685.62491,2826.85842,2527.39272,2417.78164,2479.64728,2341.09996,2394.25193,2219.78418,2250.44173,2464.32329,2156.44891,1752.526409,1476.78731,1443.58754,1406.24366,1385.60436,1428.10412,1491.93851,1602.40617,4980.4182,3371.3292,2076.31708,2163.9067,2047.18953,2062.90724,2311.5503,2082.70263,2475.8958,2847.6082,2863.1407,2599.798462,2758.546871,2797.370822,2833.942779,#N/A,#N/A,#N/A,#N/A,#N/A,#N/A,#N/A,#N/A
Libya,#N/A,#N/A,#N/A,#N/A,#N/A,#N/A,#N/A,#N/A,#N/A,#N/A,70829.5514,54206.5029,44220.1655,42364.3307,32671.0875,37564.5101,43278.1874,45286.2265,46857.8958,50094.5135,53559.8016,45320.3481,49330.9319,47842.425,49232.866,47494.6463,54638.882,51156.7705,55358.7094,56625.0662,61074.1542,61081.0877,55474.6102,55551.4748,60863.3452,65215.4728,67250.6652,63411.2107,63333.0286,60164.7593,63666.8898,62555.0382,63328.5875,68226.6741,68566.5541,69931.74,71318.6748,71090.5683,74238.8201,73995.41591,77780.08973,80072.8192,82129.13395,#N/A,#N/A,#N/A,#N/A,#N/A,#N/A,#N/A,#N/A
Sri Lanka,#N/A,#N/A,#N/A,#N/A,#N/A,#N/A,#N/A,#N/A,#N/A,#N/A,16466.9003,16291.7454,16356.4685,16788.4055,17561.5279,15187.9346,15740.3174,17208.7873,18194.4489,18132.4199,18564.3671,18905.3343,18680.9363,19000.1759,19588.4486,18817.1046,18462.2401,17421.4833,18654.0486,17519.0258,18379.0014,18031.0497,19141.6427,19421.2914,20754.434,20611.1024,21681.6254,21386.1613,20556.1318,22816.5852,23282.5721,22429.201,23464.8878,24580.3804,25393.9308,27223.2922,26000.0448,27768.839,27954.9991,27826.55513,29131.29052,29822.77899,30451.82631,#N/A,#N/A,#N/A,#N/A,#N/A,#N/A,#N/A,#N/A
Lesotho,#N/A,#N/A,#N/A,#N/A,#N/A,#N/A,#N/A,#N/A,#N/A,#N/A,1794.4611,1636.0716,1615.7307,1609.7149,1646.6811,1721.5528,1691.6338,1598.2718,1619.4526,1742.8113,1809.3254,1797.4011,1841.963,1813.1316,1768.5389,1842.6128,1873.5463,2132.4598,2056.7565,2023.3921,1882.4258,1872.9355,2108.6519,1990.9259,1969.1242,1938.4438,1839.49,1810.8851,4735.7995,3817.01,3230.5765,3844.3085,2941.8226,4650.1065,2341.0011,3703.9041,2161.3032,4439.4282,2543.498,2727.980134,3425.278898,3449.405651,3472.707536,#N/A,#N/A,#N/A,#N/A,#N/A,#N/A,#N/A,#N/A
Lithuania,#N/A,#N/A,#N/A,#N/A,#N/A,#N/A,#N/A,#N/A,#N/A,#N/A,102299.251,102814.511,108080.086,113993.131,119668.912,112018.107,115982.734,119879.5,123956.74,128003.215,131995.884,133148.662,134141.744,136424.903,139310.817,141568.504,143396.829,143623.652,147969.545,148595.876,54344.5327,56222.146,38057.553,31683.24,30200.133,29219.71,30160.761,29876.404,25363.91101,22732.1351,21257.1305,21048.71215,21963.75,21789.3066,22521.04332,23569.40751,24082.2094,25791.099,26732.648,24473.52047,26786.483,29324.68967,29442.21235,#N/A,#N/A,#N/A,#N/A,#N/A,#N/A,#N/A,#N/A
Luxembourg,#N/A,#N/A,#N/A,#N/A,#N/A,#N/A,#N/A,#N/A,#N/A,#N/A,19411.8712,18172.2987,17912.103,19347.8667,18020.8321,14576.5692,15485.2017,14804.6325,16110.3858,15249.3716,14437.3203,12484.9763,11757.6038,11134.285,12031.066,12235.1631,11976.5731,12061.8249,12003.8008,12836.9195,13101.9844,13752.49703,13533.83,13758.01445,12977.04983,10728.9068,10528.9944,10135.52208,9328.0909,9683.2885,10268.3634,10701.1799,11557.2574,12047.2209,13115.9247,13445.8188,13493.6595,13072.4388,12702.3411,12343.3163,13034.81576,12929.54082,12610.99762,#N/A,#N/A,#N/A,#N/A,#N/A,#N/A,#N/A,#N/A
Latvia,#N/A,#N/A,#N/A,#N/A,#N/A,#N/A,#N/A,#N/A,#N/A,#N/A,45385.3107,45620.2012,47957.4588,50365.8282,52362.8725,52338.0379,53714.9787,55699.819,57305.0302,59444.6101,61084.521,62361.524,62860.074,64501.615,65898.317,67655.5,69206.824,69206.671,71797.628,72636.905,33667.7706,31579.4731,27370.8426,24046.0891,21073.774,18782.998,18788.7645,18051.4526,12905.7988,12076.2856,11507.8095,12089.6607,13748.3487,12783.2611,13021.8197,13288.2027,14054.3664,14416.1433,14204.6668,13580.3226,14670.0039,14150.09531,13943.92172,#N/A,#N/A,#N/A,#N/A,#N/A,#N/A,#N/A,#N/A
Morocco,#N/A,#N/A,#N/A,#N/A,#N/A,#N/A,#N/A,#N/A,#N/A,#N/A,19559.297,19915.828,20453.976,21860.714,22649.577,23466.843,24631.884,25628.168,27144.27,28303.432,29395.295,28896.46,27751.581,29303.148,29127.667,30757.159,32393.514,33283.984,34517.861,36636.888,37543.266,38293.349,39519.9,39455.137,41252.803,41902.279,42078.662,43941.603,45637.611,48246.3358,50974.378,53556.2719,53925.24019,54270.6439,65993.198,70022.09,71423.4066,73113.44,72650.847,72152.21062,76087.37885,78381.39979,80436.71521,#N/A,#N/A,#N/A,#N/A,#N/A,#N/A,#N/A,#N/A
Moldova,#N/A,#N/A,#N/A,#N/A,#N/A,#N/A,#N/A,#N/A,#N/A,#N/A,26313.2626,26494.224,27939.5154,29694.5625,31531.9274,33793.1939,35047.4567,35679.991,36917.9591,37665.9508,39456.1147,40488.4573,41724.7568,43598.4464,45561.7633,47969.1374,50434.5072,51135.8444,55245.3209,56507.1414,38029.79932,31646.0445,26833.6086,22774.423,19013.9288,16651.8869,16914.8593,15739.9844,14206.27168,11858.89334,10796.1408,11371.9209,11279.53115,11996.30032,12302.81733,12762.8576,12243.7973,12163.9801,11170.1713,11008.69078,11338.70777,11433.48689,11350.63,#N/A,#N/A,#N/A,#N/A,#N/A,#N/A,#N/A,#N/A
Madagascar,#N/A,#N/A,#N/A,#N/A,#N/A,#N/A,#N/A,#N/A,#N/A,#N/A,45314.072,31699.804,33414.625,35221.137,33167.312,36663.72,34578.793,38183.714,40515.605,47801.334,43738.694,40817.186,43685.261,44142.378,39060.775,39488.076,38195.526,44747.682,38387.554,40358.508,48353.24978,43906.18782,57425.8863,42514.656,45839.383,46520.596,43115.832,42210.393,142475.818,90964.366,84187.244,131802.6,84561.656,163798.098,87784.422,159818.564,107263.379,134284.869,94468.136,117984.4608,117231.0406,117586.2177,117932.5971,#N/A,#N/A,#N/A,#N/A,#N/A,#N/A,#N/A,#N/A
Mexico,#N/A,#N/A,#N/A,#N/A,#N/A,#N/A,#N/A,#N/A,#N/A,#N/A,210547.8556,215289.415,229445.067,241668.377,266400.717,280289.646,292167.457,304657.545,332679.42,362012.517,387137.41,407085.783,452477.328,420752.599,436648.98,443037.14,442988.942,454482.357,462185.197,473325.8,494151.02,505174.028,494645.64,502121.057,520225.772,515961.212,532804.427,539136.339,692323.18,553847.34,576489.52,547960.58,567679.66,601685.72,567790.06,641308.82,642137.77,646318.66,644167.96,648860.0791,643375.4336,652861.2915,663424.9544,#N/A,#N/A,#N/A,#N/A,#N/A,#N/A,#N/A,#N/A
Macedonia,#N/A,#N/A,#N/A,#N/A,#N/A,#N/A,#N/A,#N/A,#N/A,#N/A,12061.4093,11427.6115,11600.9282,12964.5451,13197.4052,11311.1386,11702.0396,11918.9445,10630.7061,11857.7964,10926.7948,13989.7454,12447.0366,11579.2694,12927.0372,13451.8959,13720.8511,13984.9048,12112.0439,13643.9824,14328.5064,12880.3406,11588.8962,11783.728,11650.6719,11579.5453,12809.7343,11705.1883,#N/A,#N/A,#N/A,#N/A,#N/A,#N/A,11250.99586,11591.60108,11559.34434,12465.444,11742.8238,11639.36724,12257.54353,12645.71404,12992.24699,#N/A,#N/A,#N/A,#N/A,#N/A,#N/A,#N/A,#N/A
Mali,#N/A,#N/A,#N/A,#N/A,#N/A,#N/A,#N/A,#N/A,#N/A,#N/A,25111.389,24892.602,23570.45,24308.613,20052.227,21632.851,22200.156,24815.495,22556.593,24801.041,29426.021,26719.238,29715.883,27048.727,25915.989,23663.11,24085.695,24905.037,24366.253,26169.18,30794.145,26648.862,29573.934,28544.464,28923.565,31483.013,31338.259,32233.054,86412.246,78429.021,70241.634,84085.491,79829.518,67302.869,88391.546,87079.094,83577.389,74744.398,86890.413,74104.2692,76827.88145,77134.18262,77437.93165,#N/A,#N/A,#N/A,#N/A,#N/A,#N/A,#N/A,#N/A
Myanmar,#N/A,#N/A,#N/A,#N/A,#N/A,#N/A,#N/A,#N/A,#N/A,#N/A,655739.12,423754.687,533147.892,771873.79,428380.032,420989.11,406500.184,631034.56,766227.64,659112.51,788821.87,684627.28,677312.48,1287780.15,736511.28,619236.46,731477.92,982939.9,764834.98,518744.881,875447.03,776791.23,1151425.85,937442.45,820857.17,943040.18,704660.58,697087.16,306622.79,337749.19,185137.09,186669.7,226294.68,187353.37,379912.77,223012.72,199289.348,349940.751,189004.373,266006.0323,325367.1391,526919.8385,528416.2177,#N/A,#N/A,#N/A,#N/A,#N/A,#N/A,#N/A,#N/A
Montenegro,#N/A,#N/A,#N/A,#N/A,#N/A,#N/A,#N/A,#N/A,#N/A,#N/A,#N/A,#N/A,#N/A,#N/A,#N/A,#N/A,#N/A,#N/A,#N/A,#N/A,#N/A,#N/A,#N/A,#N/A,#N/A,#N/A,#N/A,#N/A,#N/A,#N/A,#N/A,#N/A,#N/A,#N/A,#N/A,#N/A,#N/A,#N/A,#N/A,#N/A,#N/A,#N/A,#N/A,#N/A,#N/A,#N/A,#N/A,#N/A,#N/A,#N/A,#N/A,#N/A,#N/A,#N/A,#N/A,#N/A,#N/A,#N/A,#N/A,#N/A,#N/A
Mongolia,#N/A,#N/A,#N/A,#N/A,#N/A,#N/A,#N/A,#N/A,#N/A,#N/A,13026.344,13353.2168,14862.5381,18061.981,17657.0668,19790.6538,21323.7058,24130.106,26607.898,27541.677,37598.349,37863.369,39945.271,45490.641,43738.274,44445.8961,48189.842,51352.507,54374.849,53943.2038,58042.678,58062.256,59494.811,57860.676,56917.884,59119.415,60763.2491,60760.1461,50019.834,30732.308,51756.455,27501.3,50488.318,39185.705,25435.527,27669.265,37790.423,55403.599,46513.8,50237.01589,24860.37811,#N/A,#N/A,#N/A,#N/A,#N/A,#N/A,#N/A,#N/A,#N/A,#N/A
Mozambique,#N/A,#N/A,#N/A,#N/A,#N/A,#N/A,#N/A,#N/A,#N/A,#N/A,45072.996,26276.193,27941.871,30344.614,26737.566,31194.93,27921.704,31990.701,33405.041,43494.41,37019.696,32465.756,36329.563,36156.898,28331.516,28130.615,26894.422,36890.469,26533.148,29872.852,40943.06776,33997.2955,53298.3008,30793.921,35829.728,36851.038,31666.106,30429.449,301746.742,202613.155,215278.008,293796.215,248706.421,354834.811,301972.73,349872.741,301392.9914,317678.2949,363780.5718,307176.2074,379823.5504,380073.2378,380308.2925,#N/A,#N/A,#N/A,#N/A,#N/A,#N/A,#N/A,#N/A
Mauritania,#N/A,#N/A,#N/A,#N/A,#N/A,#N/A,#N/A,#N/A,#N/A,#N/A,4924.7542,4811.3556,4462.6904,4385.7761,3838.7428,3960.8509,4170.8254,4354.4084,4450.987,4665.1646,4807.6244,5019.7096,5096.4015,4688.4498,4718.6216,4984.1429,4842.1605,4964.3782,5649.356,5917.9002,5976.906,6220.5861,7689.3047,7883.2518,7881.2337,8039.7137,8251.8602,8692.7971,9423.1979,9840.511,11950.5596,11586.0578,10019.5833,10307.2832,11027.6403,11475.5441,11509.7784,13429.1196,11721.4539,11967.58315,12951.00656,13153.86092,13343.16263,#N/A,#N/A,#N/A,#N/A,#N/A,#N/A,#N/A,#N/A
Malawi,#N/A,#N/A,#N/A,#N/A,#N/A,#N/A,#N/A,#N/A,#N/A,#N/A,6200.6142,4125.4003,4555.3077,4853.1968,4568.8406,5376.941,5284.0097,5747.3404,6104.721,7349.218,6611.1971,6280.8873,6822.6244,6834.6175,6124.2429,6425.742,6514.5724,7909.5922,6549.9444,7167.6719,8537.0945,7968.8054,10138.423,7510.2435,7781.9892,8132.4539,7698.4542,7584.7339,17453.9846,13768.2019,15450.3876,12365.3478,14272.7598,20340.8092,15083.1634,20503.2074,15055.3741,17520.1761,17735.299,15595.83036,21415.53718,21525.76166,21632.13209,#N/A,#N/A,#N/A,#N/A,#N/A,#N/A,#N/A,#N/A
Malaysia,#N/A,#N/A,#N/A,#N/A,#N/A,#N/A,#N/A,#N/A,#N/A,#N/A,113374.2398,84957.564,99628.829,130161.4888,89982.2318,91202.7038,91612.7108,120583.1098,139186.4768,131982.4058,150780.9418,138493.8168,141106.2048,221016.4198,154694.2008,141604.8618,157909.4368,189578.3758,167479.2098,145347.9368,198587.5635,200252.3506,253515.5852,235936.2626,228129.1697,252184.5882,240004.9957,245919.3852,259140.1734,160190.903,171393.521,176214.366,199983.481,195386.718,216283.733,246665.158,240375.427,250680.678,256755.874,277979.4156,263676.106,271818.8368,279098.3768,#N/A,#N/A,#N/A,#N/A,#N/A,#N/A,#N/A,#N/A
Namibia,#N/A,#N/A,#N/A,#N/A,#N/A,#N/A,#N/A,#N/A,#N/A,#N/A,7251.1455,6119.279,6337.8623,6533.8771,6812.5598,5483.0442,5288.7276,6139.8638,6272.3857,7142.4037,7327.403,6431.6512,6391.1266,6234.4381,6041.7768,6288.8253,6034.2645,6506.8512,6147.4087,6404.1857,7299.9503,7246.8113,8369.4607,6904.621,7299.7744,7245.0185,6716.9304,7024.6601,22239.1204,28386.7931,33985.47,31359.313,29497.365,28634.234,34751.217,30934.05,37085.6941,36561.0978,28595.4652,39971.70329,37647.5718,37855.65224,38049.27078,#N/A,#N/A,#N/A,#N/A,#N/A,#N/A,#N/A,#N/A
New Caledonia,#N/A,#N/A,#N/A,#N/A,#N/A,#N/A,#N/A,#N/A,#N/A,#N/A,#N/A,#N/A,#N/A,#N/A,#N/A,#N/A,#N/A,#N/A,#N/A,#N/A,2368.41651,2196.93571,1728.50763,1650.55954,1324.33131,#N/A,#N/A,#N/A,#N/A,#N/A,1633.16868,#N/A,1839.33993,1837.4805,#N/A,#N/A,#N/A,#N/A,1821.33978,#N/A,#N/A,#N/A,#N/A,#N/A,#N/A,#N/A,#N/A,#N/A,#N/A,#N/A,#N/A,#N/A,#N/A,#N/A,#N/A,#N/A,#N/A,#N/A,#N/A,#N/A,#N/A
Niger,#N/A,#N/A,#N/A,#N/A,#N/A,#N/A,#N/A,#N/A,#N/A,#N/A,8021.2861,8160.2696,8330.0921,5822.9862,5877.2686,6312.5158,6767.5779,7268.7252,7687.8322,7956.3465,8200.6399,8313.6936,8621.6653,8863.9411,6566.4989,5841.4508,6000.9253,6016.8739,6504.6764,6730.8106,6929.2769,7163.74302,7576.52064,7592.12518,7995.58618,8185.4332,8402.8431,8595.5915,10401.1439,11321.459,11124.281,10982.1695,9326.6288,9570.2698,9191.3938,10258.5269,10176.1295,10970.2882,10491.4259,10530.92975,11219.50511,11342.11903,11460.91583,#N/A,#N/A,#N/A,#N/A,#N/A,#N/A,#N/A,#N/A
Nigeria,#N/A,#N/A,#N/A,#N/A,#N/A,#N/A,#N/A,#N/A,#N/A,#N/A,74939.732,90499.952,105080.024,120770.969,137390.257,116135.141,130224.53,124059.821,125587.089,162131.637,155988.621,134625.321,133455.953,133295.326,135013.464,137868.6,137043.984,132908.939,144640.979,155364.438,163274.1763,171312.8095,188562.29,187613.213,174508.4,184046.2,203140.476,196351.827,332361.059,353503.934,314978.544,319145.794,295068.358,314942.187,288145.573,374421.704,318579.09,335201.39,316058.63,273156.3631,292211.7354,296799.949,301010.1259,#N/A,#N/A,#N/A,#N/A,#N/A,#N/A,#N/A,#N/A
Nicaragua,#N/A,#N/A,#N/A,#N/A,#N/A,#N/A,#N/A,#N/A,#N/A,#N/A,8313.1054,8078.6348,8168.1906,8722.916,9253.846,9440.0214,9854.2855,10748.179,10513.198,9306.8965,9010.6365,9077.5337,9565.9995,9144.026,9376.979,9478.0873,9581.3248,9149.8351,9457.4401,9598.875,10263.4765,9569.4821,10134.5032,10836.687,11082.2681,10769.139,10980.733,11325.7868,22494.947,12417.6043,14043.287,14462.642,14719.832,16965.369,14793.133,16831.87,15048.35,15276.859,15791.953,15861.96823,15794.34981,16068.64121,16323.04343,#N/A,#N/A,#N/A,#N/A,#N/A,#N/A,#N/A,#N/A
Netherlands,#N/A,#N/A,#N/A,#N/A,#N/A,#N/A,#N/A,#N/A,#N/A,#N/A,183916.774,186709.003,205138.485,214755.036,210406.425,201646.099,213891.344,212634.688,217684.755,228827.379,219031.363,216959.475,205036.44,201896.523,209479.843,212565.182,216327.866,219078.54,219095.098,223050.278,224468.089,232341.681,230579.363,234204.767,234257.997,235053.007,244204.434,235836.236,227061.482,218722.666,220319.9,220252.518,218276.476,221354.464,221355.349,217083.632,211767.903,208848.0425,205061.312,201884.4872,212418.455,200143.5444,195873.7639,#N/A,#N/A,#N/A,#N/A,#N/A,#N/A,#N/A,#N/A
Norway,#N/A,#N/A,#N/A,#N/A,#N/A,#N/A,#N/A,#N/A,#N/A,#N/A,57051.381,55490.995,59160.426,61119.993,60168.072,58968.279,62913.679,64371.891,64150.539,68035.419,66457.85,62737.383,58684.319,59377.767,62471.31,63260.653,65497.829,66922.185,66652.758,66535.026,67466.0999,64287.922,64336.797,67255.05,70005.932,70569.101,72016.75,74552.49,74639.785,76295.632,71217.9,71491.23101,69689.527,73172.62816,73534.99492,71578.0629,71355.504,72404.46722,71002.7568,65840.66369,65710.06421,64181.14776,63536.73207,#N/A,#N/A,#N/A,#N/A,#N/A,#N/A,#N/A,#N/A
Nepal,#N/A,#N/A,#N/A,#N/A,#N/A,#N/A,#N/A,#N/A,#N/A,#N/A,19946.0752,20308.8691,20096.2747,21059.2656,21302.3984,21667.7848,21820.778,22157.2308,22337.7897,22505.535,23311.7205,23331.5389,22885.5926,23879.8509,24363.79,24113.3639,23960.7569,24664.1909,24882.8869,24654.0729,25118.3339,25017.0089,24131.4709,25373.4739,25643.7849,26905.3119,27238.2519,27566.6509,28206.923,41332.579,31234.017,29843.757,28915.419,29847.024,30427.862,30862.516,30946.099,31263.61,32026.569,32809.26219,32738.69186,33160.97137,40762.71529,#N/A,#N/A,#N/A,#N/A,#N/A,#N/A,#N/A,#N/A
New Zealand,#N/A,#N/A,#N/A,#N/A,#N/A,#N/A,#N/A,#N/A,#N/A,#N/A,49600.563,48316.683,52587.148,53668.269,55467.13,54660.877,57248.3,58533.311,57616.282,55998.036,58641.607,58363.322,60533.869,60808.287,62274.735,62890.422,63171.453,62070.125,65388.136,64221.188,65689.817,65434.959,67149.862,66894.903,68092.81,69576.05,70563.226,73548.22,69545.596,71814.666,74422.829,76276.944,77305.4713,80252.282,80229.163,82066.568,83539.488,81888.391,81442.9,76062.15021,76141.65783,75851.12224,78130.97988,#N/A,#N/A,#N/A,#N/A,#N/A,#N/A,#N/A,#N/A
Oman,#N/A,#N/A,#N/A,#N/A,#N/A,#N/A,#N/A,#N/A,#N/A,#N/A,11262.66036,11973.58869,12679.41609,13469.34005,14667.81857,41267.8204,46082.7245,46623.9406,40123.894,37391.2496,25803.77867,28754.9893,26652.58449,29530.8749,26941.23197,23802.2091,27065.757,27323.0105,29972.2713,30545.2456,35356.2927,39183.9861,39069.5883,38850.4088,37319.9954,41448.6408,43219.7303,44902.2465,27560.6457,30791.4306,35439.108,40680.0901,43297.5065,46464.7878,46069.195,48099.6628,50886.1962,52515.093,55220.8011,55510.20569,59041.97958,60705.59131,62201.5508,#N/A,#N/A,#N/A,#N/A,#N/A,#N/A,#N/A,#N/A
Pakistan,#N/A,#N/A,#N/A,#N/A,#N/A,#N/A,#N/A,#N/A,#N/A,#N/A,87131.5379,88272.7669,89365.8699,91944.2539,95681.9849,100792.4559,102278.5119,106850.7459,112301.4989,117082.0079,118581.1339,123883.0799,130156.2129,132525.9419,136908.8732,142484.5969,147683.1059,148983.1979,163110.3919,167541.4849,172551.2859,175960.6389,185194.4089,194843.2479,201063.0269,209249.9689,220080.3959,225905.9039,234307.76,246612.071,247348.795,250584.705,256954.135,271615.1473,291014.0248,299134.716,314154.5358,336409.906,338551.92,343244.2017,354528.6222,362475.0944,369734.5837,#N/A,#N/A,#N/A,#N/A,#N/A,#N/A,#N/A,#N/A
Panama,#N/A,#N/A,#N/A,#N/A,#N/A,#N/A,#N/A,#N/A,#N/A,#N/A,5712.0345,5876.4903,6183.105,6560.9868,6808.257,6988.9997,7031.9147,6964.1812,6840.1844,7255.7774,6952.0314,6658.0435,7120.1752,7462.5508,6872.8311,6734.0579,6906.3482,6921.9705,6503.0435,6614.2748,6814.4507,7309.7313,8021.8998,8212.4499,8471.1861,8817.5947,8891.1129,8870.4953,10070.7361,8736.7085,9158.7515,11337.6568,10475.8582,10850.464,10819.0091,10588.624,11987.7807,11689.1502,15082.5873,15489.51127,15428.76051,15860.45576,16248.77229,#N/A,#N/A,#N/A,#N/A,#N/A,#N/A,#N/A,#N/A
Peru,#N/A,#N/A,#N/A,#N/A,#N/A,#N/A,#N/A,#N/A,#N/A,#N/A,55258.28,49525.361,51650.415,49969.699,53198.078,54949.664,58643.862,53842.491,56739.844,58834.226,60578.725,60095.341,60744.53,57027.024,53958.176,53619.781,57184.193,62286.656,60300.158,57774.678,59544.1966,57289.42,59369.573,62945.458,57507.247,63406.514,66878.351,67172.281,70299.961,64302.171,66574.044,49674.782,51029.146,53092.701,56438.522,68557.456,58736.853,70911.513,63708.119,64753.40777,71614.29402,73289.7029,74806.95674,#N/A,#N/A,#N/A,#N/A,#N/A,#N/A,#N/A,#N/A
Philippines,#N/A,#N/A,#N/A,#N/A,#N/A,#N/A,#N/A,#N/A,#N/A,#N/A,78220.635,78563.179,79527.624,88767.222,84178.481,85572.977,84878.704,89721.795,92112.253,94616.367,90455.034,87094.481,87027.695,91682.474,83765.237,82498.31,82667.584,83709.076,92300.675,94618.11,96355.436,96239.316,102098.065,106302.855,117252.259,125623.452,134296.648,140736.42,163224.106,140842.114,150078.87,142869.331,138051.043,140443.044,142978.772,146433.72,201211.257,149106.274,152332.054,223801.4026,159940.4528,163797.7877,167297.5497,#N/A,#N/A,#N/A,#N/A,#N/A,#N/A,#N/A,#N/A
Papua New Guinea,#N/A,#N/A,#N/A,#N/A,#N/A,#N/A,#N/A,#N/A,#N/A,#N/A,6716.2282,5585.1159,17758.411,9591.1103,7310.1465,7365.5933,11558.4247,21328.355,11500.9509,17233.9704,18483.1879,16620.8831,71592.048,32603.1909,19816.9529,20888.2178,31682.0336,49888.549,22162.3659,23682.253,29504.072,58949.5509,56368.479,37196.2796,58386.856,35410.1243,34368.4362,143275.032,8730.3242,6685.108,8257.4614,10359.9409,84384.8163,10217.6916,19650.1578,9453.0338,14195.8728,9773.2384,9516.4689,11298.73298,10667.59649,10888.08947,11087.45706,#N/A,#N/A,#N/A,#N/A,#N/A,#N/A,#N/A,#N/A
Poland,#N/A,#N/A,#N/A,#N/A,#N/A,#N/A,#N/A,#N/A,#N/A,#N/A,466179.59,467738.84,490842.81,516053.03,541552.09,566179.45,585817.12,603009.6,624093.9,617874.13,606341.22,569138.11,574774.41,578353.53,583714.55,581329.87,594356.88,588453.1,583837.54,558609,474016.0603,460117.254,452553.142,449456.043,448871.632,458557.084,435648.565,433538.612,388905.682,380841.8682,392642.0366,385653.8873,375643.178,387619.1421,411840.4427,411811.6741,423290.6662,421174.6542,420981.528,405421.1598,426485.8684,422791.4682,414606.8923,#N/A,#N/A,#N/A,#N/A,#N/A,#N/A,#N/A,#N/A
Puerto Rico,#N/A,#N/A,#N/A,#N/A,#N/A,#N/A,#N/A,#N/A,#N/A,#N/A,2377.51686,2495.71185,2574.15736,2631.51096,2641.27376,2530.02781,2545.7889,2512.5331,2532.1591,2520.57977,2430.04067,2437.51321,2480.23575,2445.1826,2520.0804,2536.6436,2605.3631,2619.42452,2748.1712,2857.9248,2941.1635,3012.328,2740.32789,2832.01866,2912.47949,2888.34827,2947.38742,2996.51629,2864.88914,2912.54867,2963.27411,3010.80039,3031.48013,3095.28599,3098.94399,3118.66669,3105.7168,3064.31024,3067.96985,3119.069383,3199.245683,3247.520001,3293.25488,#N/A,#N/A,#N/A,#N/A,#N/A,#N/A,#N/A,#N/A
North Korea,#N/A,#N/A,#N/A,#N/A,#N/A,#N/A,#N/A,#N/A,#N/A,#N/A,94041.917,93374.105,97367.834,101174.929,103162.747,107603.784,114423.832,122134.837,131631.037,139394.818,147262.267,150760.537,156400.054,165173.931,166105.701,171602.1,169587.631,171329.121,167895.58,167433.688,162999.454,155908.963,142827.289,132389.657,119835.711,111920.307,100618.396,98661.432,84375.4542,89468.2923,97813.668,101904.133,96022.3694,98123.02581,101210.574,106557.193,106807.1721,92054.1519,99381.168,99920.37888,104116.6043,107165.3189,109894.965,#N/A,#N/A,#N/A,#N/A,#N/A,#N/A,#N/A,#N/A
Portugal,#N/A,#N/A,#N/A,#N/A,#N/A,#N/A,#N/A,#N/A,#N/A,#N/A,26924.831,28815.6652,29552.2065,32090.4437,31551.939,33239.2002,34557.8804,35246.6047,37256.3209,40296.2952,41434.738,43003.046,43633.787,44334.473,42653.197,41504.109,45719.913,46131.848,47741.33,56692.546,58227.179,60330.057,64299.6533,63334.9452,64486.0265,69204.4065,67633.1028,70751.8317,83126.729,84722.774,88594.191,85398.971,88319.252,89900.198,84930.561,101594.256,81336.945,79399.304,74433.765,75492.50343,71681.46844,71977.88701,72524.21851,#N/A,#N/A,#N/A,#N/A,#N/A,#N/A,#N/A,#N/A
Paraguay,#N/A,#N/A,#N/A,#N/A,#N/A,#N/A,#N/A,#N/A,#N/A,#N/A,52446.298,37860.761,45585.112,39123.162,41939.298,47300.885,54928.729,44312.747,52368.517,54650.206,57665.157,53699.223,56702.283,57913.725,47853.32,50816.033,53736.772,64036.841,56178.551,56827.397,63833.492,59605.441,63670.88,70228.07,54360.232,60568.495,62323.21,63388.761,48081.506,136601.13,39439.471,86905.953,83003.028,83847.271,69049.055,90747.006,67108.715,138575.697,54092.028,46875.59658,50027.503,50445.1164,50843.9542,#N/A,#N/A,#N/A,#N/A,#N/A,#N/A,#N/A,#N/A
Qatar,#N/A,#N/A,#N/A,#N/A,#N/A,#N/A,#N/A,#N/A,#N/A,#N/A,13147.53868,15621.40866,18431.6271,20976.95822,18062.54224,18272.65793,16998.27819,15749.87406,17271.6122,17812.3572,16167.2702,14881.013,16305.5786,15571.3769,20022.1315,18988.3854,20354.7696,20340.4385,21410.6084,22303.184,21978.4828,23318.2917,#N/A,#N/A,#N/A,#N/A,#N/A,#N/A,38744.69,43695.7,44439.7,45516.2738,46983.92434,51782.17186,58827.54254,61388.81678,68073.78995,77135.76161,83149.36557,86227.81467,98391.53385,100891.3234,103155.1207,#N/A,#N/A,#N/A,#N/A,#N/A,#N/A,#N/A,#N/A
Romania,#N/A,#N/A,#N/A,#N/A,#N/A,#N/A,#N/A,#N/A,#N/A,#N/A,176279.491,179222.06,185193.514,199678.6,203754.525,218145.216,236190.076,245960.898,263438.368,269314.866,266432.966,269640.835,268316.331,278659.2,270755.071,270433.443,273743.387,271783.438,284585.509,278926.551,247279.3403,204626.059,186159.772,174503.319,170925.428,177197.356,181831.133,167308.766,147443.81,129620.602,132627.536,137737.591,135160.393,141128.161,139881.565,139578.1707,144382.55,141043.059,136834.935,119648.2095,117930.698,126194.4156,121762.2251,#N/A,#N/A,#N/A,#N/A,#N/A,#N/A,#N/A,#N/A
Russia,#N/A,#N/A,#N/A,#N/A,#N/A,#N/A,#N/A,#N/A,#N/A,#N/A,2240872.97,2244826.89,2405407.75,2450946.31,2531226.89,2692997.65,2800716.03,2847656.5,2914879.88,2964555.53,3028837.5,3032439.53,3060875.9,3076796.39,3113508.6,3147716.56,3237017.69,3294290.42,3376294.37,3390140.82,3593581.92,3391970.11,3128013.23,3013967.26,2707580.73,2645144.69,2718564.86,2457479.79,3459685.66,2512656.97,2771222,2649244.38,2984844.66,3542027.45,2413520.92,2527172.17,2748951.04,2604102.33,2995286.6,2562920.978,2603289.63,2777724.31,2803398.488,#N/A,#N/A,#N/A,#N/A,#N/A,#N/A,#N/A,#N/A
Rwanda,#N/A,#N/A,#N/A,#N/A,#N/A,#N/A,#N/A,#N/A,#N/A,#N/A,2033.9629,2005.1179,2040.834,2121.0505,2086.8027,2183.61,2188.8246,2275.6962,2370.3457,2388.304,2448.6557,2630.5502,2727.4538,2854.8172,3026.5805,3207.3185,3202.699,3272.0663,3307.3324,3475.693,3251.96376,3317.3907,3365.9133,3161.5389,3053.5275,3231.6846,3420.3991,3682.836,5454.0444,4837.2697,4900.3316,3924.0208,4806.285,4793.8085,5635.3957,4963.9625,5021.6608,4904.6175,5183.7427,5967.061926,6547.474913,6620.246701,6689.948897,#N/A,#N/A,#N/A,#N/A,#N/A,#N/A,#N/A,#N/A
Western Sahara,#N/A,#N/A,#N/A,#N/A,#N/A,#N/A,#N/A,#N/A,#N/A,#N/A,#N/A,#N/A,#N/A,#N/A,#N/A,#N/A,#N/A,#N/A,#N/A,#N/A,#N/A,#N/A,#N/A,#N/A,#N/A,#N/A,#N/A,#N/A,#N/A,#N/A,#N/A,#N/A,#N/A,#N/A,#N/A,#N/A,#N/A,#N/A,#N/A,#N/A,#N/A,#N/A,#N/A,#N/A,#N/A,#N/A,#N/A,#N/A,#N/A,#N/A,#N/A,#N/A,#N/A,#N/A,#N/A,#N/A,#N/A,#N/A,#N/A,#N/A,#N/A
Saudi Arabia,#N/A,#N/A,#N/A,#N/A,#N/A,#N/A,#N/A,#N/A,#N/A,#N/A,78220.3308,94020.5889,121325.1278,162521.6331,171400.4395,140263.476,173655.1887,184501.8835,187608.1556,216984.5731,260541.6713,237000.734,230347.819,223068.247,170933.586,#N/A,#N/A,#N/A,#N/A,#N/A,#N/A,#N/A,#N/A,#N/A,#N/A,262037.697,276181.966,280673.769,292876.646,295772.016,310713.5,321603.515,336300.494,355029.43,#N/A,#N/A,#N/A,419852.998,446765.124,471266.3266,#N/A,514967.2626,#N/A,#N/A,#N/A,#N/A,#N/A,#N/A,#N/A,#N/A,#N/A
Sudan,#N/A,#N/A,#N/A,#N/A,#N/A,#N/A,#N/A,#N/A,#N/A,#N/A,59376.754,58814.907,59423.811,65985.933,56181.837,60079.475,61933.635,69047.633,62335.595,68575.073,82111.92,74389.95,83731.45,79698.6,79968.856,76285.627,74451.638,76359.345,73962.746,78623.486,92666.85,80070.122,92411.47,90845.47,95753.12,101975.76,103020.19,107153.41,519528.3,511594.67,529253.88,423305.6,516953.93,499185.49,485680.68,536024.45,453816.36,634374.73,572341.41,559206.0707,487562.7337,489798.2133,491982.2665,#N/A,#N/A,#N/A,#N/A,#N/A,#N/A,#N/A,#N/A
South Sudan,#N/A,#N/A,#N/A,#N/A,#N/A,#N/A,#N/A,#N/A,#N/A,#N/A,#N/A,#N/A,#N/A,#N/A,#N/A,#N/A,#N/A,#N/A,#N/A,#N/A,#N/A,#N/A,#N/A,#N/A,#N/A,#N/A,#N/A,#N/A,#N/A,#N/A,#N/A,#N/A,#N/A,#N/A,#N/A,#N/A,#N/A,#N/A,#N/A,#N/A,#N/A,#N/A,#N/A,#N/A,#N/A,#N/A,#N/A,#N/A,#N/A,#N/A,#N/A,#N/A,#N/A,#N/A,#N/A,#N/A,#N/A,#N/A,#N/A,#N/A,#N/A
Senegal,#N/A,#N/A,#N/A,#N/A,#N/A,#N/A,#N/A,#N/A,#N/A,#N/A,8236.3061,8274.179,8042.6126,8109.7219,7852.6378,8272.2336,8527.0022,9045.9348,8844.733,9131.7728,9392.2317,9019.5803,9341.087,8926.5624,9123.9137,9316.6885,9605.729,9987.6747,9812.3734,10300.908,11016.4282,10641.4706,11429.8145,11429.2015,11652.4041,12144.979,12591.4269,13138.6586,44963.523,56357.769,48632.878,58818.338,55038.558,34578.804,49186.654,50288.842,58446.314,47429.886,51876.505,47324.75514,53407.57105,53810.04589,54185.37188,#N/A,#N/A,#N/A,#N/A,#N/A,#N/A,#N/A,#N/A
Solomon Islands,#N/A,#N/A,#N/A,#N/A,#N/A,#N/A,#N/A,#N/A,#N/A,#N/A,3570.2862,3564.7102,3818.4854,4108.6918,4068.8964,4394.4279,4438.5594,4732.4363,5352.181,5026.8092,5609.9755,5758.598,5904.653,5810.019,5642.551,6255.539,5953.471,6433.825,6643.738,6079.793,5903.502,4415.8561,3295.3886,3532.8114,3811.9187,3885.2756,4053.1942,4059.3587,3887.4294,3784.0526,4086.0635,4147.1425,4329.7699,4401.7588,4422.7358,4323.8015,4336.3667,4406.1073,4411.7304,4419.517056,4479.829996,4536.577382,4591.464527,#N/A,#N/A,#N/A,#N/A,#N/A,#N/A,#N/A,#N/A
Sierra Leone,#N/A,#N/A,#N/A,#N/A,#N/A,#N/A,#N/A,#N/A,#N/A,#N/A,7406.0861,7348.9854,7290.7966,7712.6604,6657.3335,6988.3905,7199.2929,8023.5503,7272.0556,7737.4654,8980.0854,7885.5052,8680.3349,8171.799,7939.1211,7590.0072,7757.2588,8005.749,7967.2976,8358.9333,9628.770868,8258.26216,8799.0731,8430.2212,8296.1596,8960.4197,8920.9573,9166.1849,18981.615,25037.1383,14763.8481,32393.5922,22463.6343,20892.187,21206.3301,14869.1843,26983.2073,28565.22,33083.703,17509.10384,11647.49051,11731.16616,11810.88702,#N/A,#N/A,#N/A,#N/A,#N/A,#N/A,#N/A,#N/A
El Salvador,#N/A,#N/A,#N/A,#N/A,#N/A,#N/A,#N/A,#N/A,#N/A,#N/A,4927.5951,4965.814,5292.4863,5383.5558,5490.0872,5835.5969,6100.5612,6504.0817,6909.3793,6630.9574,5907.657,5803.8731,5329.2142,5453.8821,5353.7705,5788.7871,5728.0318,5947.5337,6411.8905,6398.644,6685.708201,7558.800082,8044.88808,8323.3196,9025.1887,9244.0507,9079.1212,10076.6089,10166.6802,10405.9039,10344.8258,11360.9979,11242.8073,11251.2782,11578.8968,11528.2484,11690.5465,12085.9588,11979.6733,11911.5615,11978.85339,12293.60687,12577.78974,#N/A,#N/A,#N/A,#N/A,#N/A,#N/A,#N/A,#N/A
Somaliland,#N/A,#N/A,#N/A,#N/A,#N/A,#N/A,#N/A,#N/A,#N/A,#N/A,#N/A,#N/A,#N/A,#N/A,#N/A,#N/A,#N/A,#N/A,#N/A,#N/A,#N/A,#N/A,#N/A,#N/A,#N/A,#N/A,#N/A,#N/A,#N/A,#N/A,#N/A,#N/A,#N/A,#N/A,#N/A,#N/A,#N/A,#N/A,#N/A,#N/A,#N/A,#N/A,#N/A,#N/A,#N/A,#N/A,#N/A,#N/A,#N/A,#N/A,#N/A,#N/A,#N/A,#N/A,#N/A,#N/A,#N/A,#N/A,#N/A,#N/A,#N/A
Somalia,#N/A,#N/A,#N/A,#N/A,#N/A,#N/A,#N/A,#N/A,#N/A,#N/A,13181.7,13129.918,13454.198,13320.357,13281.9971,14171.273,14181.477,15106.947,16193.475,16303.406,16255.966,16817.972,17214.377,16876.412,17197.466,17755.744,18075.94,18756.763,19427.304,19403.413,17953.40606,16221.62231,15394.0409,16893.93851,18252.92696,18762.6274,19206.201,19652.854,20919.889,21185.954,20491.617,20649.5067,20910.997,21516.575,21192.85,21219.932,21176.8067,21272.603,21450.946,21130.62112,21461.80546,21690.26568,21916.32322,#N/A,#N/A,#N/A,#N/A,#N/A,#N/A,#N/A,#N/A
Republic of Serbia,#N/A,#N/A,#N/A,#N/A,#N/A,#N/A,#N/A,#N/A,#N/A,#N/A,#N/A,#N/A,#N/A,#N/A,#N/A,#N/A,#N/A,#N/A,#N/A,#N/A,#N/A,#N/A,#N/A,#N/A,#N/A,#N/A,#N/A,#N/A,#N/A,#N/A,#N/A,#N/A,#N/A,#N/A,#N/A,#N/A,#N/A,#N/A,#N/A,#N/A,#N/A,#N/A,#N/A,#N/A,#N/A,#N/A,#N/A,#N/A,#N/A,#N/A,#N/A,#N/A,#N/A,#N/A,#N/A,#N/A,#N/A,#N/A,#N/A,#N/A,#N/A
Suriname,#N/A,#N/A,#N/A,#N/A,#N/A,#N/A,#N/A,#N/A,#N/A,#N/A,10002.5777,7813.9919,8952.7496,8386.1845,8392.1405,9352.2535,10284.9123,8862.489,10317.1017,10465.0604,11021.6972,10680.7747,10823.3116,10508.3434,8647.5121,9115.1443,9354.4063,10453.986,9097.2322,9339.4762,10497.9035,10097.4843,10557.7431,11071.6899,8490.7059,9187.752,9411.2301,9293.1873,3183.8257,2515.9603,2495.7631,#N/A,3139.5893,2773.2333,3272.307,2577.0835,2536.24631,2466.89566,3262.83885,3125.748165,#N/A,2598.261218,2657.877624,#N/A,#N/A,#N/A,#N/A,#N/A,#N/A,#N/A,#N/A
Slovakia,#N/A,#N/A,#N/A,#N/A,#N/A,#N/A,#N/A,#N/A,#N/A,#N/A,53503.762,52047.333,53252.355,54993.112,56047.973,57617.918,58390.431,60680.003,67885.735,68990.889,76255.227,75527.629,73119.803,72867.259,75846.946,75116.154,72102.662,71836.673,74921.464,73397.566,72262.4462,63383.655,59272.15,56027.312,53999.395,53824.71,54863.255,54885.143,53026.068,52301.806,50421.399,50059.67704,49587.27692,49336.11102,48357.39172,48958.78596,48387.52,48141.598,49160.98894,46722.85803,49973.282,48551.74999,46301.27397,#N/A,#N/A,#N/A,#N/A,#N/A,#N/A,#N/A,#N/A
Slovenia,#N/A,#N/A,#N/A,#N/A,#N/A,#N/A,#N/A,#N/A,#N/A,#N/A,11111.9233,11266.8859,11319.156,12763.8602,13487.2982,14299.5477,14315.4782,15375.6753,15849.9674,16830.6113,16418.3323,16592.292,16007.7027,17723.8848,18883.5755,18288.555,18215.4227,18618.6219,21367.5794,20632.639,19978.0218,18530.1805,17825.1774,18307.0892,18331.6882,18869.6953,20088.2004,21798.4558,21456.2578,21132.2618,20927.0855,21694.4131,22342.2576,21936.4936,22064.4812,22366.8829,22781.6492,22932.5376,23252.2604,21453.1576,21893.6609,21513.47647,21074.74834,#N/A,#N/A,#N/A,#N/A,#N/A,#N/A,#N/A,#N/A
Sweden,#N/A,#N/A,#N/A,#N/A,#N/A,#N/A,#N/A,#N/A,#N/A,#N/A,113240.349,106525.896,106820.9221,109999.902,102657.413,104174.447,110825.8983,107418.304,102256.316,105368.096,97853.2764,90385.88006,84124.39918,78522.96748,78623.9158,82915.28212,83970.6651,83836.75716,79750.44026,77023.41004,77170.66264,78779.06082,79779.73172,79917.04896,82407.17004,82229.84062,87890.34818,81623.7771,83307.056,81508.416,77926.242,77118.803,78855.443,79443.945,77672.9341,74562.6056,74171.135,71293.1667,69993.2847,65034.06712,71434.70981,68780.33045,65767.78706,#N/A,#N/A,#N/A,#N/A,#N/A,#N/A,#N/A,#N/A
Swaziland,#N/A,#N/A,#N/A,#N/A,#N/A,#N/A,#N/A,#N/A,#N/A,#N/A,#N/A,#N/A,#N/A,#N/A,#N/A,#N/A,#N/A,#N/A,#N/A,#N/A,#N/A,#N/A,#N/A,#N/A,#N/A,#N/A,#N/A,#N/A,#N/A,#N/A,#N/A,#N/A,#N/A,#N/A,#N/A,#N/A,#N/A,#N/A,#N/A,#N/A,#N/A,#N/A,#N/A,#N/A,#N/A,#N/A,#N/A,#N/A,#N/A,#N/A,#N/A,#N/A,#N/A,#N/A,#N/A,#N/A,#N/A,#N/A,#N/A,#N/A,#N/A
Syria,#N/A,#N/A,#N/A,#N/A,#N/A,#N/A,#N/A,#N/A,#N/A,#N/A,11176.8869,11204.9454,11162.5223,10697.32,13229.2466,15406.983,17852.4309,19473.9463,20093.5981,23406.0545,23191.2417,#N/A,28713.846,32864.613,35534.075,33087.724,33878.858,41039.2,43711.921,42422.991,48602.089,54760.18699,57171.00101,58494.532,57515.41299,60581.46301,62105.013,62190.78899,66648.61,67571.1701,68163.2714,65587.33,66236.358,66146.201,66910.8369,67605.9088,71044.9674,73073.0659,70097.5424,69995.65796,73021.03502,75181.26226,77118.71186,#N/A,#N/A,#N/A,#N/A,#N/A,#N/A,#N/A,#N/A
Chad,#N/A,#N/A,#N/A,#N/A,#N/A,#N/A,#N/A,#N/A,#N/A,#N/A,14368.377,14150.067,14471.138,14580.156,10753.759,11655.08,12279.844,14482.072,12931.631,14061.655,16803.345,14530.786,16394.959,15345.921,13781.68,12661.246,13248.815,14119.925,13571.283,14969.018,18338.288,15273.507,17296.592,16302.578,16295.452,17935.686,17780.528,18882.932,110317.974,123674.318,129247.645,104127.31,127184.569,132429.25,125121.297,123870.949,127646.749,128596.504,119558.378,102031.5381,109130.4151,109463.6387,109796.02,#N/A,#N/A,#N/A,#N/A,#N/A,#N/A,#N/A,#N/A
Togo,#N/A,#N/A,#N/A,#N/A,#N/A,#N/A,#N/A,#N/A,#N/A,#N/A,9572.318,9343.6136,9324.6776,9925.8985,7990.294,8588.4462,8770.3502,10236.7446,8930.5257,9685.7362,11575.5012,9836.7877,11402.6085,10459.9286,10521.9298,9677.9138,10080.571,10557.078,10159.6822,10920.0549,13410.2559,10948.2805,12174.1495,11394.7274,11770.2668,12779.7098,13188.6347,13225.6529,29197.5385,19898.0059,22054.7083,18097.698,20990.3645,20323.8047,14388.0002,32080.958,17748.1831,19389.963,27174.075,23856.09317,22578.11968,22760.63862,22931.85549,#N/A,#N/A,#N/A,#N/A,#N/A,#N/A,#N/A,#N/A
Thailand,#N/A,#N/A,#N/A,#N/A,#N/A,#N/A,#N/A,#N/A,#N/A,#N/A,109547.883,105109.343,107361.358,121711.686,111394.82,117930.994,121442.546,132890.662,141134.635,138182.815,144740.237,143100.48,141743.393,161415.92,153940.578,157906.935,159232.044,166024.666,181433.707,189314.174,208062.848,219782.273,238491.042,245857.035,260304.403,281623.814,295588.19,300754.973,400464.248,316589.116,283870.041,287255.602,322454.08,324192.72,380171.266,364315.701,349980.871,388568.002,357708.275,363782.1054,421227.831,431312.3099,440411.679,#N/A,#N/A,#N/A,#N/A,#N/A,#N/A,#N/A,#N/A
Tajikistan,#N/A,#N/A,#N/A,#N/A,#N/A,#N/A,#N/A,#N/A,#N/A,#N/A,7693.7633,7986.0294,8359.4295,8744.2589,9152.9499,8289.6217,8536.3908,8638.5636,8804.9751,9014.1566,9731.9671,9825.9201,9655.1773,10039.0383,10073.4023,10619.2379,11252.9095,11586.0333,11935.1806,12227.0323,21668.05999,22661.2671,20247.8295,16052.4613,13056.7906,12715.7739,12376.2444,11524.8742,11512.4827,11332.11459,10059.39618,10365.7487,10320.5883,10832.779,11882.3893,12218.0161,13240.0017,14531.7933,14274.5997,14128.87829,14727.20554,15285.81981,15364.57529,#N/A,#N/A,#N/A,#N/A,#N/A,#N/A,#N/A,#N/A
Turkmenistan,#N/A,#N/A,#N/A,#N/A,#N/A,#N/A,#N/A,#N/A,#N/A,#N/A,29940.89031,30274.69158,31958.9274,34041.32081,36487.01679,24581.97739,29493.19331,31210.32098,33029.80609,33990.23889,31156.38289,32512.02048,34235.01278,36041.22119,37546.36488,39783.94391,41533.63659,43155.00339,45973.42189,46883.13979,81331.86526,74811.5844,56305.202,57807.50329,55777.5244,55244.04118,51096.4311,45884.62589,45828.8712,55973.7051,63236.1554,66916.3495,70833.489,80037.228,76966.669,79175.65,81028.319,86686.09,91468.9779,80016.14002,87379.66852,88648.71773,92178.07491,#N/A,#N/A,#N/A,#N/A,#N/A,#N/A,#N/A,#N/A
East Timor,#N/A,#N/A,#N/A,#N/A,#N/A,#N/A,#N/A,#N/A,#N/A,#N/A,587.753181,604.463877,651.185891,658.315196,646.901939,604.487402,545.593594,485.620195,442.093233,377.158609,351.6886,356.719006,373.219456,394.160686,418.37091,423.189126,427.597951,427.786781,408.070011,424.894432,453.01726,529.41988,512.89364,534.99325,704.34512,781.22411,637.44034,617.29528,643.15113,560.325299,615.325105,790.90958,804.05067,860.4052,878.93092,885.58214,898.09615,901.8808,912.7317,925.4152962,940.4596433,949.9068394,959.3474036,#N/A,#N/A,#N/A,#N/A,#N/A,#N/A,#N/A,#N/A
Trinidad and Tobago,#N/A,#N/A,#N/A,#N/A,#N/A,#N/A,#N/A,#N/A,#N/A,#N/A,#N/A,8110.1276,8298.11,#N/A,#N/A,#N/A,#N/A,#N/A,#N/A,#N/A,#N/A,#N/A,#N/A,#N/A,#N/A,#N/A,#N/A,#N/A,#N/A,#N/A,#N/A,#N/A,#N/A,#N/A,#N/A,#N/A,#N/A,#N/A,21180.0079,22878.2266,24111.8088,25251.93469,#N/A,31439.71722,38415.06456,43922.03567,52004.71641,51308.1038,54553.4709,54882.34073,58068.7624,59776.58342,61308.52535,#N/A,#N/A,#N/A,#N/A,#N/A,#N/A,#N/A,#N/A
Tunisia,#N/A,#N/A,#N/A,#N/A,#N/A,#N/A,#N/A,#N/A,#N/A,#N/A,8479.4321,8771.2244,9434.5967,9627.3347,10360.0536,10622.7836,10982.8238,11832.3988,12338.5017,13339.6628,14533.9905,14895.9575,14732.2121,16463.334,17245.4589,17873.3405,18241.9128,18601.5706,19433.0224,20595.6027,21219.0337,22091.5966,23170.6748,23965.4593,23971.6874,24746.4234,26068.7112,26847.3333,28144.0212,29463.8647,30799.8283,31281.85788,31568.35041,31530.91212,32529.07867,32172.81872,33238.0391,33570.51959,35101.99196,35556.61165,37649.97347,38741.13524,39721.00885,#N/A,#N/A,#N/A,#N/A,#N/A,#N/A,#N/A,#N/A
Turkey,#N/A,#N/A,#N/A,#N/A,#N/A,#N/A,#N/A,#N/A,#N/A,#N/A,94428.85,99374.045,108791.1739,115255.655,118498.562,126182.61,136679.436,146624.723,146792.691,141905.285,146951.184,150438.512,158937.322,163446.14,170409.118,175454.826,187199.933,193604.769,198660.212,212147.125,224459.0446,226728.432,237906.463,244901.253,240893.454,261203.422,278000.492,289681.095,295884.83,295553.274,316464.841,297564.107,310061.148,323781.172,333497.624,347595.11,377156.061,406298.253,399181.904,404636.7231,422721.8742,434798.4612,445640.0784,#N/A,#N/A,#N/A,#N/A,#N/A,#N/A,#N/A,#N/A
Taiwan,#N/A,#N/A,#N/A,#N/A,#N/A,#N/A,#N/A,#N/A,#N/A,#N/A,#N/A,#N/A,#N/A,#N/A,#N/A,#N/A,#N/A,#N/A,#N/A,#N/A,#N/A,#N/A,#N/A,#N/A,#N/A,#N/A,#N/A,#N/A,#N/A,#N/A,#N/A,#N/A,#N/A,#N/A,#N/A,#N/A,#N/A,#N/A,#N/A,#N/A,#N/A,#N/A,#N/A,#N/A,#N/A,#N/A,#N/A,#N/A,#N/A,#N/A,#N/A,#N/A,#N/A,#N/A,#N/A,#N/A,#N/A,#N/A,#N/A,#N/A,#N/A
United Republic of Tanzania,#N/A,#N/A,#N/A,#N/A,#N/A,#N/A,#N/A,#N/A,#N/A,#N/A,98932.745,60645.289,64664.847,68501.838,61250.154,70905.189,64788.357,73091.504,76880.108,97909.003,83507.79,75069.891,83356.812,83397.041,67140.704,68435.683,65614.9,86096.354,65066.808,71861.111,94958.046,81829.09,120883.593,75693.156,86107.167,90916.004,79397.965,76244.39,286147.048,157566.041,215939.362,196701.201,183662.081,259727.88,221348.892,269558.988,167500.799,202224.85,201404.515,231456.2505,234147.1609,234762.0296,235353.1169,#N/A,#N/A,#N/A,#N/A,#N/A,#N/A,#N/A,#N/A
Uganda,#N/A,#N/A,#N/A,#N/A,#N/A,#N/A,#N/A,#N/A,#N/A,#N/A,14722.559,15454.157,16463.91,18144.438,17374.151,19053.108,20444.147,22512.664,22638.448,24192.898,26440.239,25371.185,27699.29,27979.681,28930.691,29111.136,30504.617,30070.446,31101.471,33057.727,36900.522,35319.154,37220.18,37152.908,37154.655,38761.035,38939.181,39732.039,85877.486,58912.738,72771.094,57992.589,59822.889,89594.609,70139.651,111346.724,40779.024,104200.612,89206.67,52830.34741,79906.21027,80318.96825,80725.08492,#N/A,#N/A,#N/A,#N/A,#N/A,#N/A,#N/A,#N/A
Ukraine,#N/A,#N/A,#N/A,#N/A,#N/A,#N/A,#N/A,#N/A,#N/A,#N/A,560722.4,564860.78,583845.25,606670.9,621547.49,648156.94,667327.05,677594.55,680755.49,695292.73,692574.3,690836.44,690840.84,695756.9,699259.22,713930.32,717905.34,726913.36,732231.73,729646.83,953118.7193,885209.398,804262.83,712000.67,606685.64,598434.25,533868.64,514547.65,485491.77,483347.22,470107.957,459965.89,462724.218,484337.015,457164.876,434668.759,432631.658,444201.662,436817.125,367349.7078,393092.0594,410067.3131,404900.3049,#N/A,#N/A,#N/A,#N/A,#N/A,#N/A,#N/A,#N/A
Uruguay,#N/A,#N/A,#N/A,#N/A,#N/A,#N/A,#N/A,#N/A,#N/A,#N/A,25510.63,25239.218,26091.101,26747.813,27679.102,29434.995,28241.345,28024.186,28258.316,29797.095,31494.248,31343.057,30595.311,26942.308,25555.19,25933.909,26134.151,27355.029,29630.809,28552.437,26111.56991,27784.4068,29392.818,29964.965,30030.69,30383.549,31694.519,31457.969,30975.1,32266.308,30375.776,29627.3982,30061.0899,30911.299,32686.693,32688.881,34035.504,33889.416,34052.25,33509.67597,33285.19663,33773.77084,34237.82952,#N/A,#N/A,#N/A,#N/A,#N/A,#N/A,#N/A,#N/A
United States of America,#N/A,#N/A,#N/A,#N/A,#N/A,#N/A,#N/A,#N/A,#N/A,#N/A,5400503.5,5440420.62,5704297.25,5912971.38,5756864.1,5539255.42,5868459.65,6048233.1,6054464.7,6135462.9,5896082.8,5830249.4,5534118,5524777.8,5761217.3,5776897.6,5731026.3,5743632.7,6185748,6221391.6,6136093.5,6073643.8,6137498.4,6282704.3,6374979.2,6365296.6,6577713.1,6724414.4,6749016.1,6808137.8,6969123.8,6821235.6,6981786.8,6991255.2,7244271.5,7182808.4,6994086.9,7128951.7,6648991.2,6604068.952,6713348.969,6571653.977,6343840.508,#N/A,#N/A,#N/A,#N/A,#N/A,#N/A,#N/A,#N/A
Uzbekistan,#N/A,#N/A,#N/A,#N/A,#N/A,#N/A,#N/A,#N/A,#N/A,#N/A,82935.19789,84401.20764,88583.614,93604.56089,99230.91424,68100.28324,73669.28589,76372.02764,79044.04824,79217.47624,76389.52724,78101.20364,81039.46164,83618.81224,85761.78264,88918.08289,92264.51853,94901.41153,98614.73553,98876.77753,169357.5032,171748.2331,162670.0411,162766.7895,156744.5981,145116.2276,146678.4964,151246.3585,165588.0132,167640.3747,165976.901,168462.266,176066.177,173583.4809,171337.568,167568.4382,173581.7872,173888.2978,183949.988,173966.2187,172722.6657,180734.9456,177223.751,#N/A,#N/A,#N/A,#N/A,#N/A,#N/A,#N/A,#N/A
Venezuela,#N/A,#N/A,#N/A,#N/A,#N/A,#N/A,#N/A,#N/A,#N/A,#N/A,137392.304,123610.813,130311.533,135180.664,135826.288,134549.482,145623.004,140138.484,152728.897,168193.673,180109.358,177390.036,181184.94,181325.211,176021.208,179417.924,184737.194,195384.832,189621.802,197170.645,210102.629,208029.469,213146.061,224661.35,211849.291,227661.215,239936.301,249990.66,285667.879,230882.932,251579.927,265572.479,232788.235,281169.099,258464.943,255157.645,255908.588,280143.816,271197.403,265790.1026,268746.1951,275683.7638,281921.3686,#N/A,#N/A,#N/A,#N/A,#N/A,#N/A,#N/A,#N/A
Vietnam,#N/A,#N/A,#N/A,#N/A,#N/A,#N/A,#N/A,#N/A,#N/A,#N/A,79128.716,77395.2741,78737.297,83408.676,79939.5781,80402.3791,79150.1601,83325.625,83169.186,83053.543,85058.473,86364.66,89161.117,93260.3,91835.926,92693.495,95769.861,95865.869,99076.309,97268.0981,99053.923,101488.38,104778.224,108871.18,114050.584,120659.102,127273.144,133695.788,186688.169,175583.298,155791.92,159962.824,187715.028,190419.293,229221.952,232509.773,234359.249,256396.703,255549.534,266081.8482,278994.36,285091.0557,310664.0693,#N/A,#N/A,#N/A,#N/A,#N/A,#N/A,#N/A,#N/A
Vanuatu,#N/A,#N/A,#N/A,#N/A,#N/A,#N/A,#N/A,#N/A,#N/A,#N/A,230.16681,248.1072,248.29249,273.71373,295.98076,299.01997,307.01401,307.47132,302.2542,306.43106,337.82639,352.83313,336.96433,341.63759,321.58564,370.00293,371.79794,382.75826,409.83345,401.33632,433.35203,420.53478,404.75851,427.67866,425.15504,426.35241,431.83803,441.63197,444.36653,453.2303,462.64018,457.10299,443.53373,441.34167,435.05069,436.13738,431.27902,444.5052,448.64291,426.8586986,433.7658416,440.1527321,446.2205969,#N/A,#N/A,#N/A,#N/A,#N/A,#N/A,#N/A,#N/A
West Bank,#N/A,#N/A,#N/A,#N/A,#N/A,#N/A,#N/A,#N/A,#N/A,#N/A,#N/A,#N/A,#N/A,#N/A,#N/A,#N/A,#N/A,#N/A,#N/A,#N/A,#N/A,#N/A,#N/A,#N/A,#N/A,#N/A,#N/A,#N/A,#N/A,#N/A,#N/A,#N/A,#N/A,#N/A,#N/A,#N/A,#N/A,#N/A,#N/A,#N/A,#N/A,#N/A,#N/A,#N/A,#N/A,#N/A,#N/A,#N/A,#N/A,#N/A,#N/A,#N/A,#N/A,#N/A,#N/A,#N/A,#N/A,#N/A,#N/A,#N/A,#N/A
Yemen,#N/A,#N/A,#N/A,#N/A,#N/A,#N/A,#N/A,#N/A,#N/A,#N/A,4839.5209,5099.1964,5353.7458,5678.1841,5872.2931,5917.5693,6186.5688,6264.1134,6618.7501,6899.5535,7806.9207,7911.1785,8473.5444,9000.1068,9185.6179,9605.3506,10010.3032,10103.0026,11644.3834,12042.575,12850.0134,14536.44773,15337.67187,14603.0136,16621.06553,17884.47327,18386.3043,19676.01703,20869.7911,22895.6985,24225.1802,25210.4164,26580.1033,28983.2226,29514.278,32666.189,34959.446,36225.625,36800.226,37027.20395,38865.29243,39949.08216,40924.62769,#N/A,#N/A,#N/A,#N/A,#N/A,#N/A,#N/A,#N/A
South Africa,#N/A,#N/A,#N/A,#N/A,#N/A,#N/A,#N/A,#N/A,#N/A,#N/A,253769.713,250418.763,250958.915,269278.453,275680.14,294054.847,308489.576,309765.409,286819.563,298781.005,307875.565,311848.005,309369.215,299856.869,#N/A,#N/A,#N/A,#N/A,#N/A,#N/A,349202.002,343391.118,353846.549,347840.727,355673.58,371350.205,383673.271,403030.554,457895.896,430853.836,420482.753,416031.241,434071.075,456334.126,472713.791,498312.886,480054.73,502130.255,#N/A,#N/A,#N/A,#N/A,#N/A,#N/A,#N/A,#N/A,#N/A,#N/A,#N/A,#N/A,#N/A
Zambia,#N/A,#N/A,#N/A,#N/A,#N/A,#N/A,#N/A,#N/A,#N/A,#N/A,234168.07,132574.688,142670.635,153119.791,133429.651,158349.194,140274.614,161327.523,170040.125,224649.37,185987.495,161735.191,183354.757,183318.841,141719.191,144149.26,134957.639,188042.331,132223.568,149004.965,209648.8201,174044.6664,278259.6711,156527.2246,182686.6593,185179.1143,156680.6868,149986.7471,448613.6431,328963.96,290812.3696,297452.755,300362.201,356024.845,368995.695,396446.481,314793.497,341005.669,321163.519,266118.4836,319784.6304,320024.697,320254.2183,#N/A,#N/A,#N/A,#N/A,#N/A,#N/A,#N/A,#N/A
Zimbabwe,#N/A,#N/A,#N/A,#N/A,#N/A,#N/A,#N/A,#N/A,#N/A,#N/A,24033.927,21404.869,21231.4,23156.252,22589.525,22661.632,23324.956,23276.589,22595.362,23746.361,22756.139,21833.451,22737.021,22613.69,21986.067,23895.775,26007.141,28160.267,29369.643,30264.471,35100.59,34132.529,38275.978,30183.416,30208.734,30376.986,30570.239,29469.426,76391.804,66724.652,51434.535,58452.519,50281.895,48216.933,61742.544,59894.603,55535.28,60917.825,68840.706,67914.13101,71019.11673,71561.95225,72057.80332,#N/A,#N/A,#N/A,#N/A,#N/A,#N/A,#N/A,#N/A