Country,1980,1981,1982,1983,1984,1985,1986,1987,1988,1989,1990,1991,1992,1993,1994,1995,1996,1997,1998,1999,2000,2001,2002,2003,2004,2005,2006,2007,2008,2009,2010,2011,2012,2013,2014,2015,2016,2017,2018,2019,2020,Area
Afghanistan,13356500,13171700,12882500,12537700,12204300,11938200,11736200,11604500,11618000,11868900,12412300,13299000,14485500,15816600,17075700,18110700,18853400,19357100,19737800,20170800,20780000,21607000,22600800,23680900,24726700,25654300,26433100,27100500,27722300,28394800,29185500,30117400,31161400,32269600,33370800,34413600,35383000,36296100,37173500,38041754,38928346,652230
Albania,2682700,2737020,2790280,2844870,2904140,2969670,3044200,3124890,3200970,3257910,3286070,3280400,3245890,3195200,3146520,3112920,3098700,3099750,3110700,3122700,3129250,3129700,3126180,3118020,3104890,3086810,3063020,3033990,3002680,2973040,2948030,2928600,2914090,2903790,2896310,2890520,2886430,2884170,2882050,2880917,2877797,28748
Algeria,19221700,19824300,20452900,21101900,21763600,22431500,23102400,23774300,24443500,25106200,25758900,26400500,27028300,27635500,28213800,28757800,29266400,29743000,30192800,30623400,31042200,31451500,31855100,32264200,32692200,33149700,33641000,34167000,34730600,35333900,35977400,36661400,37383900,38140100,38923700,39728000,40551400,41389200,42209800,43053054,43851044,2381741
Angola,8341290,8640480,8952970,9278100,9614760,9961990,10320100,10689200,11068000,11454800,11848400,12248900,12657400,13075000,13503800,13945200,14400700,14871600,15359600,15866900,16395500,16945800,17519400,18121500,18758100,19433600,20149900,20905400,21695600,22514300,23356200,24220700,25107900,26015800,26941800,27884400,28842500,29816800,30833300,31825295,32866272,1246700
Antarctica,#N/A,#N/A,#N/A,#N/A,#N/A,#N/A,#N/A,#N/A,#N/A,#N/A,#N/A,#N/A,#N/A,#N/A,#N/A,#N/A,#N/A,#N/A,#N/A,#N/A,#N/A,#N/A,#N/A,#N/A,#N/A,#N/A,#N/A,#N/A,#N/A,#N/A,#N/A,#N/A,#N/A,#N/A,#N/A,#N/A,#N/A,#N/A,#N/A,1050,1106,14000000
Argentina,27951930,28398000,28858300,29327900,29801630,30276050,30755450,31241600,31728100,32208150,32675950,33131900,33579750,34020120,34453770,34880850,35299200,35709000,36113680,36516900,36921700,37327620,37732750,38137020,38540620,38942950,39341350,39736480,40132930,40535520,40948950,41375930,41813050,42254680,42694980,43129300,43559050,43987200,37174500,44780677,45195774,2780400
Armenia,#N/A,#N/A,#N/A,#N/A,#N/A,#N/A,#N/A,#N/A,#N/A,#N/A,#N/A,#N/A,3442820,3363110,3283660,3217350,3168210,3133080,3108690,3089020,3069600,3050690,3033980,3017940,3000720,2981260,2958300,2932610,2907610,2888090,2877310,2876540,2884240,2897590,2912400,2925560,2936150,2944790,2950940,2957731,2963243,29743
Australia,14725170,14957470,15208530,15415550,15604170,15816320,16048400,16297850,16575930,16846770,17090400,17309820,17500070,17661800,17832580,18034570,18253050,18447600,18636000,18842430,19060620,19303880,19525700,19749470,19965620,20214900,20504750,20877670,21309950,21736780,22068200,22390950,22784070,23172270,23521270,23862630,24245950,24648880,25036420,25203198,25499884,7692024
Austria,7550408,7572555,7571652,7561340,7561883,7565422,7570558,7575018,7587567,7625880,7686107,7765895,7851160,7911413,7937960,7949475,7960505,7968811,7978205,7994788,8013915,8047630,8086537,8126710,8179315,8234445,8272225,8298615,8324873,8345400,8366340,8395760,8435458,8486812,8556000,8657140,8745720,8803744,8845085,8955102,9006398,83871
Azerbaijan,#N/A,#N/A,#N/A,#N/A,#N/A,#N/A,#N/A,#N/A,#N/A,#N/A,#N/A,#N/A,7471920,7581750,7683700,7775420,7855560,7925670,7989900,8054130,8122740,8197290,8277070,8361430,8448940,8538610,8630150,8724240,8821870,8924380,9032460,9146280,9264680,9385470,9505620,9622740,9736040,9845320,37175500,10047718,10139177,86600
Bangladesh,79639500,81767500,83932100,86142500,88416500,90764200,93187600,95671200,98186400,1.01E+08,1.03E+08,1.06E+08,1.08E+08,1.10E+08,1.13E+08,1.15E+08,1.18E+08,1.20E+08,1.23E+08,1.25E+08,1.28E+08,1.30E+08,1.32E+08,1.35E+08,1.37E+08,1.39E+08,1.41E+08,1.43E+08,1.44E+08,1.46E+08,1.48E+08,1.49E+08,1.51E+08,1.53E+08,1.55E+08,1.56E+08,1.58E+08,1.60E+08,37175500,1.63E+08,1.65E+08,147570
Belarus,#N/A,#N/A,#N/A,#N/A,#N/A,#N/A,#N/A,#N/A,#N/A,#N/A,#N/A,#N/A,10154300,10135100,10108300,10077600,10044800,10009400,9969990,9924440,9871630,9811400,9745930,9679240,9616630,9562080,9516880,9480510,9452860,9433160,9420580,9415320,9417040,9423500,9431740,9439420,9445640,9450230,9449930,9452411,9449323,207600
Belgium,9860275,9857885,9856732,9854895,9855960,9858452,9862555,9871603,9908150,9940218,9972277,10008860,10050950,10088500,10119350,10138350,10160000,10184000,10205700,10229600,10254280,10292380,10338530,10381200,10427300,10486800,10557100,10636000,10720750,10807350,10940380,11047700,11114700,11164750,11216150,11283430,11336500,11381030,11434150,11539328,11589623,30528
Belize,144142,147572,151486,155820,160341,164918,169569,174333,179023,183471,187554,191136,194324,197625,201679,206962,213660,221575,230248,238979,247310,255068,262387,269428,276516,283798,291338,299031,306822,314655,322465,330236,338001,345707,353366,360926,368399,375775,383057,390353,397628,22966
Benin,3717160,3820130,3927720,4039940,4156820,4278500,4404500,4535260,4672840,4820020,4978490,5149500,5331810,5521760,5714210,5905550,6094270,6281640,6470270,6664100,6865950,7076730,7295400,7520560,7750000,7982220,8216890,8454790,8696920,8944710,9199250,9460830,9729250,10004600,10286800,10576000,10872100,11175200,37176500,11801151,12123200,112622
Bhutan,406883,418359,429835,441312,452788,464264,477571,490879,504186,517494,530801,531567,532332,533098,533863,534629,545906,557183,568460,579737,591014,602560,614106,625652,637198,648744,656096,663447,670799,678150,685502,693979,702455,710932,719408,727885,736630,745376,37176500,763092,771608,38394
Bolivia,5579930,5697100,5814340,5932810,6054130,6179460,6309130,6442820,6580320,6721120,6864840,7011460,7160920,7312860,7466790,7622330,7779270,7937450,8096760,8257070,8418270,8580240,8742820,8905820,9069040,9232300,9395450,9558440,9721460,9884790,10048600,10213000,10377700,10542400,10706500,10869700,11031800,11192800,11352900,11513100,11673021,1098581
Bosnia and Herzegovina,#N/A,#N/A,#N/A,#N/A,#N/A,#N/A,#N/A,#N/A,#N/A,#N/A,#N/A,#N/A,4233670,4078940,3936530,3829050,3764420,3736070,3734340,3743350,3751180,3755510,3759390,3762180,3764190,3765330,3765420,3762790,3754260,3735950,3705480,3661170,3604970,3542600,3482110,3429360,3386260,3351530,3327960,3301000,3280819,51209
Botswana,897860,930412,962859,996124,1031440,1069580,1110950,1154900,1200070,1244480,1286760,1326320,1363540,1399110,1434060,1469170,1504720,1540420,1575830,1610260,1643330,1674670,1704640,1734390,1765530,1799080,1835910,1875460,1915640,1953490,1987110,2015410,2039550,2062550,2088620,2120720,2159930,2205080,2253930,2303697,2351627,582000
Brazil,1.21E+08,1.24E+08,1.27E+08,1.30E+08,1.33E+08,1.36E+08,1.38E+08,1.41E+08,1.44E+08,1.47E+08,1.49E+08,1.52E+08,1.55E+08,1.57E+08,1.60E+08,1.62E+08,1.65E+08,1.68E+08,1.70E+08,1.73E+08,1.75E+08,1.77E+08,1.80E+08,1.82E+08,1.84E+08,1.86E+08,1.88E+08,1.90E+08,1.92E+08,1.94E+08,1.96E+08,1.98E+08,2.00E+08,2.01E+08,2.03E+08,2.05E+08,2.06E+08,2.08E+08,37177500,2.11E+08,2.13E+08,8515767
Brunei,193880,200027,206064,212073,218176,224440,230917,237565,244405,251456,258714,266208,273888,281684,289452,297112,304620,311962,319135,326214,333166,340037,346777,353295,359434,365112,370262,374967,379418,383902,388634,393687,398997,404414,409778,414914,419791,424481,37177500,433285,437479,5765
Bulgaria,8865312,8894732,8920426,8942341,8963312,8957880,8960245,8972582,8982745,8849555,8706035,8623143,8526335,8469174,8439547,8400728,8357355,8304850,8250183,8205688,8164995,7974060,7829248,7767785,7709788,7651570,7593935,7538502,7486200,7438772,7389058,7343053,7300555,7260255,7218505,7171940,7121330,7069467,7018790,7000119,6948445,110879
Burkina Faso,6822840,6985170,7158260,7340910,7531240,7727910,7930690,8140080,8356310,8579820,8811030,9050090,9297110,9552470,9816580,10089900,10372700,10665500,10968700,11282700,11608000,11944600,12293100,12654600,13030600,13421900,13829200,14252000,14689700,15141100,15605200,16081900,16571200,17072800,17586000,18110600,18646300,19193200,19763200,20321378,20903273,272967
Burundi,4157300,4276010,4394710,4513420,4632130,4750840,4888460,5026080,5163710,5301330,5438960,5548570,5658190,5767810,5877430,5987040,6065410,6143770,6222140,6300500,6378870,6576070,6773270,6970470,7167660,7364860,7627010,7889160,8151310,8413450,8675600,8972490,9269370,9566260,9863140,10160000,10506200,10852300,11198500,11530580,11890784,27834
Cambodia,6693760,6749850,6919800,7170000,7447840,7714890,7960950,8198080,8435910,8691330,8975600,9289300,9623900,9970730,10317900,10656100,10982900,11298600,11600500,11886500,12155200,12405400,12637700,12856200,13066500,13273400,13477700,13680000,13883800,14093600,14312200,14541400,14780500,15026300,15274500,15521400,15766300,16009400,37178500,16486542,16718965,181035
Cameroon,8621410,8888530,9166810,9456500,9757850,10070800,10395500,10731100,11075400,11425800,11780100,12137900,12499500,12864100,13231000,13600000,13970800,14344400,14723800,15112600,15513900,15928900,16357600,16800900,17259300,17733400,18223700,18730300,19252700,19789900,20341200,20906400,21485300,22077300,22681800,23298400,23926600,24566100,37178500,25876380,26545863,475442
Canada,24470730,24784550,25082920,25335950,25576770,25813200,26067470,26397880,26751500,27214930,27632380,27987100,28324180,28651470,28960080,29263000,29569880,29867550,30123880,30367050,30647400,30971350,31308680,31603350,31901270,32204100,32529380,32848700,33199400,33581100,33958320,34298450,34664850,35034020,35392400,35678070,36052330,36492050,36993750,37411047,37742154,9984670
Central African Republic,2199360,2264440,2335330,2408320,2478380,2542170,2597760,2646840,2693970,2745730,2806730,2878510,2959240,3046150,3135010,3222660,3308230,3392440,3475490,3558010,3640430,3722020,3802130,3881180,3959880,4038380,4118070,4198010,4273370,4337620,4386770,4418640,4436420,4447940,4464170,4493170,4537690,4596020,4673940,4745185,4829767,622984
Chad,4514430,4630620,4746820,4863010,4979210,5095400,5268970,5442540,5616110,5789680,5963250,6172630,6382010,6591390,6800770,7010150,7279250,7548350,7817450,8086550,8355650,8703850,9052050,9400240,9748440,10096600,10467700,10838800,11209900,11581000,11952100,12383900,12815700,13247400,13679200,14111000,14574000,15036900,15499900,15946876,16425864,1284000
Chile,11439880,11603600,11765500,11929670,12100280,12280980,12472650,12672670,12878920,13089030,13301800,13520700,13746120,13972550,14194320,14406430,14609200,14805780,14996880,15183080,15364380,15538570,15705880,15870080,16035150,16204370,16377570,16552600,16729000,16906620,17084550,17259970,17433780,17610930,17796300,17997850,18232450,18492900,37179500,18952038,19116201,756102
China,1.00E+09,1.02E+09,1.03E+09,1.05E+09,1.06E+09,1.08E+09,1.10E+09,1.12E+09,1.14E+09,1.16E+09,1.18E+09,1.19E+09,1.21E+09,1.22E+09,1.23E+09,1.24E+09,1.25E+09,1.26E+09,1.27E+09,1.28E+09,1.29E+09,1.30E+09,1.31E+09,1.32E+09,1.32E+09,1.33E+09,1.34E+09,1.35E+09,1.35E+09,1.36E+09,1.37E+09,1.38E+09,1.39E+09,1.39E+09,1.40E+09,1.41E+09,1.41E+09,1.42E+09,37179500,1.43E+09,1.44E+09,9706961
Colombia,26900500,27496600,28101800,28714200,29331200,29951200,30572500,31195400,31822500,32457500,33102600,33758300,34422600,35091300,35759000,36421400,37076400,37723800,38364300,38999500,39630000,40256000,40875400,41483900,42075900,42647700,43200900,43737500,44255000,44750100,45222700,45662800,46075700,46495500,46967700,47520700,48175100,48909800,49567500,50339443,50882891,1141748
Costa Rica,2389970,2455590,2523360,2593010,2664220,2736720,2810250,2884860,2960930,3039010,3119440,3202080,3286520,3372300,3458830,3545520,3632360,3718950,3803890,3885430,3962370,4034070,4100920,4164050,4225160,4285500,4345420,4404630,4463120,4520740,4577370,4633090,4688000,4742110,4795390,4847810,4899340,4949960,4998010,5047561,5094118,51100
Croatia,#N/A,#N/A,#N/A,#N/A,#N/A,#N/A,#N/A,#N/A,#N/A,#N/A,#N/A,#N/A,4570805,4611635,4653740,4610315,4551080,4535393,4530968,4508882,4371280,4301710,4305425,4305600,4308935,4311877,4313140,4312555,4310610,4305453,4294728,4281185,4267330,4252560,4233377,4203660,4167885,4123760,4087215,4130304,4105267,56594
Cuba,9849460,9898890,9940310,9981300,10031700,10097900,10183900,10286600,10397500,10504000,10597000,10673500,10736400,10789300,10838500,10888200,10939300,10989700,11038700,11084700,11126400,11164700,11199700,11229200,11250400,11261600,11261200,11251100,11237000,11226700,11225800,11236700,11257100,11282700,11306900,11324800,11335100,11339200,37180500,11333483,11326616,109884
Cyprus,512300,522845,524623,531518,538397,544605,550888,556584,562693,572655,587141,603069,619231,632944,645399,656333,666313,675215,682862,690497,697549,705539,713720,722893,733067,744013,757916,776333,796930,819140,839751,862011,865878,858000,847008,848319,854802,864236,37180500,1198575,1207359,9251
Czech Republic,#N/A,#N/A,#N/A,#N/A,#N/A,#N/A,#N/A,#N/A,#N/A,#N/A,#N/A,#N/A,#N/A,10330900,10333500,10325750,10313700,10302850,10293200,10282430,10249300,10212750,10195850,10194330,10197550,10214300,10242730,10309950,10394900,10448470,10477480,10498450,10512120,10513800,10528580,10548030,10569450,10598300,10634900,10689209,10708981,78865
Democratic Republic of the Congo,8033650,8393690,8764990,9144940,9530100,9918200,10307300,10698200,11094700,11502500,11924900,12362400,12812400,13271600,13735400,14199800,14665100,15130700,15589400,16032600,16454700,16853000,17231500,17599600,17970500,18354500,18754900,19171200,19605600,20059200,20532900,21028700,21547200,22087500,22647700,23226200,23822700,24437500,25084400,5380508,5518087,342000
Denmark,5123270,5120965,5117473,5113755,5111492,5114335,5121595,5127580,5129583,5133297,5142320,5156255,5173680,5190630,5208565,5237785,5266085,5287458,5306560,5323855,5342015,5361175,5377825,5392340,5406240,5421438,5439725,5465024,5498080,5526007,5550918,5573058,5594335,5618005,5647535,5689425,5733200,5769030,5796748,5771876,5792202,43094
Djibouti,358960,372290,385619,398949,412278,425608,458565,491522,524479,557436,590393,598391,606390,614388,622387,630385,647823,665262,682700,700139,717577,730711,743845,756980,770114,783248,794637,806026,817416,828805,840194,854955,869716,884476,899237,913998,928799,943600,37181500,973560,988000,23200
Dominican Republic,5803930,5935900,6067770,6199660,6331760,6464230,6596970,6729930,6863440,6997880,7133490,7270410,7408340,7546470,7683710,7819240,7952770,8084410,8214430,8343290,8471320,8598600,8724970,8850320,8974440,9097260,9218680,9338860,9458080,9576740,9695120,9813220,9930920,10048200,10165200,10281700,10397700,10513100,37181500,10738958,10847910,48671
East Timor,5803930,5935900,6067770,6199660,6331760,6464230,6596970,6729930,6863440,6997880,7133490,7270410,7408340,7546470,7683710,7819240,7952770,8084410,8214430,8343290,8471320,8598600,8724970,8850320,8974440,9097260,9218680,9338860,9458080,9576740,9695120,9813220,9930920,10048200,10165200,10281700,10397700,10513100,10624700,1250145,1318445,14874
Ecuador,7989180,8197650,8409400,8624590,8843460,9066100,9292480,9522360,9755580,9991870,10230900,10472500,10716100,10961500,11208000,11455200,11703200,11951500,12198500,12442100,12681100,12914700,13143500,13369700,13596400,13825800,14059400,14296500,14535700,14774400,15011100,15243900,15474100,15707500,15951800,16212000,16491100,16785400,17071300,17373662,17643054,276841
Egypt,43309100,44400100,45539300,46728300,47968600,49258700,50602400,51991700,53399200,54788700,56134500,57424600,58666800,59880700,61095800,62334000,63601600,64892300,66200300,67515600,68831600,70152700,71485000,72826100,74172100,75523600,76873700,78232100,79636100,81134800,82761200,84529200,86422200,88404600,90424700,92442500,94447100,96442600,98406500,1.00E+08,1.02E+08,1002450
El Salvador,4591130,4666360,4737260,4804940,4871040,4936800,5002340,5067530,5133270,5200610,5270070,5342190,5416330,5490480,5561920,5628600,5689940,5746290,5797760,5844830,5887930,5927000,5962140,5994080,6023800,6052120,6079400,6105810,6131770,6157680,6183880,6210570,6237920,6266080,6295120,6325120,6356140,6388120,37182500,6453553,6486205,21041
Equatorial Guinea,249931,264370,284638,308208,331554,352116,369024,382977,394973,406620,419188,432844,447269,462637,479099,496768,515844,536459,558496,581765,606180,631662,658388,686670,716949,749527,784494,821686,860839,901589,943640,986861,1031190,1076410,1122270,1168570,1215180,1262010,37182500,1355986,1402985,28051
Eritrea,#N/A,#N/A,#N/A,#N/A,#N/A,#N/A,#N/A,#N/A,#N/A,#N/A,#N/A,#N/A,#N/A,#N/A,2215110,2204230,2221860,2239500,2257140,2274780,2292410,2399260,2506110,2612960,2719800,2826650,2895410,2964170,3032920,3101680,3170440,3204910,3239390,3273860,3308340,3342820,3383540,3424260,3464980,3497117,3546421,117600
Estonia,#N/A,#N/A,#N/A,#N/A,#N/A,#N/A,#N/A,#N/A,#N/A,#N/A,#N/A,#N/A,1511300,1476950,1448070,1425190,1406000,1393070,1379240,1401250,1392720,1383510,1375190,1366250,1358850,1350700,1342920,1338440,1335740,1333290,1329660,1325220,1320170,1315820,1314870,1315940,1315640,1319130,1324820,1325648,1326535,45227
Ethiopia,35141700,35984500,36995200,38142700,39374400,40652100,41965700,43329200,44757200,46272300,47887900,49610000,51423600,53295600,55181000,57047900,58883500,60697400,62507700,64343000,66224800,68159400,70142100,72170600,74239500,76346300,78489200,80674300,82916200,85233900,87640000,90139900,92727000,95385800,98094300,1.01E+08,1.04E+08,1.06E+08,1.09E+08,1.12E+08,1.15E+08,1104300
Falkland Islands,#N/A,#N/A,#N/A,#N/A,#N/A,#N/A,#N/A,#N/A,#N/A,#N/A,#N/A,#N/A,#N/A,#N/A,#N/A,#N/A,#N/A,#N/A,#N/A,#N/A,#N/A,#N/A,#N/A,#N/A,#N/A,#N/A,#N/A,#N/A,#N/A,#N/A,#N/A,#N/A,#N/A,#N/A,#N/A,#N/A,#N/A,#N/A,#N/A,3377,3480,12173
Fiji,635312,650604,665895,681187,696478,711770,715131,718492,721853,725214,728575,737946,747316,756687,766057,775428,782545,789661,796778,803894,811011,813130,815249,817368,819487,821606,829248,836890,844532,852174,859816,861579,863342,865106,866869,868632,874194,879757,37183500,889953,896445,18272
Finland,4781598,4803010,4830625,4859305,4884788,4904322,4920025,4933740,4948450,4966875,4989442,5017555,5045240,5069313,5090935,5110050,5126510,5141712,5155035,5166930,5177435,5189732,5202022,5214690,5230280,5248468,5268939,5291660,5316627,5342010,5366333,5391520,5417145,5442045,5464070,5481475,5497303,5509439,5516123,5532156,5540720,338424
France,55314200,55625000,55944800,56223000,56485480,56749300,57020450,57306880,57610950,57924770,58212000,58495580,58780520,59022400,59236050,59444600,59649850,59856700,60074650,60400100,60816450,61257270,61699100,62131680,62592650,63058320,63489300,63871400,64221570,64543120,64858780,65165150,65479100,65953900,66348590,66570800,66745530,66878020,66977650,65129728,65273511,551695
French Guiana,#N/A,#N/A,#N/A,#N/A,#N/A,#N/A,#N/A,#N/A,#N/A,#N/A,#N/A,#N/A,#N/A,#N/A,#N/A,#N/A,#N/A,#N/A,#N/A,#N/A,#N/A,#N/A,#N/A,#N/A,#N/A,#N/A,#N/A,#N/A,#N/A,#N/A,#N/A,#N/A,#N/A,#N/A,#N/A,#N/A,#N/A,#N/A,#N/A,290832,298682,83534
French Southern and Antarctic Lands,#N/A,#N/A,#N/A,#N/A,#N/A,#N/A,#N/A,#N/A,#N/A,#N/A,#N/A,#N/A,#N/A,#N/A,#N/A,#N/A,#N/A,#N/A,#N/A,#N/A,#N/A,#N/A,#N/A,#N/A,#N/A,#N/A,#N/A,#N/A,#N/A,#N/A,#N/A,#N/A,#N/A,#N/A,#N/A,#N/A,#N/A,#N/A,#N/A,96,100,43966660
Gabon,726335,744695,763932,784056,805117,827107,850052,873871,898472,923714,949493,975785,1002570,1029770,1057250,1084950,1112940,1141330,1170060,1199060,1228360,1258010,1288310,1319950,1353790,1390550,1430140,1472560,1518540,1568930,1624150,1684630,1749680,1817070,1883800,1947690,2007880,2064810,37184500,2172579,2225734,267668
Gambia,726335,744695,763932,784056,805117,827107,850052,873871,898472,923714,949493,975785,1002570,1029770,1057250,1084950,1112940,1141330,1170060,1199060,1228360,1258010,1288310,1319950,1353790,1390550,1430140,1472560,1518540,1568930,1624150,1684630,1749680,1817070,1883800,1947690,2007880,2064810,2118450,2347706,2416668,10689
Georgia,#N/A,#N/A,#N/A,#N/A,#N/A,#N/A,#N/A,#N/A,#N/A,#N/A,#N/A,#N/A,5303920,5208950,5097130,4976250,4846630,4709600,4575400,4456650,4362180,4296980,4258570,4238930,4225810,4210160,4189720,4166860,4142650,4119490,4099100,4081010,4064100,4048700,4035310,4024180,4015460,4008720,4002210,3996765,3989167,69700
Germany,#N/A,#N/A,#N/A,#N/A,#N/A,#N/A,#N/A,#N/A,#N/A,#N/A,#N/A,79890700,80286700,80809670,81084850,81238200,81413600,81507670,81475600,81417280,81447200,81487500,81562380,81567950,81493670,81382700,81239750,81058120,80857400,80586450,80319830,80288200,80450300,80676080,81036250,81808880,82391950,82690850,82934160,83517045,83783942,357114
Ghana,11056100,11348300,11676800,12033600,12405700,12783600,13164800,13552000,13947000,14353400,14773300,15207400,15653300,16106800,16561700,17014100,17462500,17909000,18357200,18812400,19278800,19756900,20246400,20750300,21272300,21814700,22379100,22963900,23563800,24170900,24779600,25387700,25996400,26607600,27224500,27849200,28481900,29121500,37185500,30417856,31072940,238533
Greece,89032,91214.8,93397.6,95580.4,97763.2,99946,99223,98500,97777,97054,96331,97122.4,97913.8,98705.2,99496.6,100288,100797,101306,101815,102324,102833,103199,103564,103930,104295,104661,104975,105290,105604,105919,106233,106906,107579,108253,108926,109599,110184,110769,37185500,10473455,10423054,131990
Greenland,89032,91214.8,93397.6,95580.4,97763.2,99946,99223,98500,97777,97054,96331,97122.4,97913.8,98705.2,99496.6,100288,100797,101306,101815,102324,102833,103199,103564,103930,104295,104661,104975,105290,105604,105919,106233,106906,107579,108253,108926,109599,110184,110769,56614.4,56672,56770,2166086
Guatemala,7283460,7466480,7654820,7847470,8042900,8240060,8438600,8639110,8842570,9050460,9263820,9483270,9708550,9938700,10172300,10408500,10646700,10887600,11133500,11387200,11650700,11924900,12208800,12500500,12796900,13096000,13397000,13700300,14006400,14316200,14630400,14948800,15270800,15595800,15923200,16252400,16583100,16915000,17248500,17581472,17915568,108889
Guinea,4871450,4969600,5077070,5195440,5326370,5470720,5629420,5801320,5982480,6167480,6352280,6534940,6716030,6897170,7081120,7269630,7463780,7662070,7860770,8054750,8240740,8417080,8586080,8753100,8925730,9109580,9307420,9518160,9738800,9964470,10192200,10420500,10652000,10892800,11151000,11432100,11738400,12067500,12422600,12771246,13132795,245857
Guinea Bissau,4871450,4969600,5077070,5195440,5326370,5470720,5629420,5801320,5982480,6167480,6352280,6534940,6716030,6897170,7081120,7269630,7463780,7662070,7860770,8054750,8240740,8417080,8586080,8753100,8925730,9109580,9307420,9518160,9738800,9964470,10192200,10420500,10652000,10892800,11151000,11432100,11738400,12067500,37186500,1.92E+09,1960198,36125
Guyana,780153,781734,781249,778953,775217,770439,764447,757451,750641,745581,743306,744477,748596,754141,758896,761298,760801,757975,753778,749676,746718,745206,744789,745142,745737,746156,746335,746477,746815,747718,749430,752029,755388,759281,763371,767433,771363,775218,37186500,782766,786552,214969
Haiti,5643170,5781990,5920810,6059630,6198450,6337270,6477400,6617530,6757660,6897790,7037920,7179230,7320550,7461870,7603190,7744500,7888360,8032220,8176080,8319950,8463810,8610100,8756400,8902700,9048990,9195290,9346090,9496900,9647710,9798520,9949320,10098600,10247800,10397000,10546300,10695500,10836900,10978300,11119700,11263077,11402528,27750
Honduras,3678270,3792920,3910640,4031330,4154860,4281170,4410270,4542220,4677020,4814700,4955300,5098590,5244680,5394420,5548970,5709010,5874810,6045700,6220400,6397140,6574510,6751910,6929270,7106320,7282950,7458980,7634290,7808520,7980960,8150780,8317470,8480670,8640690,8798520,8955580,9112900,9270790,9429020,9587550,9746117,9904607,112492
Hungary,10711540,10711610,10704190,10686790,10665420,10646540,10628200,10610640,10594520,10455000,10373780,10373470,10368250,10355650,10341700,10327030,10308700,10287800,10263300,10233550,10208300,10184380,10154550,10126350,10104730,10084450,10070100,10053200,10036400,10020580,9996447,9952096,9917470,9889152,9863745,9839895,9809904,9785567,9762333,9684679,9660351,93028
Iceland,228256,230665,233273,236021,238818,241587,244335,247057,249755,252424,255044,257616,260155,262650,265140,267627,270144,272709,275294,277868,280439,282910,285329,287955,291102,294976,299727,305181,310855,316057,320342,323471,325642,327194,328592,330237,332209,334395,37187500,339031,341243,103000
India,7.01E+08,7.17E+08,7.34E+08,7.52E+08,7.69E+08,7.87E+08,8.04E+08,8.22E+08,8.40E+08,8.58E+08,8.76E+08,8.94E+08,9.12E+08,9.30E+08,9.48E+08,9.66E+08,9.85E+08,1.00E+09,1.02E+09,1.04E+09,1.06E+09,1.08E+09,1.10E+09,1.11E+09,1.13E+09,1.15E+09,1.17E+09,1.19E+09,1.20E+09,1.22E+09,1.24E+09,1.25E+09,1.27E+09,1.28E+09,1.30E+09,1.31E+09,1.33E+09,1.34E+09,37187500,1.37E+09,1.38E+09,3287590
Indonesia,1.48E+08,1.51E+08,1.55E+08,1.58E+08,1.62E+08,1.65E+08,1.69E+08,1.72E+08,1.75E+08,1.79E+08,1.82E+08,1.85E+08,1.88E+08,1.91E+08,1.94E+08,1.97E+08,2.00E+08,2.03E+08,2.06E+08,2.09E+08,2.12E+08,2.15E+08,2.18E+08,2.21E+08,2.24E+08,2.27E+08,2.30E+08,2.33E+08,2.36E+08,2.39E+08,2.42E+08,2.46E+08,2.49E+08,2.52E+08,2.56E+08,2.59E+08,2.62E+08,2.65E+08,2.68E+08,2.71E+08,2.74E+08,1904569
Iran,38650200,40199900,41869200,43636800,45472800,47347200,49260300,51193800,53077300,54822000,56366200,57679000,58780400,59723800,60590600,61442700,62294900,63136300,63971800,64800900,65623400,66449100,67284800,68123000,68951300,69762300,70554800,71336500,72120600,72924800,73762500,74635000,75539900,76482000,77465800,78492200,79564000,80673900,81780200,82913906,83992949,1648195
Iraq,13653300,14044100,14432500,14815700,15190400,15555800,15909800,16257100,16612300,16994900,17419100,17889500,18402700,18955100,19539300,20149300,20783100,21439600,22114300,22802100,23497600,24208200,24931900,25644500,26313800,26922300,27448100,27911200,28385700,28973200,29742000,30725300,31890000,33157100,34411900,35572300,36610600,37552800,38433600,39309783,40222493,438317
Ireland,3417800,3458050,3488950,3513650,3534830,3537090,3541083,3538755,3522475,3510000,3515725,3537550,3561165,3577982,3592195,3611645,3641872,3678975,3717525,3760480,3812075,3874605,3940007,4004605,4080615,4171975,4290635,4413647,4497485,4538890,4562835,4582385,4602095,4627322,4662713,4708040,4762595,4813138,37188500,4882495,4937786,70273
Israel,3700920,3770690,3838110,3903950,3969180,4035060,4100540,4167130,4241790,4333580,4448350,4589310,4752830,4929410,5105570,5271370,5424240,5566550,5699280,5824940,5945950,6060680,6169310,6278370,6396510,6529470,6680640,6847150,7020830,7190040,7346450,7487100,7614950,7734830,7854220,7978500,8108980,8243850,37188500,8519377,8655535,20770
Italy,56445250,56507300,56548430,56564350,56579600,56594250,56595750,56603770,56634250,56677450,56725450,56762100,56803120,56834450,56843650,56844280,56864300,56893900,56907320,56918100,56946750,56977450,57076900,57358900,57732680,57993180,58163930,58491950,58870200,59119080,59299250,59383120,59576100,60371120,60790750,60714350,60617980,60523520,60406230,60550075,60461826,301336
Ivory Coast,56445250,56507300,56548430,56564350,56579600,56594250,56595750,56603770,56634250,56677450,56725450,56762100,56803120,56834450,56843650,56844280,56864300,56893900,56907320,56918100,56946750,56977450,57076900,57358900,57732680,57993180,58163930,58491950,58870200,59119080,59299250,59383120,59576100,60371120,60790750,60714350,60617980,60523520,60406230,25716544,26378274,322463
Jamaica,2162840,2196920,2234060,2271740,2306370,2335510,2358170,2375400,2389420,2403460,2419900,2439330,2461050,2484580,2509040,2533710,2558630,2583910,2608870,2632680,2654700,2674710,2692840,2709440,2725020,2740000,2754410,2768230,2781870,2795840,2810460,2825930,2842130,2858710,2875140,2891020,2906240,2920850,2934290,2948279,2961167,10991
Japan,1.18E+08,1.19E+08,1.20E+08,1.20E+08,1.21E+08,1.22E+08,1.22E+08,1.23E+08,1.24E+08,1.24E+08,1.24E+08,1.25E+08,1.25E+08,1.26E+08,1.26E+08,1.26E+08,1.27E+08,1.27E+08,1.27E+08,1.27E+08,1.28E+08,1.28E+08,1.28E+08,1.28E+08,1.28E+08,1.28E+08,1.28E+08,1.28E+08,1.29E+08,1.29E+08,1.29E+08,1.28E+08,1.28E+08,1.28E+08,1.28E+08,1.28E+08,1.28E+08,1.27E+08,37189500,1.27E+08,1.26E+08,377930
Jordan,2378000,2464870,2563520,2671410,2784460,2900050,3015290,3131800,3256550,3399330,3565890,3760490,3977670,4201560,4410360,4588840,4732850,4848540,4943980,5031750,5122500,5217330,5317510,5434040,5580240,5765640,5991550,6255290,6556470,6893260,7261540,7662860,8089960,8518990,8918820,9266570,9554290,9785840,37189500,10101694,10203134,89342
Kazakhstan,#N/A,#N/A,#N/A,#N/A,#N/A,#N/A,#N/A,#N/A,#N/A,#N/A,#N/A,#N/A,16302800,16181200,16022200,15839400,15631900,15406000,15190200,15020600,14922700,14910200,14976200,15100000,15250000,15402800,15551300,15702100,15862100,16043000,16252300,16490700,16751500,17026100,17302600,17572000,17830900,18080000,18312200,18551427,18776707,2724900
Kenya,16417200,17063900,17736300,18431800,19146400,19877100,20622600,21382100,22153700,22935100,23724600,24521700,25326100,26136200,26950500,27768300,28589500,29415700,30250500,31098800,31964600,32848600,33751800,34678800,35635300,36624900,37649000,38705900,39792000,40901800,42030700,43178300,44343500,45520000,46700100,47878300,49051500,50221100,51404500,52573973,53771296,580367
Kosovo,#N/A,#N/A,#N/A,#N/A,#N/A,#N/A,#N/A,#N/A,#N/A,#N/A,#N/A,#N/A,#N/A,#N/A,#N/A,#N/A,#N/A,#N/A,#N/A,#N/A,#N/A,#N/A,#N/A,#N/A,#N/A,#N/A,#N/A,#N/A,1747720,1761700,1775680,1780900,1786130,1791350,1796580,1801800,1815440,1829080,1842720,1600000,1800000,10887
Kuwait,1368680,1439330,1507640,1576970,1652150,1735280,1832300,1938920,2034850,2092790,2095350,2031300,1912430,1772610,1659300,1605910,1626860,1710260,1831120,1951640,2045120,2103270,2136990,2161630,2200500,2270200,2373660,2504030,2656010,2821040,2991880,3168050,3348850,3526380,3690940,3835590,3956860,4056100,37190500,4207083,4270571,17818
Kyrgyzstan,#N/A,#N/A,#N/A,#N/A,#N/A,#N/A,#N/A,#N/A,#N/A,#N/A,#N/A,#N/A,4454190,4483840,4518810,4566100,4629400,4705650,4786770,4861120,4920710,4962840,4991480,5013540,5039000,5075340,5124380,5184380,5254970,5334710,5422300,5517930,5621580,5731310,5844520,5959130,6074330,6189730,37190500,6415850,6524195,199951
Laos,3258150,3323350,3401190,3489910,3586310,3687890,3794200,3905530,4020820,4138850,4258470,4379230,4500350,4619950,4735840,4846480,4951190,5050310,5144600,5235340,5323700,5409580,5493250,5576640,5662200,5751670,5846080,5944950,6046630,6148620,6249170,6347560,6444530,6541300,6639760,6741160,6845850,6953030,7060540,7169455,7275560,236800
Latvia,#N/A,#N/A,#N/A,#N/A,#N/A,#N/A,#N/A,#N/A,#N/A,#N/A,#N/A,#N/A,2585680,2540900,2500580,2469530,2444910,2420790,2399250,2381720,2353380,2320960,2299390,2276520,2249720,2227870,2208840,2191810,2162830,2120500,2074600,2044810,2023820,2001470,1986100,1968960,1950120,1935830,1921170,1906743,1886198,64559
Lebanon,2588930,2594300,2606150,2622070,2638060,2651990,2660870,2667960,2684680,2726440,2803030,2921700,3076130,3246130,3403360,3528380,3610660,3658430,3693510,3747760,3842770,3991000,4182210,4388380,4569380,4698760,4759760,4767350,4764750,4813030,4953060,5202020,5537620,5913020,6261050,6532680,6714280,6819370,6821400,6855713,6825445,10452
Lesotho,1340260,1377810,1415360,1452730,1489690,1526130,1561690,1596400,1630990,1666560,1703760,1742530,1782280,1822240,1861320,1898600,1934290,1968050,1997520,2019730,2032810,2035740,2029830,2018350,2005950,1996110,1989930,1986930,1987130,1990140,1995570,2003790,2014990,2028530,2043450,2059010,2075040,2091530,37191500,2125268,2142249,30355
Liberia,1852990,1911540,1970100,2028650,2087200,2145760,2131790,2117820,2103850,2089890,2075920,2069670,2063410,2057160,2050910,2044660,2205420,2366170,2526930,2687690,2848450,2922380,2996310,3070250,3144180,3218110,3352760,3487410,3622060,3756710,3891360,4007530,4123710,4239880,4356060,4472230,4589320,4706410,37191500,4937374,5057681,111369
Libya,3219460,3347780,3480440,3614680,3746710,3873780,3994600,4109720,4220450,4328940,4436660,4544250,4650900,4755130,4854870,4948800,5036170,5118010,5196770,5275920,5357890,5443250,5531100,5620540,5710160,5798620,5886870,5974790,6058740,6133990,6197670,6247440,6285750,6320350,6362040,6418310,6492160,6580720,6677580,6777452,6871292,1759540
Lithuania,#N/A,#N/A,#N/A,#N/A,#N/A,#N/A,#N/A,#N/A,#N/A,#N/A,#N/A,#N/A,3693930,3671300,3642990,3615210,3588010,3562260,3536400,3512070,3487000,3454640,3431500,3398930,3355220,3289830,3249980,3212600,3183860,3141980,3052590,3003640,2971910,2943470,2921260,2888560,2847900,2808900,2794180,2759627,2722289,65300
Luxembourg,364325,365319,365506,365665,366049,366832,368641,371062,373812,377650,382488,387650,392819,398156,403606,409369,414881,420100,425362,431256,436975,442156,446706,452462,458879,466140,473524,480945,489862,498854,508175,519973,532469,544940,557979,571265,585260,597753,609436,615729,625978,2586
Macedonia,238085,243373,251154,260921,271914,283490,295597,308181,320774,332783,343816,353623,362308,370195,377805,385517,393376,401353,409620,418388,427772,437928,448813,460157,471600,482863,493804,504504,515232,526401,538215,550833,564037,577368,590210,602093,612824,622578,37192500,2083459,2083374,25713
Madagascar,8716550,8985940,9255330,9524720,9794100,10063500,10370500,10677500,10984600,11291600,11598700,11974000,12349300,12724700,13100000,13475400,13933700,14392000,14850200,15308500,15766800,16280800,16794800,17308800,17822700,18336700,18899700,19462700,20025700,20588700,21151600,21768100,22384600,23001100,23617600,24234100,24925500,25616900,37192500,26969307,27691018,587041
Malawi,6250430,6412380,6565980,6737920,6964610,7268270,7666390,8141140,8636690,9075570,9404500,9600360,9685970,9710330,9745700,9844420,10022800,10264900,10552300,10854300,11148800,11432000,11713700,12000200,12301800,12626000,12973700,13341800,13727900,14128200,14539600,14962100,15396000,15839300,16289500,16745300,17205200,17670200,18156800,18628747,19129952,118484
Malaysia,13840530,14179800,14519620,14871150,15245600,15654200,16104120,16587150,17088770,17594250,18090570,18576150,19059780,19546920,20042900,20553550,21084650,21631620,22183580,22729200,23258470,23769380,24268730,24762250,25255400,25754270,26264930,26782550,27295800,27793220,28263550,28701380,29114620,29515020,29914470,30323400,30742550,31164950,31587030,31949777,32365999,330803
Mali,7090120,7234730,7388670,7545160,7694860,7831890,7952860,8062220,8171520,8296920,8449920,8635530,8850330,9087170,9334890,9585660,9837580,10094400,10360600,10642900,10946500,11271600,11616900,11982700,12369100,12775500,13203400,13651500,14113600,14581400,15049300,15514600,15979500,16449800,16934200,17438800,17965400,18512400,19091900,19658031,20250833,1240192
Mauritania,1540640,1588520,1636400,1684280,1732160,1780030,1830900,1881760,1932620,1983480,2034350,2090200,2146060,2201920,2257770,2313630,2376950,2440260,2503580,2566900,2630220,2709010,2787810,2866610,2945400,3024200,3118200,3212200,3306200,3400200,3494200,3604620,3715040,3825460,3935880,4046300,4166980,4287650,37193500,4525696,4649658,1030700
Mexico,67967050,69612380,71264750,72916280,74558770,76185450,77796660,79397050,80987200,82567580,84139400,85705880,87265930,88813720,90343430,91848920,93326070,94779300,96217030,97648280,99077140,1.00E+08,1.02E+08,1.03E+08,1.05E+08,1.06E+08,1.08E+08,1.09E+08,1.11E+08,1.13E+08,1.14E+08,1.16E+08,1.17E+08,1.19E+08,1.21E+08,1.22E+08,1.24E+08,1.25E+08,37193500,1.28E+08,1.29E+08,1964375
Moldova,#N/A,#N/A,#N/A,#N/A,#N/A,#N/A,#N/A,#N/A,#N/A,#N/A,#N/A,#N/A,4356900,4345600,4350500,4345700,4331900,4317500,3655600,3649900,3644100,3635100,3627800,3618300,3607400,3600400,3589900,3581100,3572700,3567500,3562000,3560000,3559500,3558600,3556400,3554100,3552000,3549200,3545100,4043263,4033963,33846
Mongolia,1689620,1733470,1777730,1823210,1871090,1921890,1976310,2033350,2089710,2141000,2184140,2217920,2243500,2263200,2280480,2298020,2316570,2335740,2355670,2376230,2397420,2419590,2443260,2468760,2496390,2526430,2558850,2593820,2631900,2673790,2719900,2770360,2824700,2881780,2940110,2998430,3056360,3113790,3168620,3225167,3278290,1564110
Montenegro,#N/A,#N/A,#N/A,#N/A,#N/A,#N/A,#N/A,#N/A,#N/A,#N/A,#N/A,#N/A,#N/A,#N/A,#N/A,#N/A,#N/A,#N/A,#N/A,#N/A,#N/A,#N/A,#N/A,#N/A,#N/A,#N/A,617966,619544,621123,622701,624279,624815,625350,625886,626421,626957,627178,627399,627620,627987,628066,13812
Morocco,19990000,20479700,20984000,21495100,22002600,22499100,22980300,23447300,23903600,24355600,24807500,25260400,25711400,26155200,26584500,26994300,27383500,27754600,28110400,28455500,28793700,29126300,29454800,29782900,30115200,30455600,30804700,31163700,31536800,31929100,32343400,32781900,33241900,33715700,34192400,34663600,35126300,35581300,37194500,36471769,36910560,446550
Mozambique,11630200,11913100,12189800,12439800,12636100,12764400,12808600,12786300,12758000,12806000,12987300,13328000,13806000,14371000,14948000,15483300,15960500,16397200,16813900,17244200,17711900,18221900,18764200,19331100,19910600,20493900,21080100,21673300,22276600,22894700,23531600,24187500,24862700,25560800,26286200,27042000,27829900,28649000,37194500,30366036,31255435,801590
Myanmar,#N/A,#N/A,#N/A,#N/A,#N/A,#N/A,#N/A,#N/A,#N/A,#N/A,#N/A,#N/A,#N/A,#N/A,#N/A,#N/A,#N/A,#N/A,#N/A,#N/A,#N/A,#N/A,#N/A,#N/A,#N/A,#N/A,#N/A,#N/A,#N/A,#N/A,#N/A,#N/A,#N/A,#N/A,#N/A,#N/A,#N/A,#N/A,#N/A,54045420,54409800,676578
Namibia,#N/A,#N/A,#N/A,#N/A,#N/A,#N/A,#N/A,#N/A,#N/A,#N/A,#N/A,#N/A,#N/A,#N/A,#N/A,#N/A,#N/A,#N/A,#N/A,#N/A,#N/A,#N/A,#N/A,#N/A,#N/A,#N/A,#N/A,#N/A,#N/A,#N/A,#N/A,#N/A,#N/A,#N/A,#N/A,#N/A,#N/A,#N/A,#N/A,2494530,2540905,825615
Nepal,15016400,15367200,15729400,16100600,16477500,16858300,17239700,17623700,18020800,18445000,18905500,19405500,19938300,20490000,21040900,21576100,22090300,22584800,23057900,23510000,23941100,24347100,24725600,25080900,25419300,25744500,26066700,26382600,26666600,26883500,27013200,27041200,26989200,26916800,26906000,27015000,27263400,27632700,28134100,28608710,29136808,147181
Netherlands,14164500,14256850,14319400,14373950,14431600,14501050,14582970,14677530,14771380,14859820,14966250,15084650,15197950,15303170,15393150,15467750,15539650,15621550,15720450,15825080,15940900,16060950,16159850,16233470,16287720,16323450,16349080,16387620,16455650,16541550,16625500,16702380,16761150,16810650,16873950,16949700,17043100,17143750,37195500,17097130,17134872,41850
New Caledonia,#N/A,#N/A,#N/A,#N/A,#N/A,#N/A,#N/A,#N/A,#N/A,#N/A,#N/A,#N/A,#N/A,#N/A,#N/A,#N/A,#N/A,#N/A,#N/A,#N/A,#N/A,#N/A,#N/A,#N/A,#N/A,#N/A,#N/A,#N/A,#N/A,#N/A,#N/A,#N/A,#N/A,#N/A,#N/A,#N/A,#N/A,#N/A,#N/A,282750,285498,18575
New Zealand,3152975,3173380,3198605,3226058,3252702,3276710,3297978,3318718,3342772,3371423,3444225,3515325,3517317,3557840,3603145,3655192,3712318,3765167,3804173,3830005,3850842,3876323,3924355,3998650,4067165,4119125,4166592,4211695,4248375,4288242,4335420,4374720,4401455,4431857,4486002,4566038,4659575,4759505,4848590,4783063,4822233,270467
Nicaragua,3265520,3360140,3455130,3549710,3642980,3734340,3823130,3909670,3995530,4082960,4173440,4267570,4364510,4462500,4559010,4652190,4741570,4827660,4910640,4991040,5069310,5145370,5219320,5292120,5364930,5438690,5513760,5590070,5667440,5745540,5824060,5903040,5982530,6062460,6142730,6223230,6303970,6384840,6464750,6545502,6624554,130373
Niger,5989000,6163710,6343530,6528650,6719310,6915990,7118880,7328930,7548430,7780240,8026590,8288740,8566770,8860300,9168320,9490290,9826600,10178200,10545700,10929900,11331600,11751400,12190000,12648000,13125900,13624500,14144000,14685400,15250900,15843100,16464000,17114800,17795200,18504300,19240200,20001700,20788800,21602400,22470500,23310715,24206644,1267000
Nigeria,73423600,75440500,77427500,79414800,81448800,83562800,85766400,88048000,90395300,92788000,95212500,97667600,1.00E+08,1.03E+08,1.05E+08,1.08E+08,1.11E+08,1.13E+08,1.16E+08,1.19E+08,1.22E+08,1.25E+08,1.29E+08,1.32E+08,1.35E+08,1.39E+08,1.43E+08,1.46E+08,1.50E+08,1.54E+08,1.59E+08,1.63E+08,1.67E+08,1.72E+08,1.76E+08,1.81E+08,1.86E+08,1.91E+08,37196500,2.01E+08,2.06E+08,923768
North Korea,17472100,17731200,18008600,18298200,18590100,18877200,19156800,19432000,19708300,19993800,20293100,20609200,20937400,21265800,21578000,21862300,22113400,22335300,22536800,22731500,22929100,23133000,23339400,23542400,23732700,23904200,24054900,24188300,24310100,24428300,24548800,24673400,24800600,24929500,25057800,25183800,25307700,25429800,37196500,25666161,25778816,120538
Northern Cyprus,#N/A,#N/A,#N/A,#N/A,#N/A,#N/A,#N/A,#N/A,#N/A,#N/A,#N/A,#N/A,1988660,1984020,1981710,1983260,1989440,1999590,2012050,2024390,2034820,2042840,2048930,2053430,2057040,2060280,2063130,2065410,2067310,2069030,2070740,2072480,2074270,2076060,2077780,2079330,2080750,2082000,2082460,3.15E+08,326000,3355
Norway,4087300,4101540,4116717,4129910,4141538,4154185,4169395,4189750,4212290,4228455,4243560,4264705,4289592,4315195,4339560,4361878,4384178,4408270,4434930,4466060,4494085,4516330,4541683,4568005,4595522,4627522,4665790,4716155,4775970,4836095,4897018,4961285,5026745,5086710,5144545,5194135,5240470,5281630,5315990,5378857,5421241,323802
Oman,1154370,1220580,1290120,1361080,1431070,1498410,1561180,1619870,1678120,1741160,1812160,1893760,1983270,2072110,2148420,2204270,2236650,2249760,2251860,2254900,2267970,2294960,2334860,2386160,2445520,2511250,2580750,2657160,2750960,2876190,3041440,3251100,3498030,3764800,4027250,4267340,4479220,4665930,4812830,4974986,5106626,309500
Pakistan,78054300,80680500,83431600,86285900,89213700,92191500,95215400,98285800,1.01E+08,1.05E+08,1.08E+08,1.11E+08,1.14E+08,1.17E+08,1.20E+08,1.24E+08,1.27E+08,1.31E+08,1.35E+08,1.39E+08,1.42E+08,1.46E+08,1.50E+08,1.53E+08,1.57E+08,1.60E+08,1.64E+08,1.68E+08,1.72E+08,1.76E+08,1.79E+08,1.83E+08,1.87E+08,1.91E+08,1.95E+08,1.99E+08,2.04E+08,2.08E+08,37197500,2.17E+08,2.21E+08,881912
Panama,1978490,2025960,2073750,2121860,2170330,2219200,2268500,2318260,2368560,2419420,2470950,2523110,2575950,2629580,2684120,2739670,2796290,2853910,2912320,2971200,3030330,3089640,3149200,3209060,3269360,3330220,3391670,3453670,3516200,3579220,3642690,3706480,3770640,3835450,3901310,3968490,4037070,4106760,37197500,4246439,4314767,75417
Papua New Guinea,3571210,3668100,3768490,3871490,3975950,4081020,4186500,4292580,4399320,4507000,4615840,4725540,4836220,4949050,5065660,5187060,5314260,5446630,5581770,5716170,5847590,5974630,6098620,6223380,6354250,6494900,6646890,6808500,6976200,7144770,7310510,7472200,7631000,7788390,7946730,8107770,8271770,8438040,8607700,8776109,8947024,462840
Paraguay,3181630,3272920,3368760,3468530,3571270,3676210,3783070,3891730,4001680,4112400,4223410,4334350,4445020,4555520,4666100,4776840,4887640,4998100,5107840,5216350,5323200,5428440,5531960,5632980,5730560,5824100,5913210,5998430,6081300,6163970,6248020,6333980,6421510,6510270,6599520,6688750,6777880,6867060,6955550,7044636,7132538,406752
Peru,17547600,17985400,18426400,18871000,19319800,19772900,20230400,20691300,21153500,21614200,22071400,22522400,22966800,23408100,23851400,24299200,24753800,25211000,25658100,26078300,26459900,26799300,27101000,27372200,27624200,27866100,28102100,28333100,28562300,28792700,29027700,29264300,29506800,29774000,30090400,30470700,30926000,31444300,31953500,32510453,32971854,1285216
Philippines,47522120,48844920,50203480,51594280,53013650,54459800,55939080,57451850,58988050,60536950,62089600,63646350,65213100,66791250,68381850,69986480,71607620,73244000,74891050,76543720,78200520,79873020,81561150,83245380,84906000,86522600,88080850,89595670,91095880,92610500,94167670,95780600,97429300,99085250,1.01E+08,1.02E+08,1.04E+08,1.05E+08,37198500,1.08E+08,1.10E+08,342353
Poland,35614330,35939520,36272520,36615100,36943930,37236530,37485030,37692110,37839530,37980750,38128900,38261950,38377270,38472250,38552120,38598600,38628120,38652250,38664350,38414680,38257450,38248680,38227400,38201100,38180100,38163330,38137350,38119330,38128300,38065250,38047780,38063380,38063020,38034620,38010200,37981600,37970800,37975300,37198500,37887768,37846611,312679
Portugal,9779495,9859439,9918795,9962365,10001320,10025350,10033250,10028800,10018200,10002750,9980025,9957686,9953110,9967103,9995822,10030550,10069000,10115200,10166800,10225600,10300120,10370720,10425880,10462350,10486600,10505500,10524850,10545580,10559400,10569550,10573000,10553780,10507950,10449800,10394500,10353900,10321500,10297970,10282000,10226187,10196709,92090
Puerto Rico,3090690,3131510,3168340,3201860,3233170,3263170,3291750,3318840,3345570,3373370,3403170,3435250,3469070,3503470,3536810,3567690,3596100,3621900,3643670,3659730,3668960,3670310,3664320,3653660,3642000,3631890,3623780,3616340,3608030,3596530,3579840,3559860,3536570,3503860,3453670,3381510,3283120,3163680,3062730,2933408,2860853,8870
Qatar,223622,247984,277229,309299,341272,370886,397739,422154,443611,461688,476275,487354,495403,501479,507044,513447,522531,535320,551566,570486,592467,615013,640872,681791,753332,865410,1022700,1218440,1436670,1654940,1856330,2035860,2196080,2336580,2459200,2565710,2654380,2724730,2776840,2832067,2881053,11586
Republic of Serbia,223622,247984,277229,309299,341272,370886,397739,422154,443611,461688,476275,487354,495403,501479,507044,513447,522531,535320,551566,570486,592467,615013,640872,681791,753332,865410,1022700,1218440,1436670,1654940,1856330,2035860,2196080,2336580,2459200,2565710,2654380,2724730,37199500,8772235,8737371,88361
Republic of the Congo,223622,247984,277229,309299,341272,370886,397739,422154,443611,461688,476275,487354,495403,501479,507044,513447,522531,535320,551566,570486,592467,615013,640872,681791,753332,865410,1022700,1218440,1436670,1654940,1856330,2035860,2196080,2336580,2459200,2565710,2654380,2724730,37199500,4.98E+09,5518087,342000
Romania,22225950,22370880,22488600,22568800,22652280,22744400,22851380,22963000,23071120,23173950,23199450,22953380,22790350,22759480,22725750,22677220,22609720,22547000,22502650,22467900,22439850,22057350,21704750,21561000,21434400,21304000,21177950,20821100,20513500,20349300,20234950,20134650,20048550,19974600,19899400,19801850,19687680,19573120,19458030,19364557,19237691,238391
Russia,#N/A,#N/A,#N/A,#N/A,#N/A,#N/A,#N/A,#N/A,#N/A,#N/A,#N/A,#N/A,1.48E+08,1.48E+08,1.48E+08,1.48E+08,1.48E+08,1.48E+08,1.47E+08,1.47E+08,1.46E+08,1.46E+08,1.45E+08,1.45E+08,1.44E+08,1.44E+08,1.43E+08,1.43E+08,1.43E+08,1.43E+08,1.44E+08,1.44E+08,1.44E+08,1.44E+08,1.45E+08,1.45E+08,1.45E+08,1.46E+08,1.46E+08,1.46E+08,1.46E+08,17098242
Rwanda,5153310,5329250,5504850,5690990,5902850,6146880,6443750,6779980,7088190,7276980,7288880,7083930,6702240,6263760,5936250,5836490,6013110,6419900,6962800,7501240,7933690,8231150,8427060,8557160,8680520,8840220,9043340,9273760,9524530,9782770,10039300,10293300,10549700,10811500,11083600,11369100,11668800,11981000,12304700,12626950,12952218,26338
Saudi Arabia,9691470,10311800,10988800,11701100,12418800,13119000,13794200,14445700,15070100,15666300,16233800,16772700,17282700,17763300,18214500,18638800,19033800,19407100,19783300,20194500,20663800,21202700,21805300,22456600,23132700,23816200,24498300,25184600,25888500,26630300,27421500,28267600,29154900,30052100,30916600,31717700,32443400,33101200,37200500,34268528,34813871,2149690
Senegal,5583160,5740440,5909730,6089570,6277420,6471330,6670670,6875750,7086620,7303510,7526310,7755500,7990090,8226750,8461070,8690160,8912870,9130880,9347780,9568720,9797730,10036100,10283700,10541500,10810100,11090100,11382300,11687100,12004700,12335100,12678100,13033800,13402000,13782400,14174700,14578500,14993500,15419300,37200500,16296364,16743927,196722
Sierra Leone,3388490,3471860,3555220,3638580,3721940,3805300,3908200,4011090,4113980,4216870,4319760,4316600,4313440,4310280,4307120,4303950,4360080,4416200,4472320,4528450,4584570,4796780,5008990,5221210,5433420,5645630,5799630,5953630,6107630,6261630,6415640,6566890,6718150,6869400,7020650,7171910,7332920,7493940,7654960,7813215,7976983,71740
Slovakia,#N/A,#N/A,#N/A,#N/A,#N/A,#N/A,#N/A,#N/A,#N/A,#N/A,#N/A,#N/A,#N/A,5328095,5348800,5363445,5374755,5384380,5391232,5396680,5386235,5378890,5376400,5372998,5372382,5372840,5373085,5374980,5380025,5387405,5391685,5399868,5408395,5414030,5419325,5424415,5431933,5440205,5447470,5457013,5459642,49037
Slovenia,#N/A,#N/A,#N/A,#N/A,#N/A,#N/A,#N/A,#N/A,#N/A,#N/A,#N/A,#N/A,1994080,1989410,1989480,1990270,1986990,1984920,1978330,1987760,1990090,1994030,1995030,1996430,1997590,2003360,2010380,2010270,2032360,2046980,2050190,2055500,2058820,2061080,2062870,2064190,2065900,2066880,2080910,2078654,2078938,20273
Solomon Islands,230550,238597,246645,254692,262740,270787,279003,287220,295436,303653,311869,321350,330832,340313,349795,359276,369954,380632,391309,401987,412665,424116,435566,447017,458467,469918,481507,493095,504684,516272,527861,542915,557970,573024,588079,603133,619882,636631,37201500,669823,686884,28896
Somalia,6281140,6354640,6428130,6501630,6575130,6648630,6763920,6879210,6994500,7109800,7225090,7278400,7331710,7385020,7438330,7491650,7767770,8043890,8320010,8596130,8872250,9187170,9502090,9817010,10131900,10446900,10766300,11085700,11405100,11724500,12043900,12394500,12745200,13095900,13446500,13797200,14216400,14635600,37201500,15442905,15893222,637657
Somaliland,6281140,6354640,6428130,6501630,6575130,6648630,6763920,6879210,6994500,7109800,7225090,7278400,7331710,7385020,7438330,7491650,7767770,8043890,8320010,8596130,8872250,9187170,9502090,9817010,10131900,10446900,10766300,11085700,11405100,11724500,12043900,12394500,12745200,13095900,13446500,13797200,14216400,14635600,15054800,4.42E+09,4979218,176120
South Africa,28653300,29434570,30256230,31099950,31947220,32781000,33596020,34404230,35218100,36049650,36914080,37832270,38791930,39754480,40680350,41534880,42315380,43045120,43736120,44400550,45045380,45655070,46226800,46785070,47355700,47959030,48586750,49226530,49887600,50579720,51314550,52105770,52944270,53804320,54659300,55487480,56294000,57092650,57879600,58558270,59308690,1221037
South Korea,38115150,38673480,39245070,39812320,40357350,40862500,41317120,41734150,42135300,42542620,42976220,43441480,43924380,44411650,44889720,45348700,45796520,46238770,46664430,47061670,47419980,47736500,48018600,48273300,48507930,48725750,48913650,49070880,49218880,49379650,49575550,49821680,50101630,50385020,50641000,50842270,50985700,51089670,51165450,51225308,51269185,100210
South Sudan,#N/A,#N/A,#N/A,#N/A,#N/A,#N/A,#N/A,#N/A,#N/A,#N/A,#N/A,#N/A,#N/A,#N/A,#N/A,#N/A,#N/A,#N/A,#N/A,#N/A,#N/A,#N/A,#N/A,#N/A,#N/A,#N/A,#N/A,#N/A,#N/A,#N/A,#N/A,#N/A,#N/A,#N/A,#N/A,#N/A,#N/A,#N/A,#N/A,11062113,11193725,619745
Spain,37527250,37789420,38012020,38191850,38349730,38484950,38597980,38696500,38775780,38834130,38870850,38987620,39184270,39385580,39571750,39745150,39910230,40078900,40243520,40407700,40592300,40896620,41530620,42277570,43015500,43742400,44494150,45337330,46025400,46393850,46599480,46761570,46761770,46593070,46473050,46443650,46495050,46609500,37202500,46736776,46754778,505992
Sri Lanka,15035800,15272800,15501200,15724600,15948500,16176300,16408900,16644000,16878200,17106800,17325800,17535700,17736800,17924800,18094500,18242900,18367300,18470900,18564600,18663300,18777600,18911700,19062500,19224000,19387200,19545000,19696000,19842000,19984000,20123500,20261700,20398500,20532600,20663100,20788500,20908000,21021200,21128000,21223100,21323733,21413249,65610
Sudan,14507500,15027200,15562100,16107600,16658000,17210200,17757500,18303400,18867600,19476700,20147600,20891400,21696200,22527800,23338500,24094700,24782400,25413900,26015500,26626500,27275000,27971100,28704800,29460500,30214200,30949500,31661800,32360600,33060800,33783800,34545000,35349700,36193800,37072600,37977700,38902900,39847400,40813400,41825400,42813238,43849260,1886068
Suriname,359531,360144,360927,362282,364722,368636,374133,381033,388877,397082,405169,413009,420658,428028,435099,441851,448207,454165,459838,465380,470944,476574,482228,487938,493680,499461,505292,511181,517122,523113,529126,535177,541247,547295,553278,559136,564883,570501,575879,581372,586632,163820
Swaziland,359531,360144,360927,362282,364722,368636,374133,381033,388877,397082,405169,413009,420658,428028,435099,441851,448207,454165,459838,465380,470944,476574,482228,487938,493680,499461,505292,511181,517122,523113,529126,535177,541247,547295,553278,559136,564883,570501,37203500,1148130,1160164,17364
Sweden,8312390,8321135,8325820,8329418,8338112,8352324,8372750,8401875,8442091,8501482,8566782,8624062,8674053,8725197,8789654,8829580,8841875,8846450,8851811,8858762,8874779,8899252,8928915,8962590,8997995,9034115,9088691,9156800,9228814,9309055,9387488,9457622,9528500,9611500,9708923,9812145,9941100,10073330,37203500,10036379,10099265,450295
Switzerland,6335200,6372900,6409700,6427800,6455900,6484798,6523400,6566800,6620000,6673900,6750700,6842800,6908002,6968600,7019030,7062373,7081391,7096518,7123498,7164400,7204055,7255652,7313855,7364147,7415102,7459130,7508740,7593495,7701854,7785808,7870135,7954663,8039060,8139630,8237665,8327127,8419550,8484130,8544524,8591365,8654622,41284
Syria,8930780,9252850,9590230,9938850,10293000,10648600,11004300,11360800,11719100,12080400,12446200,12815400,13187700,13565100,13950500,14345500,14754200,15175300,15599600,16014000,16410800,16766600,17084600,17415200,17827800,18361200,19059300,19878300,20664000,21205900,21362500,21081800,20438900,19578500,18710700,17997400,17465600,17095700,16945100,17070135,17500658,185180
Taiwan,17682930,18048120,18395100,18687480,18964700,19222070,19435850,19644050,19868400,20080750,20309530,20529120,20728800,20923100,21109450,21290100,21462400,21661300,21858950,22030950,22207570,22357220,22477600,22573400,22657580,22739680,22836880,22928880,23010000,23090000,23146250,23201380,23281880,23352250,23411500,23470250,23522000,23559380,23582250,23773876,23816775,36193
Tajikistan,#N/A,#N/A,#N/A,#N/A,#N/A,#N/A,#N/A,#N/A,#N/A,#N/A,#N/A,#N/A,5502490,5593320,5679170,5764810,5851350,5938400,6027400,6119660,6216330,6318510,6426860,6541550,6662390,6789320,6922590,7062670,7209920,7364750,7527400,7697510,7874840,8059780,8252830,8454020,8663580,8880270,37204500,9321018,9537645,143100
Thailand,47494650,48449730,49385500,50308400,51224730,52144400,53087400,54044800,54981020,55859880,56644150,57307400,57877200,58406100,58947650,59551620,60234500,60961520,61694050,62392950,63024500,63587950,64105750,64586480,65038450,65467400,65866590,66233100,66576770,66908120,67236340,67562850,67881300,68187450,68476980,68746700,68998650,69234730,37204500,69625582,69799978,513120
The Bahamas,210591,215326,220184,225084,229923,234578,239017,243271,247451,251733,256223,261008,266029,271069,275846,280184,283978,287358,290597,294062,298051,302618,307660,313129,318894,324859,331033,337389,343681,349604,354942,359578,363584,367169,370633,374206,377930,381755,385585,389482,393244,13943
Togo,2720830,2827270,2933700,3040130,3146560,3253000,3357260,3461520,3565780,3670050,3774310,3864710,3955100,4045500,4135900,4226290,4365920,4505540,4645160,4784780,4924410,5061850,5199300,5336750,5474200,5611640,5773650,5935650,6097660,6259670,6421670,6601970,6782270,6962570,7142860,7323160,7514280,7705390,7896510,8082366,8278724,56785
Trinidad and Tobago,1084740,1101980,1120020,1138070,1155080,1170300,1183380,1194530,1204150,1212860,1221120,1229110,1236690,1243600,1249530,1254200,1257550,1259840,1261700,1263930,1267160,1271630,1277210,1283560,1290110,1296500,1302550,1308450,1314450,1320920,1328140,1336180,1344810,1353710,1362340,1370330,1377560,1384060,1389200,1394973,1399488,5130
Tunisia,6374040,6551230,6740520,6937330,7135270,7329590,7517850,7700730,7880330,8060210,8242510,8427850,8613860,8795930,8967920,9125400,9267330,9395120,9509860,9613590,9708350,9793920,9871260,9945280,10022300,10106800,10201200,10304700,10414400,10525700,10635200,10741900,10847000,10953000,11063200,11180000,11303900,11433400,37205500,11694719,11818619,163610
Turkey,44101730,45114120,46155600,47206380,48246120,49257350,50240150,51206000,52158730,53102000,54037670,54959700,55867600,56771070,57680100,58604000,59545650,60498570,61455980,62410950,63358200,64300420,65240880,66176150,67103160,68013080,68878570,69708620,70551000,71454750,72467580,73614250,74860520,76154120,77440750,78684500,79932500,81203250,37205500,83429615,84339067,783562
Turkmenistan,#N/A,#N/A,#N/A,#N/A,#N/A,#N/A,#N/A,#N/A,#N/A,#N/A,#N/A,#N/A,3899840,4010790,4115100,4207840,4287340,4355120,4413480,4466130,4516130,4564090,4610020,4655750,4703400,4754650,4810110,4870140,4935770,5007950,5087210,5174080,5267910,5366380,5466320,5565280,5662370,5757670,5848840,5942089,6031200,488100
Uganda,12442300,12825100,13222000,13638700,14082900,14559400,15070300,15612800,16180100,16763000,17354400,17953500,18561700,19176000,19793500,20413200,21032800,21655400,22290800,22952400,23650200,24389000,25167300,25980600,26821300,27684600,28571500,29486300,30431700,31411100,32428200,33476800,34558700,35694500,36911500,38225400,39649200,41166600,42691400,44269594,45741007,241550
Ukraine,#N/A,#N/A,#N/A,#N/A,#N/A,#N/A,#N/A,#N/A,#N/A,#N/A,#N/A,#N/A,51708200,51870400,51715400,51300400,50874100,50400000,49973500,49544800,49115000,48663600,48240900,47823100,47442100,47100500,46749200,46465700,46192300,45963400,45782600,45598200,45453300,45372700,45245900,42759700,42590900,42414900,42216800,43993638,43733762,603500
United Arab Emirates,1019510,1088840,1158170,1227500,1296830,1366170,1458620,1551070,1643530,1735980,1828440,1945770,2063100,2180430,2297770,2415100,2558890,2702690,2846480,2990270,3134070,3424900,3715730,4006560,4297390,4588220,5380580,6172930,6965290,7757640,8550000,8692580,8835160,8977740,9120320,9262900,9388400,9513900,37206500,9770529,9890402,83600
United Kingdom,56329630,56343680,56299880,56331880,56430380,56569320,56698380,56817500,56939180,57097120,57265620,57453820,57600050,57733700,57883320,58040880,58183430,58334800,58504120,58708820,58915950,59146230,59401020,59678730,60017270,60461680,60893380,61382930,61874380,62327270,62827230,63330950,63753930,64173020,64662480,65178820,65687880,66089750,37206500,67530172,67886011,242900
United Republic of Tanzania,56329630,56343680,56299880,56331880,56430380,56569320,56698380,56817500,56939180,57097120,57265620,57453820,57600050,57733700,57883320,58040880,58183430,58334800,58504120,58708820,58915950,59146230,59401020,59678730,60017270,60461680,60893380,61382930,61874380,62327270,62827230,63330950,63753930,64173020,64662480,65178820,65687880,66089750,66475630,58005463,59734218,945087
United States of America,2.27E+08,2.29E+08,2.32E+08,2.34E+08,2.36E+08,2.38E+08,2.40E+08,2.42E+08,2.44E+08,2.47E+08,2.50E+08,2.53E+08,2.56E+08,2.60E+08,2.63E+08,2.66E+08,2.69E+08,2.73E+08,2.76E+08,2.79E+08,2.82E+08,2.85E+08,2.88E+08,2.90E+08,2.93E+08,2.95E+08,2.98E+08,3.01E+08,3.04E+08,3.07E+08,3.09E+08,3.12E+08,3.14E+08,3.16E+08,3.18E+08,3.21E+08,3.23E+08,3.25E+08,3.27E+08,3.29E+08,3.31E+08,9372610
Uruguay,2915390,2934620,2953850,2973050,2992250,3011520,3030650,3049580,3068710,3088600,3109600,3131660,3154460,3177730,3201150,3224270,3247380,3270160,3291050,3308000,3319730,3325470,3326050,3323660,3321490,3321800,3325400,3331750,3340220,3349680,3359270,3368930,3378980,3389440,3400440,3412010,3424140,3436650,3449010,3461734,3473730,181034
Uzbekistan,#N/A,#N/A,#N/A,#N/A,#N/A,#N/A,#N/A,#N/A,#N/A,#N/A,#N/A,#N/A,21375100,21862000,22336200,22791000,23225300,23640500,24036000,24412100,24770000,25108600,25431100,25749100,26077600,26427800,26804100,27204700,27627000,28065500,28515900,28977000,29449400,29932600,30426400,30929600,31441800,31959800,37207500,32981716,33469203,447400
Vanuatu,115597,118474,121352,124229,127107,129984,133302,136620,139937,143255,146573,150890,155207,159524,163841,168158,171521,174884,178246,181609,184972,189834,194696,199558,204420,209282,214668,220054,225439,230825,236211,243195,250179,257162,264146,271130,278333,285536,37207500,299882,307145,12189
Venezuela,15182600,15597880,16017580,16443120,16876700,17319550,17772000,18232720,18698850,19166470,19632680,20096300,20557720,21016930,21474530,21931070,22385650,22837720,23288570,23739820,24192450,24646450,25100400,25551620,25996600,26432450,26850150,27247600,27635820,28031000,28439930,28887850,29360820,29781080,30043000,30081820,29851250,29402480,28887130,28515829,28435940,916445
Vietnam,54281800,55522800,56814300,58148400,59512600,60896700,62293900,63702000,65120400,66550200,67988900,69437000,70883500,72300300,73651200,74910500,76068700,77133200,78115700,79035900,79910400,80742500,81534400,82301600,83062800,83832700,84617500,85419600,86243400,87092200,87967700,88871400,89801900,90752600,91713900,92677100,93640400,94600600,95513300,96462106,97338579,331212
West Bank,#N/A,#N/A,#N/A,#N/A,#N/A,#N/A,#N/A,#N/A,#N/A,#N/A,#N/A,#N/A,#N/A,#N/A,#N/A,#N/A,#N/A,#N/A,#N/A,#N/A,#N/A,#N/A,#N/A,#N/A,#N/A,#N/A,#N/A,#N/A,#N/A,#N/A,#N/A,#N/A,#N/A,#N/A,#N/A,#N/A,#N/A,#N/A,#N/A,3.00E+09,3284787,5640
Western Sahara,#N/A,#N/A,#N/A,#N/A,#N/A,#N/A,#N/A,#N/A,#N/A,#N/A,#N/A,#N/A,#N/A,#N/A,#N/A,#N/A,#N/A,#N/A,#N/A,#N/A,#N/A,#N/A,#N/A,#N/A,#N/A,#N/A,#N/A,#N/A,#N/A,#N/A,#N/A,#N/A,#N/A,#N/A,#N/A,#N/A,#N/A,#N/A,#N/A,582463,597339,266000
Yemen,7941900,8231910,8541610,8869360,9213080,9572170,9941100,10322000,10730900,11189200,11710000,12302100,12954200,13634100,14297600,14913300,15469300,15975700,16450300,16921200,17409100,17918400,18443700,18985000,19540100,20107400,20687700,21282500,21892200,22516500,23154800,23807600,24473200,25147100,25823500,26497900,27168200,27834800,37208500,29161922,29825964,527968
Zambia,5851820,6055360,6265870,6481910,6701550,6923150,7146960,7372830,7598270,7820200,8036850,8246660,8451350,8656480,8869750,9096610,9339740,9597610,9866470,10140600,10415900,10692200,10971700,11256700,11550600,11856200,12173500,12503000,12848500,13215100,13606000,14023200,14465200,14926500,15399800,15879400,16363500,16853600,17363700,17861030,18383955,752612
Zimbabwe,7408630,7675580,7958240,8254750,8562260,8877490,9200150,9527200,9849130,10153800,10432400,10681000,10900500,11092800,11261800,11410700,11541200,11653200,11747100,11822700,11881500,11923900,11954300,11982200,12019900,12076700,12155500,12255900,12379500,12527000,12697700,12894300,13115200,13350400,13586700,13814600,14030300,14236600,14445400,14645468,14862924,390757