Country,1980,1981,1982,1983,1984,1985,1986,1987,1988,1989,1990,1991,1992,1993,1994,1995,1996,1997,1998,1999,2000,2001,2002,2003,2004,2005,2006,2007,2008,2009,2010,2011,2012,2013,2014,2015,2016,2017,2018,2019,2020
Afghanistan,0.942,0.992,0.952,1,1.019,1.034,1.135,1.218,1.08,1.089,1.098,0.989,0.685,0.677,0.669,0.608,0.549,0.499,0.46,0.455,0.467,0.592,0.687,0.939,0.894,0.934,0.837,0.946,0.72801,0.9381,0.9363,0.8473,0.912,1.052,1.081,1.166,1.21,1.254,#N/A,#N/A,#N/A
Albania,3.635,3.673,3.692,3.71,3.737,3.783,3.814,4.236,3.93,4.081,3.141,3.641,3.31,3.441,3.858,4.359,5.857,5.125,5.01,5.337,4.683,3.648,3.641,5.218,5.543,5.385,5.038,2.828,3.759,5.201,7.6745,4.0918,4.7259,6.96,4.727,5.867,7.138,4.481,#N/A,#N/A,#N/A
Algeria,6.683,7.65,8.824,9.615,10.537,11.569,12.214,13.014,14.08,14.449,15.145,16.319,17.199,18.267,18.703,18.09,19.124,19.739,21.448,23.282,23.89,25.031,25.992,27.81,29.387,31.907,33.124,34.976,37.836,36.206,42.9981,48.278,54.177,56.506,60.599,64.786,66.862,71.483,#N/A,#N/A,#N/A
Angola,0.905,0.906,0.995,1.028,1.028,1.028,1.088,1.097,1.097,1.104,1.169,1.166,1.283,1.332,1.342,1.347,1.377,1.331,1.52,1.3,1.404,1.591,1.717,1.938,2.186,2.73,3.241,3.149,4.064,4.606,5.317,5.523,6.034,7.976,9.217,9.309,10.203,10.676,#N/A,#N/A,#N/A
Antarctica,#N/A,#N/A,#N/A,#N/A,#N/A,#N/A,#N/A,#N/A,#N/A,#N/A,#N/A,#N/A,#N/A,#N/A,#N/A,#N/A,#N/A,#N/A,#N/A,#N/A,#N/A,#N/A,#N/A,#N/A,#N/A,0.002,0.002,0.002,0.002,0.004,0.004,0.004,0.001,0.001,0.001,0.001,0.001,#N/A,#N/A,#N/A,#N/A
Argentina,41.858,40.495,41.086,41.641,44.023,43.693,47.192,50.178,49.243,48.01,45.561,48.721,53.439,58.909,60.305,64.671,66.74,69.55,71.231,76.942,85.196,86.485,81.131,88.127,95.634,100.692,111.274,110.6431,114.5421,116.0151,119.2901,123.577,129.105,132.59,131.62,137.809,139.483,138.359,#N/A,#N/A,#N/A
Armenia,#N/A,#N/A,#N/A,#N/A,#N/A,#N/A,#N/A,#N/A,#N/A,#N/A,#N/A,#N/A,8.615,6.131,5.494,5.038,5.835,5.656,5.822,5.561,5.618,5.568,5.215,5.212,5.904,5.978,5.617,5.585,5.466,5.378,6.176,7.071,7.622,7.306,7.334,7.392,6.951,7.362,#N/A,#N/A,#N/A
Australia,87.393,92.911,96.736,98.048,103.716,110.425,116.272,121.915,130.92,139.221,146.187,148.367,150.759,154.646,158.368,163.841,168.068,173.354,185.41,191.63,197.95,211.522,214.623,213.541,222.987,215.489,219.83,229.391,229.45,234.698,238.725,239.981,237.283,236.117,234.635,238.137,242.912,244.543,250.487,#N/A,#N/A
Austria,40.574,41.233,41.458,41.191,40.97,43.033,43.295,38.842,47.491,48.426,47.73,49.507,49.492,50.088,50.71,53.733,52.019,54.272,54.62,57.615,57.92,58.937,58.404,55.505,59.307,61.303,59.453,60.173,61.974,63.597,63.144,57.632,63.841,60.0034,56.9144,57.2041,60.8991,62.4021,61.3541,#N/A,#N/A
Azerbaijan,#N/A,#N/A,#N/A,#N/A,#N/A,#N/A,#N/A,#N/A,#N/A,#N/A,#N/A,#N/A,18.58,18.074,16.609,16.1,16.14,15.912,17.015,17.162,17.654,17.896,18.472,20.131,20.482,20.095,22.32,20.654,20.456,17.85,17.76,19.21,21.7,22.035,23.32,23.3,23.567,22.961,23.82,#N/A,#N/A
Bangladesh,2.665,3.026,3.433,3.572,4.088,4.622,4.845,5.583,6.488,7.04,7.618,8.436,9.021,9.305,10.008,10.412,10.823,11.183,12.152,13.625,14.873,16.399,17.6,18.589,23.269,25.443,29.247,29.21,32.33,35.071,38.513,41.6658,45.738,50.049,52.574,55.549,64.846,68.84,#N/A,#N/A,#N/A
Belarus,#N/A,#N/A,#N/A,#N/A,#N/A,#N/A,#N/A,#N/A,#N/A,#N/A,#N/A,#N/A,35.34,31.368,29.514,23.424,22.305,24.495,21.991,24.829,24.537,23.561,24.869,25.031,29.339,29.107,29.91,29.927,32.904,28.482,32.81,30.277,28.962,29.633,32.667,32.056,31.576,32.487,36.395,#N/A,#N/A
Belgium,50.572,47.537,47.25,49.041,50.813,53.112,54.576,59.154,61.423,63.708,66.36,67.17,67.377,66.105,67.275,69.309,70.833,73.427,77.337,78.572,77.994,74.068,76.282,78.761,79.5,80.616,79.319,82.412,78.762,84.849,88.645,84.286,77.325,77.647,67.602,64.972,80.119,80.887,69.624,#N/A,#N/A
Belize,0.091,0.092,0.093,0.095,0.103,0.107,0.11,0.115,0.125,0.129,0.142,0.158,0.172,0.188,0.175,0.182,0.186,0.2,0.192,0.201,0.181,0.149,0.151,0.175,0.16,0.165,0.226,0.231,0.23,0.222,0.3499,0.347,0.318,0.348,0.365,0.381,0.395,0.409,#N/A,#N/A,#N/A
Benin,0.005,0.005,0.005,0.005,0.005,0.005,0.005,0.005,0.005,0.005,0.019,0.022,0.023,0.024,0.048,0.029,0.049,0.052,0.06,0.068,0.079,0.062,0.059,0.075,0.076,0.101,0.146,0.208,0.216,0.121,0.109,0.097,0.047,0.089,0.228,0.312,0.2601,0.311,#N/A,#N/A,#N/A
Bhutan,0.016,0.02,0.022,0.022,0.02,0.011,0.304,1.17,1.532,1.533,1.548,1.561,1.605,1.605,1.659,1.716,1.853,1.821,1.784,1.783,1.793,1.921,2.178,2.504,2.33,2.621,4.475,6.496,6.892,6.929,7.2565,6.9767,6.7467,7.5327,7.15071,7.73301,7.88101,7.65202,#N/A,#N/A,#N/A
Bolivia,1.568,1.655,1.658,1.667,1.519,1.512,1.518,1.532,1.881,1.996,2.122,2.315,2.308,2.379,2.705,2.879,3.096,3.319,3.532,3.747,3.775,3.851,4.046,4.175,4.363,4.694,5.08,5.512,5.599,5.903,6.486,6.912,7.325,7.719,8.171,8.711,8.951,9.499,#N/A,#N/A,#N/A
Bosnia and Herzegovina,#N/A,#N/A,#N/A,#N/A,#N/A,#N/A,#N/A,#N/A,#N/A,#N/A,#N/A,#N/A,6.304,3.245,4.162,4.32,7.157,8.471,9.282,10.191,10.058,10.259,10.401,10.815,12.263,12.146,12.803,11.277,14.177,15.04,16.498,14.583,13.449,16.767,15.488,15.004,17.022,15.689,#N/A,#N/A,#N/A
Botswana,0.443,0.502,0.489,0.434,0.445,0.456,0.538,0.846,0.8,0.797,0.852,0.879,1.088,1.027,1.044,1.047,0.759,0.87,1.026,1.043,0.89,0.949,0.842,0.681,0.74,0.815,0.746,0.578,0.552,0.417,0.5,0.449,0.329,0.869,2.175,2.79,2.527,2.841,#N/A,#N/A,#N/A
Brazil,138.302,140.153,150.027,160.452,178.097,190.671,199.241,200.45,211.78,218.294,219.953,231.439,238.84,249.251,256.896,272.198,287.656,304.275,317.819,329.689,342.573,323.168,340.297,358.896,381.182,395.721,411.925,437.1862,454.6772,458.6662,506.748,522.92,542.487,559.003,577.045,568.649,567.947,577.943,591.614,#N/A,#N/A
Brunei,0.439,0.479,0.534,0.682,0.781,0.852,0.901,0.938,1.047,1.089,1.163,1.256,1.324,1.454,1.563,1.848,1.996,2.263,2.353,2.288,2.39,2.424,2.539,3,3.068,3.068,3.1,3.191,3.218,3.395,3.564,3.5,3.694,4.138,4.236,3.948,4.014,3.908,#N/A,#N/A,#N/A
Bulgaria,32.854,34.868,38.112,40.185,42.08,39.184,39.354,40.916,42.409,42.615,39.449,36.721,33.704,35.952,36.066,39.569,41.067,39.854,39.253,35.912,38.318,40.653,40.755,39.528,38.8,41.245,42.688,40.252,41.724,39.632,43.134,46.78,43.73,40.505,44.332,46.27,42.289,42.53,43.432,#N/A,#N/A
Burkina Faso,0.098,0.108,0.115,0.117,0.113,0.115,0.122,0.133,0.143,0.153,0.174,0.182,0.19,0.205,0.206,0.232,0.263,0.282,0.312,0.348,0.318,0.327,0.365,0.445,0.472,0.489,0.52,0.581,0.589,0.664,0.543,0.538,0.634,0.7411,0.8812,1.0115,0.991,1.116,#N/A,#N/A,#N/A
Burundi,0.003,0.004,0.004,0.025,0.041,0.047,0.062,0.095,0.104,0.103,0.109,0.112,0.106,0.11,0.116,0.119,0.118,0.121,0.111,0.099,0.1,0.116,0.128,0.102,0.092,0.097,0.094,0.118,0.113,0.122,0.1489,0.147,0.15,0.167,0.182,0.174,0.178,0.22,#N/A,#N/A,#N/A
Cambodia,0.096,0.103,0.107,0.101,0.096,0.106,0.115,0.125,0.135,0.143,0.153,0.158,0.166,0.172,0.179,0.285,0.292,0.323,0.358,0.397,0.467,0.509,0.686,0.72,0.769,0.91,1.109,1.404,1.394,1.1843,0.9433,1.0003,1.3753,1.7233,2.9723,4.2363,5.3923,6.7193,#N/A,#N/A,#N/A
Cameroon,367.797,380.221,378.43,397.358,426.983,447.978,457.504,484.205,491.187,485.346,468.893,494.45,505.844,518.402,540.119,544.481,557.589,557.96,546.054,563.105,588.325,572.263,583.841,572.285,582.309,606.268,592.559,612.89,614.648,596.968,587.009,616.063,616.078,640.077,639.986,647.709,648.86,640.522,633.248,#N/A,#N/A
Canada,367.797,380.221,378.43,397.358,426.983,447.978,457.504,484.205,491.187,485.346,468.893,494.45,505.844,518.402,540.119,544.481,557.589,557.96,546.054,563.105,588.325,572.263,583.841,572.285,582.309,606.268,592.559,612.89,614.648,596.968,587.009,616.063,616.078,640.077,639.986,647.709,648.86,640.522,633.248,#N/A,#N/A
Central African Republic,0.067,0.066,0.07,0.068,0.072,0.077,0.093,0.091,0.092,0.092,0.093,0.092,0.094,0.095,0.099,0.1,0.102,0.104,0.102,0.103,0.105,0.106,0.106,0.107,0.149,0.159,0.166,0.16,0.16,0.159,0.1591,0.1713,0.1744,0.1384,0.1694,0.1694,0.1704,0.1514,#N/A,#N/A,#N/A
Chad,0.044,0.048,0.049,0.048,0.049,0.051,0.065,0.079,0.076,0.077,0.085,0.082,0.079,0.081,0.08,0.084,0.085,0.085,0.086,0.086,0.086,0.094,0.101,0.108,0.115,0.121,0.122,0.121,0.141,0.172,0.188,0.205,0.193,0.2121,0.2121,0.2143,0.2253,0.2293,#N/A,#N/A,#N/A
Chile,11.852,12.083,12.001,12.601,13.439,14.004,14.874,15.563,16.783,17.527,20.285,20.453,21.596,22.546,24.028,28.562,30.747,33.206,34.546,36.845,39.878,41.154,42.281,45.212,49.357,50.767,53.544,56.318,57.519,58.513,58.084,63.259,66.91,70.031,67.768,72.332,76.091,76.242,78.251,#N/A,#N/A
China,285.474,294.017,311.758,334.636,358.72,390.678,427.349,472.472,517.849,555.538,590.346,643.116,716.04,795.733,880.411,956.307,1005.499,1070.225,1103.697,1172.261,1280.613,1426.677,1584.671,1810.261,2103.526,2373.002,2716.712,3108.028,3297.471,3527.342,3984.02,4461.707,4735.544,5170.66,5387.911,5562.476,5883.763,6266.235,6712.1785,#N/A,#N/A
Colombia,19.663,19.968,25.872,26.729,29.312,29.642,32.984,30.637,32.998,34.377,35.651,36.374,32.771,37.584,40.864,42.702,43.709,44.92,44.712,43.159,42.177,42.461,44.073,45.594,48.778,49.347,52.736,54.196,54.958,55.854,58.034,59.918,61.105,72.142,69.345,75.946,74.772,73.355,#N/A,#N/A,#N/A
Costa Rica,2.142,2.337,2.442,2.886,3.035,2.804,2.926,3.05,3.109,3.315,3.429,3.825,4.57,4.854,5.154,4.779,4.749,5.575,5.256,6.118,6.848,6.878,7.419,7.286,7.963,8.157,8.585,8.93,9.36,9.212,9.473,9.705,10.053,10.094,10.087,10.725,10.792,11.219,#N/A,#N/A,#N/A
Croatia,#N/A,#N/A,#N/A,#N/A,#N/A,#N/A,#N/A,#N/A,#N/A,#N/A,#N/A,#N/A,8.578,9.015,8.026,8.594,10.277,9.353,10.505,11.833,10.22,11.65,11.683,12.024,12.696,11.887,11.816,11.501,11.7,12.235,14.329,10.781,10.156,13.538,13.086,10.883,12.198,11.362,13.092,#N/A,#N/A
Cuba,10.259,10.806,11.37,11.861,12.558,12.469,13.488,13.881,14.873,15.53,14.493,12.413,12.168,11.215,11.472,11.886,12.676,13.461,13.359,13.838,14.192,14.441,14.82,14.912,14.749,14.4511,15.5101,16.6001,16.6691,16.7201,16.386,16.73,17.361,18.038,18.251,19.118,19.277,19.37,#N/A,#N/A,#N/A
Cyprus,0.968,0.993,1.071,1.148,1.175,1.24,1.338,1.421,1.568,1.734,1.857,1.952,2.26,2.426,2.52,2.325,2.437,2.548,2.777,2.951,3.168,3.338,3.558,3.809,3.948,4.114,4.373,4.579,4.775,4.856,5.006,4.644,4.449,4.054,4.102,4.284,4.618,4.73,4.778,#N/A,#N/A
Czech Republic,#N/A,#N/A,#N/A,#N/A,#N/A,#N/A,#N/A,#N/A,#N/A,#N/A,#N/A,#N/A,#N/A,55.529,55.386,57.482,60.163,61.166,61.38,60.394,68.61,69.93,71.663,78.062,78.983,76.969,78.597,82.557,78.305,76.937,80.447,81.845,81.774,81.145,80.327,77.902,77.387,81.023,81.877,#N/A,#N/A
Democratic Republic of the Congo,#N/A,#N/A,#N/A,#N/A,#N/A,#N/A,#N/A,#N/A,#N/A,#N/A,#N/A,#N/A,#N/A,55.529,55.386,57.482,60.163,61.166,61.38,60.394,68.61,69.93,71.663,78.062,78.983,76.969,78.597,82.557,78.305,76.937,80.447,81.845,81.774,81.145,80.327,77.902,77.387,81.023,81.877,#N/A,#N/A
Denmark,25.162,18.453,22.394,20.74,19.741,25.707,28.79,27.577,25.785,21.247,24.488,34.418,28.98,32.039,37.903,34.589,50.509,41.852,38.894,36.856,34.221,35.837,37.362,43.921,38.61,34.709,43.476,37.623,35.076,34.851,37.321,34.013,29.793,33.659,31.377,28.38,29.852,30.537,29.479,#N/A,#N/A
Djibouti,0.11,0.115,0.123,0.139,0.137,0.154,0.16,0.161,0.164,0.165,0.168,0.169,0.169,0.171,0.171,0.173,0.174,0.176,0.176,0.176,0.18,0.179,0.188,0.188,0.202,0.24,0.263,0.304,0.319,0.328,0.356,0.364,0.3675,0.3785,0.3785,0.3785,0.3785,0.3805,#N/A,#N/A,#N/A
Dominican Republic,3.211,3.647,3.28,3.483,4.134,4.267,4.654,4.526,4.295,3.286,3.497,3.69,3.958,5.189,4.806,5.181,6.263,6.838,7.27,8.564,8.067,9.733,11.816,12.543,11.188,11.98,13.06,13.65,11.676,11.558,13.943,14.882,15.751,16.727,16.282,16.917,17.671,18.045,#N/A,#N/A,#N/A
East Timor,3.211,3.647,3.28,3.483,4.134,4.267,4.654,4.526,4.295,3.286,3.497,3.69,3.958,5.189,4.806,5.181,6.263,6.838,7.27,8.564,8.067,9.733,11.816,12.543,11.188,11.98,13.06,13.65,11.676,11.558,13.943,14.882,15.751,16.727,16.282,16.917,17.671,18.045,#N/A,#N/A,#N/A
Ecuador,3.186,3.535,3.904,4.117,4.113,4.706,5.197,5.257,5.504,5.636,6.215,6.807,7.001,7.25,8.008,8.181,9.097,9.389,9.883,10.048,10.356,10.74,11.551,11.212,13.09,12.162,14.128,16.585,18.265,17.929,18.785,19.885,22.106,22.442,23.451,24.969,26.504,28.604,#N/A,#N/A,#N/A
Egypt,18.256,20.498,19.939,22.487,29.316,32.3,33.484,36.744,35.401,37.695,41.408,42.56,43.496,47.752,50.07,52.691,51.765,55.532,59.809,65.174,74.461,79.366,84.813,90.47,96.21,103.1602,109.4992,118.7872,124.3132,131.6812,139.059,149.024,155.807,159.135,165.492,176.272,176.262,182.343,#N/A,#N/A,#N/A
El Salvador,1.637,1.669,1.756,1.61,1.811,1.76,1.731,1.922,2.005,2.061,2.025,1.926,2.026,2.408,2.833,3.263,3.334,3.526,3.712,3.689,3.7261,3.7901,3.9731,4.2651,4.3501,4.7131,5.5981,5.7241,5.8741,5.7451,5.7551,5.8391,5.9681,6.022,5.976,5.753,5.769,5.291,#N/A,#N/A,#N/A
Equatorial Guinea,0.017,0.015,0.014,0.012,0.015,0.017,0.016,0.017,0.017,0.017,0.017,0.017,0.018,0.018,0.018,0.019,0.019,0.02,0.021,0.021,0.083,0.053,0.107,0.12,0.163,0.27,0.329,0.391,0.457,0.514,0.576,0.65,0.891,1.402,1.611,1.641,1.779,1.725,#N/A,#N/A,#N/A
Eritrea,#N/A,#N/A,#N/A,#N/A,#N/A,#N/A,#N/A,#N/A,#N/A,#N/A,#N/A,#N/A,#N/A,#N/A,0.151,0.162,0.181,0.178,0.185,0.201,0.197,0.219,0.244,0.26,0.266,0.271,0.253,0.271,0.27,0.277,0.294,0.319,0.34,0.354,0.364,0.374,0.381,0.4,#N/A,#N/A,#N/A
Estonia,#N/A,#N/A,#N/A,#N/A,#N/A,#N/A,#N/A,#N/A,#N/A,#N/A,#N/A,#N/A,11.121,8.571,8.602,8.172,8.557,8.666,8.011,7.773,8.001,7.985,8.091,9.61,9.689,9.599,9.156,11.467,9.958,8.2851,12.2491,12.1902,11.3383,12.556,11.79,9.878,11.554,12.255,#N/A,#N/A,#N/A
Ethiopia,0.651,0.68,0.746,0.787,0.837,0.892,0.949,1.1,1.172,1.218,1.199,1.211,1.221,1.435,1.433,1.453,1.536,1.595,1.634,1.627,1.701,2.035,2.068,2.32,2.562,2.869,3.29,3.547,3.7651,3.9794,4.9894,6.3178,7.5571,8.6611,9.4731,10.3891,12.4681,13.7411,#N/A,#N/A,#N/A
Falkland Islands,0.002,0.003,0.003,0.003,0.006,0.008,0.009,0.009,0.011,0.01,0.01,0.01,0.01,0.01,0.01,0.011,0.011,0.011,0.012,0.012,0.014,0.015,0.015,0.015,0.015,0.015,0.016,0.016,0.018,0.018,0.016,0.016,0.017,0.017,0.017,0.018,0.017,0.017,#N/A,#N/A,#N/A
Fiji,0.29,0.297,0.303,0.311,0.379,0.387,0.412,0.423,0.414,0.426,0.478,0.483,0.481,0.491,0.529,0.553,0.554,0.56,0.556,0.6,0.631,0.674,0.711,0.723,0.753,0.7871,0.8481,0.8591,0.8741,0.8611,0.8983,0.8691,0.861,0.892,0.911,0.93,0.953,1.021,#N/A,#N/A,#N/A
Finland,38.71,39.115,39.355,40.347,43.226,47.316,46.916,50.847,43.97,51.187,57.005,60.36,55.507,58.645,62.865,61.299,66.368,65.528,67.473,66.683,67.075,71.237,71.535,80.304,82.063,67.865,78.842,77.963,74.442,69.206,77.334,70.65,67.909,68.63,65.675,66.408,66.546,65.408,67.841,#N/A,#N/A
France,250.498,261.858,264.508,279.984,306.101,324.265,341.513,355.869,370.643,384.475,396.252,428.584,438.036,447.433,453.011,467.891,483.499,476.815,482.467,494.583,509.729,519.51,526.185,533.651,540.645,544.677,542.979,538.435,544.232,507.643,540.09,536.862,537.727,550.853,543.086,550.67,536.932,534.116,550.397,#N/A,#N/A
French Guiana,0.106,0.116,0.129,0.154,0.169,0.194,0.209,0.233,0.265,0.294,0.332,0.381,0.418,0.419,0.419,0.423,0.423,0.425,0.426,0.428,0.428,0.585,0.606,0.631,0.655,0.681,0.706,0.901,0.922,1.029,1.104,1.053,0.877,0.874,0.901,0.906,0.92,1.12,#N/A,#N/A,#N/A
French Southern and Antarctic Lands,0.239,0.262,0.272,0.216,0.192,0.208,0.213,0.213,0.243,0.258,0.277,0.287,0.302,0.308,0.32,0.335,0.337,0.343,0.34,0.347,0.389,0.472,0.522,0.572,0.612,0.603,0.629,0.659,0.687,0.701,0.6293,0.6473,0.6473,0.6303,0.5823,0.5843,0.5943,0.6103,#N/A,#N/A,#N/A
Gabon,0.51,0.579,0.651,0.711,0.777,0.842,0.848,0.852,0.858,0.882,0.985,1.001,1.027,1.067,1.071,1.181,1.185,1.241,1.275,1.291,1.277,1.345,1.429,1.465,1.484,1.513,1.609,1.68,1.778,1.801,1.865,1.962,2.081,2.023,1.918,2.046,2.244,2.191,#N/A,#N/A,#N/A
Gambia,0.51,0.579,0.651,0.711,0.777,0.842,0.848,0.852,0.858,0.882,0.985,1.001,1.027,1.067,1.071,1.181,1.185,1.241,1.275,1.291,1.277,1.345,1.429,1.465,1.484,1.513,1.609,1.68,1.778,1.801,1.865,1.962,2.081,2.023,1.918,2.046,2.244,2.191,#N/A,#N/A,#N/A
Georgia,#N/A,#N/A,#N/A,#N/A,#N/A,#N/A,#N/A,#N/A,#N/A,#N/A,#N/A,#N/A,11.144,9.465,8.669,6.646,7.081,7.047,7.903,7.886,7.271,6.798,7.16,7.057,6.812,7.143,7.116,8.173,8.304,8.415,9.985,9.977,9.475,9.869,10.166,10.605,11.347,11.305,#N/A,#N/A,#N/A
Germany,#N/A,#N/A,#N/A,#N/A,#N/A,#N/A,#N/A,#N/A,#N/A,#N/A,#N/A,505.457,503.627,493.139,495.603,502.972,520.14,517.174,522.214,519.283,540.116,549.697,549.976,574.4,581.097,580.006,597.049,599.971,601.374,559.297,593.871,576.933,593.303,602.607,592.677,611.906,614.597,618.316,616.477,#N/A,#N/A
Ghana,5.309,5.382,4.981,2.61,1.899,3.077,4.459,4.682,4.863,5.223,5.707,6.116,6.575,6.249,6.059,6.054,6.585,6.816,4.725,5.828,7.134,7.733,7.107,5.726,5.878,6.676,8.214,6.756,8.149,8.78,9.923,10.922,11.722,12.527,12.624,11.113,9.622,13.526,#N/A,#N/A,#N/A
Greece,21.288,21.879,21.763,22.263,23.057,25.736,25.965,27.595,29.648,31.266,32.681,33.724,35.031,35.861,37.991,38.897,40.026,40.806,43.546,46.581,50.262,49.784,50.618,54.504,55.376,55.954,56.711,58.862,59.091,57.751,54.524,55.988,56.767,54.528,47.991,49.272,52.048,52.672,50.227,#N/A,#N/A
Greenland,0.151,0.154,0.159,0.165,0.171,0.174,0.179,0.183,0.188,0.197,0.207,0.202,0.203,0.237,0.24,0.242,0.243,0.258,0.264,0.448,0.421,0.388,0.382,0.33,0.336,0.35,0.382,0.388,0.4,0.425,0.414,0.451,0.439,0.45,0.476,0.51,0.481,0.506,#N/A,#N/A,#N/A
Guatemala,1.87,1.634,1.609,1.613,1.58,1.644,1.858,1.998,2.198,2.367,2.583,2.781,2.803,2.926,3.118,3.448,3.297,3.395,4.261,5.178,6.028,5.828,6.143,7.649,6.747,8.291,8.294,9.022,8.448,8.635,8.6508,8.9368,9.499,10.22,10.813,11.336,12.06,12.523,#N/A,#N/A,#N/A
Guinea,0.363,0.368,0.376,0.388,0.457,0.466,0.474,0.477,0.488,0.491,0.495,0.5,0.502,0.507,0.509,0.522,0.527,0.62,0.643,0.725,0.743,0.933,0.984,0.865,0.942,0.881,0.843,0.942,0.967,0.9629,0.9199,0.8499,0.7069,0.642,0.697,1.113,1.574,1.632,#N/A,#N/A,#N/A
Guinea Bissau,0.363,0.368,0.376,0.388,0.457,0.466,0.474,0.477,0.488,0.491,0.495,0.5,0.502,0.507,0.509,0.522,0.527,0.62,0.643,0.725,0.743,0.933,0.984,0.865,0.942,0.881,0.843,0.942,0.967,0.9629,0.9199,0.8499,0.7069,0.642,0.697,1.113,1.574,1.632,#N/A,#N/A,#N/A
Guyana,0.388,0.402,0.332,0.162,0.167,0.222,0.215,0.376,0.381,0.326,0.294,0.235,0.219,0.226,0.355,0.539,0.65,0.745,0.804,0.844,0.877,0.91,0.914,0.822,0.858,0.6502,0.6693,0.7044,0.7104,0.7255,0.7776,0.8138,0.846,0.872,0.886,0.9471,0.9901,1.0421,#N/A,#N/A,#N/A
Haiti,0.318,0.328,0.418,0.44,0.468,0.515,0.567,0.572,0.595,0.595,0.636,0.608,0.544,0.486,0.416,0.53,0.624,0.553,0.639,0.54,0.528,0.572,0.527,0.515,0.527,0.536,0.549,0.447,0.466,0.688,0.5609,0.6529,1.047,1.001,0.977,0.99,1.042,0.962,#N/A,#N/A,#N/A
Honduras,0.899,0.978,1.037,1.066,1.04,1.045,1.427,1.291,1.904,2.004,2.254,2.286,2.358,2.45,2.114,2.266,2.985,3.052,3.306,3.097,3.546,3.747,3.927,4.353,4.66,5.392,5.742,6.053,6.282,6.377,6.695,7.072,7.11,7.217,8.059,8.629,8.496,8.963,#N/A,#N/A,#N/A
Hungary,22.364,22.687,23.208,24.256,24.743,25.211,26.404,27.998,27.52,27.854,26.909,28.36,30.026,31.163,31.743,32.227,33.229,33.52,35.216,35.724,33.237,34.388,34.141,32.224,31.86,33.742,33.658,37.749,37.707,33.73,35.147,33.97,32.608,28.698,27.87,28.785,30.261,31.178,30.273,#N/A,#N/A
Iceland,3.148,3.268,3.585,3.777,3.925,3.852,4.063,4.157,4.42,4.479,4.468,4.452,4.503,4.682,4.735,4.933,5.075,5.534,6.225,7.128,7.62,7.967,8.346,8.429,8.552,8.616,9.857,11.893,16.343,16.711,16.746,16.851,17.296,18,17.805,18.558,18.172,18.846,19.608,#N/A,#N/A
India,119.26,131.12,139.41,144.987,161.739,174.93,191.896,208.235,229.432,255.104,275.495,300.311,315.973,339.347,366.118,396.074,412.682,441.169,470.765,504.536,537.653,556.823,576.5,614.472,644.833,675.669,727.421,775.893,803.657,866.005,916.261,1006.28,1053.412,1117.02,1213.776,1287.801,1367.483,1438.168,1486.539,#N/A,#N/A
Indonesia,12.786,15.362,17.661,18.281,20.088,26.396,30.27,32.034,36.555,36.974,43.071,45.968,48.767,52.029,57.781,56.956,64.049,73.011,74.828,80.728,88.519,96.124,102.596,108.432,113.836,121.012,126.692,135.854,142.4764,148.5161,161.009,173.609,189.253,204.478,215.624,221.306,234.727,241.326,#N/A,#N/A,#N/A
Iran,21.256,23.653,27.333,31.336,35.252,35.316,34.9,35.955,44.258,45.789,55.86,60.631,64.979,71.947,77.471,76.105,81.257,87.718,93.406,102.248,114.283,122.643,133.022,145.202,157.437,168.212,182.042,192.655,201.92,208.463,219.468,226.056,239.248,247.065,258.372,264.971,272.287,289.564,#N/A,#N/A,#N/A
Iraq,10.736,10.313,12.869,15.258,17.307,19.765,20.989,22.835,25.801,27.196,20.72,19.021,23.817,24.752,26.348,27.288,27.464,27.816,28.566,27.971,30.017,30.347,31.857,26.662,30.382,28.876,32.098,31.53,34.802,43.032,46.211,50.839,43.476,55.2,63.906,64.751,75.453,82.254,#N/A,#N/A,#N/A
Ireland,9.54,9.448,9.674,9.598,9.799,10.553,10.851,11.673,11.786,12.588,13.29,13.977,14.778,15.13,15.77,16.496,17.711,18.439,19.567,20.396,22.171,23.053,23.244,23.239,23.582,24.009,25.423,26.142,28.127,26.296,26.591,25.849,25.69,24.137,24.417,26.637,28.615,29.168,29.296,#N/A,#N/A
Israel,11.731,12.278,12.947,13.703,14.014,14.434,14.96,16.374,18.191,19.226,19.643,20.224,23.207,24.446,26.625,28.566,30.519,32.994,35.688,36.865,40.103,41.315,42.772,44.221,44.445,45.688,47.526,50.566,53.377,51.462,55.056,56.041,59.252,57.677,57.219,60.445,63.0644,63.4888,#N/A,#N/A,#N/A
Italy,175.413,169.761,173.03,170.44,169.876,171.861,178.341,187.607,173.751,195.29,200.811,206.449,210.983,207.401,216.109,223.394,225.23,231.68,237.942,243.258,253.962,256.032,260.526,265.729,278.206,279.233,289.701,290.406,295.9,273.328,283.391,286.031,283.197,275.521,266.625,269.477,275.024,280.668,276.372,#N/A,#N/A
Ivory Coast,175.413,169.761,173.03,170.44,169.876,171.861,178.341,187.607,173.751,195.29,200.811,206.449,210.983,207.401,216.109,223.394,225.23,231.68,237.942,243.258,253.962,256.032,260.526,265.729,278.206,279.233,289.701,290.406,295.9,273.328,283.391,286.031,283.197,275.521,266.625,269.477,275.024,280.668,276.372,#N/A,#N/A
Jamaica,1.731,1.746,1.804,2.025,1.926,1.655,1.709,1.891,1.905,2.122,2.414,2.048,2.165,3.592,4.523,5.488,5.688,5.893,6.103,6.225,6.222,6.264,6.524,6.725,6.795,6.989,7.038,5.603,3.995,4.153,4.079,4.125,3.781,3.785,3.9,3.899,4.125,4.159,#N/A,#N/A,#N/A
Japan,546.764,546.029,553.199,586.835,618.331,638.364,643.521,693.668,725.328,763.506,813.348,840.404,848.557,856.059,911.02,935.922,955.009,985.076,991.287,996.945,1009.279,991.751,1010.327,1002.955,1030.562,1040.469,1058.749,1099.401,1027.959,999.832,1066.539,1058.399,988.516,1044.23,1016.247,995.448,991.816,986.807,952.123,#N/A,#N/A
Jordan,1.002,1.237,1.512,1.803,2.129,2.345,2.778,2.538,2.505,3.229,3.427,3.501,4.159,4.478,4.772,5.281,5.697,5.889,6.341,6.657,6.935,7.094,7.647,7.517,8.432,9.078,10.455,12.223,13.011,13.419,13.894,13.771,15.603,16.23,17.13,17.883,18.602,19.599,#N/A,#N/A,#N/A
Kazakhstan,#N/A,#N/A,#N/A,#N/A,#N/A,#N/A,#N/A,#N/A,#N/A,#N/A,#N/A,#N/A,78.557,73.56,63.243,63.176,55.953,49.49,46.604,44.956,48.621,53.849,55.286,60.466,63.331,64.169,67.747,72.411,75.881,74.332,78.09,81.786,87.63,97.289,99.222,100.594,100.876,97.575,101.185,#N/A,#N/A
Kenya,1.585,1.856,1.908,2.317,2.345,2.588,2.423,2.571,2.969,3.035,3.256,3.395,3.392,3.578,3.616,4.035,4.218,4.414,4.535,4.314,4.054,4.593,4.752,5.098,5.453,5.862,6.324,6.53,6.417,6.581,7.231,7.535,7.944,8.477,8.018,9.623,9.917,10.112,#N/A,#N/A,#N/A
Kosovo,#N/A,#N/A,#N/A,#N/A,#N/A,#N/A,#N/A,#N/A,#N/A,#N/A,#N/A,#N/A,#N/A,#N/A,#N/A,#N/A,#N/A,#N/A,#N/A,#N/A,#N/A,#N/A,#N/A,#N/A,#N/A,#N/A,#N/A,#N/A,4.856,4.684,4.867,5.461,5.594,6.144,5.12,5.762,5.6381,5.576,5.069,#N/A,#N/A
Kuwait,8.818,9.679,11.252,12.06,13.344,14.748,16.183,17.296,18.798,20.204,19.373,10.133,15.779,18.967,21.43,22.302,23.947,25.121,28.185,29.681,30.384,32.241,34.18,37.414,38.781,41.11,44.751,45.828,48.644,50.023,53.607,54.01,58.896,57.3232,61.235,64.196,65.889,68.439,#N/A,#N/A,#N/A
Kyrgyzstan,#N/A,#N/A,#N/A,#N/A,#N/A,#N/A,#N/A,#N/A,#N/A,#N/A,#N/A,#N/A,11.725,11.051,12.743,12.164,13.545,12.426,11.416,12.975,15.708,14.662,12.84,15.317,16.038,14.637,14.275,14.577,11.588,10.929,11.929,14.956,14.967,13.855,14.363,12.803,13.041,15.293,#N/A,#N/A,#N/A
Laos,0.968,1.139,1.188,1.061,0.978,0.895,0.857,0.569,0.525,0.699,0.859,0.918,0.898,0.907,0.889,1.073,1.229,1.204,1.967,2.569,3.623,3.645,3.55,3.131,2.998,3.51,3.6,3.37,3.72,3.37,8.365,12.839,12.9264,15.361,15.131,16.031,25.254,27.881,#N/A,#N/A,#N/A
Latvia,#N/A,#N/A,#N/A,#N/A,#N/A,#N/A,#N/A,#N/A,#N/A,#N/A,#N/A,#N/A,3.733,3.832,4.339,3.887,3.029,4.379,4.382,4.001,4.029,4.166,3.86,3.854,4.568,4.783,4.738,4.627,5.119,5.413,6.415,5.8822,6.0132,5.9732,4.9572,5.3482,6.2404,7.3804,6.506,#N/A,#N/A
Lebanon,2.622,2.667,2.75,2.763,2.849,2.658,2.793,2.855,2.778,2.516,2.425,2.789,3.413,4.473,4.914,5.183,6.587,8.049,7.882,7.711,9.195,9.574,11.051,11.981,11.786,11.74,10.948,11.377,12.573,12.976,14.812,15.423,13.988,16.505,16.89,18.019,18.333,19.05,#N/A,#N/A,#N/A
Lesotho,#N/A,#N/A,#N/A,#N/A,#N/A,#N/A,#N/A,#N/A,#N/A,#N/A,#N/A,#N/A,#N/A,#N/A,#N/A,#N/A,#N/A,#N/A,#N/A,0.195,0.288,0.285,0.314,0.325,0.297,0.459,0.525,0.554,0.584,0.648,0.694,0.49,0.486,0.515,0.52,0.53,0.503,0.5,#N/A,#N/A,#N/A
Liberia,0.852,0.801,0.806,0.794,0.696,0.73,0.784,0.79,0.8,0.785,0.301,0.273,0.282,0.28,0.28,0.28,0.28,0.294,0.3,0.2,0.2,0.2,0.2,0.2,0.2,0.2,0.2,0.25,0.25,0.25,0.25,0.28,0.28,0.28,0.28,0.29,0.38,0.4,#N/A,#N/A,#N/A
Libya,4.526,5.244,5.618,6.695,8.615,11.091,12.483,14.664,15.04,15.134,15.792,15.886,15.933,15.98,16.732,16.92,17.202,17.836,12.716,13.522,14.566,15.144,16.479,17.806,18.99,21.312,23.269,24.66,28.878,29.182,30.605,24.439,32.219,35.639,35.468,35.261,34.245,34.59,#N/A,#N/A,#N/A
Lithuania,#N/A,#N/A,#N/A,#N/A,#N/A,#N/A,#N/A,#N/A,#N/A,#N/A,#N/A,#N/A,17.645,13.949,9.162,12.157,14.648,12.912,16.104,12.254,10.347,13.424,16.133,17.484,17.443,13.069,10.84,12.101,11.959,13.1,4.242,3.62,3.924,3.62,3.092,3.602,3.124,3.08,2.442,#N/A,#N/A
Luxembourg,0.791,0.548,0.363,0.312,0.383,0.348,0.391,0.407,0.352,0.378,0.298,0.225,0.389,0.433,0.318,0.144,0.107,0.064,0.062,0.093,0.134,0.562,2.352,2.319,2.886,2.839,2.998,2.705,2.213,2.64,2.513,2.058,2.148,1.331,1.379,0.761,0.234,0.383,0.335,#N/A,#N/A
Macedonia,0.245,0.276,0.317,0.378,0.398,0.417,0.48,0.577,0.635,0.697,0.743,0.836,0.932,1.119,1.179,1.196,1.29,1.324,1.34,1.355,1.389,1.41,1.515,1.616,1.815,1.905,1.568,1.429,1.138,1.378,1.012,0.833,0.527,0.389,0.603,0.904,0.929,1.377,#N/A,#N/A,#N/A
Madagascar,0.417,0.42,0.431,0.452,0.476,0.483,0.482,0.478,0.49,0.541,0.574,0.568,0.58,0.581,0.584,0.609,0.664,0.695,0.75,0.777,0.78,0.886,0.866,0.99,1.1,1.111,1.134,1.184,1.232,1.235,1.315,1.391,1.476,1.552,1.612,1.542,1.822,1.692,#N/A,#N/A,#N/A
Malawi,0.407,0.4,0.425,0.459,0.476,0.486,0.519,0.572,0.577,0.58,0.71,0.757,0.783,0.953,1,1.018,1.017,1.045,1.184,1.157,1.241,1.269,1.332,1.351,1.489,1.52,1.554,1.585,1.73,1.714,1.95,2.005,2.08,2.072,2.171,2.153,2.184,2.045,#N/A,#N/A,#N/A
Malaysia,10.186,10.895,11.499,12.686,13.791,14.996,15.292,16.469,18.438,20.784,23.952,26.821,27.753,32.892,37.074,43.016,48.558,54.567,57.273,61.654,65.892,66.555,70.055,74.701,77.635,77.971,84.762,91.997,92.316,109.467,117.693,121.979,126.823,130.653,139.349,141.87,148.326,156.031,#N/A,#N/A,#N/A
Mali,0.103,0.103,0.127,0.147,0.164,0.167,0.198,0.215,0.236,0.243,0.241,0.25,0.271,0.292,0.275,0.305,0.326,0.379,0.387,0.392,0.399,0.402,0.404,0.434,0.45,0.782,0.837,0.823,1,1.123,1.293,1.389,1.645,2.698,2.289,2.324,2.488,2.59,#N/A,#N/A,#N/A
Mauritania,0.089,0.096,0.1,0.101,0.099,0.103,0.104,0.114,0.115,0.123,0.133,0.136,0.139,0.139,0.143,0.16,0.175,0.189,0.195,0.203,0.23,0.278,0.501,0.475,0.518,0.499,0.453,0.478,0.547,0.58,0.632,0.83,0.911,0.939,0.983,1.14,1.221,1.176,#N/A,#N/A,#N/A
Mexico,63.604,73.251,80.351,82.027,86.726,93.132,96.909,104.599,109.861,117.729,116.832,122.249,126.233,131.997,142.268,148.001,156.488,167.924,174.023,183.925,194.122,201.173,204.743,202.527,220.585,231.362,236.785,243.927,247.079,245.447,261.151,286.478,290.897,281.548,286.083,294.393,302.9,305.103,323.222,#N/A,#N/A
Moldova,#N/A,#N/A,#N/A,#N/A,#N/A,#N/A,#N/A,#N/A,#N/A,#N/A,#N/A,#N/A,10.586,9.668,7.748,5.72,5.773,4.976,4.617,4.167,5.307,5.636,5.439,5.616,5.472,5.635,5.727,5.551,5.68,5.844,5.767,5.456,5.467,4.256,5.075,5.703,5.516,4.683,#N/A,#N/A,#N/A
Mongolia,1.466,1.464,1.421,1.662,2.128,2.519,2.816,2.964,3.102,3.355,3.147,3.035,2.753,2.427,2.552,2.471,2.457,2.502,2.515,2.671,2.82,2.892,2.987,3.017,3.187,3.3054,3.4344,3.6074,3.9034,3.9514,4.059,4.268,4.532,4.725,5.065,5.195,5.339,5.69,#N/A,#N/A,#N/A
Montenegro,#N/A,#N/A,#N/A,#N/A,#N/A,#N/A,#N/A,#N/A,#N/A,#N/A,#N/A,#N/A,#N/A,#N/A,#N/A,#N/A,#N/A,#N/A,#N/A,#N/A,#N/A,#N/A,#N/A,#N/A,#N/A,#N/A,2.863,2.079,2.736,2.698,3.919,2.557,2.747,3.834,3.07,2.897,3.045,2.391,3.683,#N/A,#N/A
Morocco,4.921,5.408,5.773,6.269,6.471,6.602,7.272,7.722,8.473,8.594,9.088,8.734,9.184,9.338,10.349,12.066,12.364,13.162,13.393,13.113,12.131,14.199,15.162,16.487,17.496,18.7281,19.1401,19.2251,19.5081,19.9071,22.4091,23.5981,25.762,25.287,26.1,27.977,28.761,29.768,#N/A,#N/A,#N/A
Mozambique,0.024,0.024,0.024,0.025,0.026,0.026,0.027,0.027,0.027,0.027,0.027,0.027,0.028,0.028,0.028,0.03,0.03,0.03,0.03,0.031,0.031,0.028,0.028,0.029,0.029,0.03,0.031,0.02,0.019,0.021,0.023,0.023,0.024,0.023,0.024,0.024,0.025,0.025,#N/A,#N/A,#N/A
Myanmar,0.024,0.024,0.024,0.025,0.026,0.026,0.027,0.027,0.027,0.027,0.027,0.027,0.028,0.028,0.028,0.03,0.03,0.03,0.03,0.031,0.031,0.028,0.028,0.029,0.029,0.03,0.031,0.02,0.019,0.021,0.023,0.023,0.024,0.023,0.024,0.024,0.025,0.025,#N/A,#N/A,#N/A
Namibia,0.024,0.024,0.024,0.025,0.026,0.026,0.027,0.027,0.027,0.027,0.027,0.027,0.028,0.028,0.028,0.03,0.03,0.03,0.03,0.031,0.031,0.028,0.028,0.029,0.029,0.03,0.031,0.02,0.019,0.021,0.023,0.023,0.024,0.023,0.024,0.024,0.025,0.025,#N/A,#N/A,#N/A
Nepal,0.212,0.245,0.237,0.342,0.363,0.359,0.456,0.568,0.581,0.56,0.902,0.93,0.86,0.909,0.982,1.223,1.204,1.089,1.221,1.509,1.679,1.856,2.115,2.244,2.391,2.501,2.717,2.772,2.794,3.095,3.183,3.466,3.529,3.497,3.775,3.443,4.22,4.668,#N/A,#N/A,#N/A
Netherlands,62.97,62.18,57.793,57.089,60.293,59.579,63.63,65.031,66.249,69.581,67.801,70.082,72.592,72.389,75.002,76.11,79.993,80.436,84.685,80.642,84.557,88.371,90.549,91.393,96.741,94.768,93.078,99.453,101.869,107.484,112.912,108.001,97.958,96.387,97.99,104.724,109.324,111.443,108.04,#N/A,#N/A
New Caledonia,1.324,1.176,0.918,0.705,0.878,1.075,1.06,0.953,1.136,1.147,1.098,1.114,1.118,1.118,1.222,1.575,1.415,1.45,1.515,1.546,1.569,1.644,1.661,1.669,1.594,1.79,1.778,1.835,1.782,1.834,2.016,2.149,2.169,2.376,2.842,2.746,2.945,3.035,#N/A,#N/A,#N/A
New Zealand,23.066,23.24,24.768,25.548,27.187,27.191,28.324,28.85,29.693,30.575,32.054,33.276,31.737,33.888,35.129,35.519,36.568,36.581,37.52,36.158,38.332,38.489,39.681,39.708,41.518,41.813,42.437,42.61,42.672,42.474,43.539,43.202,42.897,41.977,42.292,42.948,42.502,42.994,43.215,#N/A,#N/A
Nicaragua,1.062,1.094,1.044,0.934,0.971,1.025,0.93,1.22,1.163,1.349,1.351,1.383,1.495,1.598,1.6,1.682,1.797,1.765,2.009,2.062,2.1291,2.3402,2.7043,2.6085,2.6996,3.0079,3.1,2.929,3.229,3.556,3.518,3.674,3.898,4.051,4.341,4.455,4.48,4.424,#N/A,#N/A,#N/A
Niger,0.122,0.136,0.122,0.14,0.128,0.144,0.146,0.148,0.15,0.153,0.158,0.151,0.153,0.149,0.138,0.139,0.143,0.14,0.136,0.142,0.178,0.156,0.172,0.18,0.189,0.219,0.206,0.209,0.212,0.239,0.273,0.321,0.375,0.417,0.417,0.499,0.495,0.519,#N/A,#N/A,#N/A
Nigeria,6.867,7.84,8.14,8.283,8.573,9.929,11.396,10.753,11.155,12.251,12.029,13.613,14.247,13.913,14.877,13.889,14.367,14.697,14.73,15.432,14.144,14.844,20.676,19.358,23.237,22.528,22.049,21.924,20.143,18.83,24.889,25.723,27.304,27.48,30.633,30.828,30.23,30.62,#N/A,#N/A,#N/A
North Korea,22.199,22.825,24.857,25.069,28.048,30.977,32.61,33.298,35.06,35.295,35.474,35.295,27.218,26.327,26.352,26.278,24.125,21.864,20.806,17.999,18.746,19.518,19.122,20.325,21.281,22.1955,21.7216,20.8956,22.5177,20.4873,21.0354,18.7354,18.7614,17.9324,17.4914,13.4244,16.5634,16.061,#N/A,#N/A,#N/A
Northern Cyprus,#N/A,#N/A,#N/A,#N/A,#N/A,#N/A,#N/A,#N/A,#N/A,#N/A,#N/A,#N/A,5.721,4.896,5.491,5.804,6.286,6.374,6.679,6.521,6.461,6.012,5.763,6.402,6.341,6.603,6.671,6.159,5.975,6.482,6.946,6.425,5.939,5.808,5.116,5.409,5.396,5.331,#N/A,#N/A,#N/A
Norway,82.705,91.811,91.603,104.863,105.028,101.561,95.546,102.684,108.131,117.762,120.284,109.258,115.777,118.335,110.608,120.603,103.516,108.625,114.879,120.87,140.809,119.708,128.568,105.253,108.664,135.393,119.724,134.101,139.22,129.068,122.15,124.929,145.405,132.282,139.851,141.802,147.176,146.544,143.96,#N/A,#N/A
Oman,0.896,1.075,1.494,1.783,2.264,2.725,3.4,3.652,4.148,4.425,4.234,4.348,4.806,5.483,5.825,6.072,6.394,6.879,7.706,7.908,8.564,9.153,9.711,10.071,10.809,11.889,13.258,13.317,14.879,16.754,18.63,20.562,23.516,24.666,27.38,30.793,32.174,33.958,#N/A,#N/A,#N/A
Pakistan,14.512,15.56,19.808,21.917,24.563,26.487,29.046,32.26,37.076,38.75,36.348,39.563,46.241,45.118,52.056,51.847,52.256,57.855,59.941,62.492,64.558,69.949,73.644,78.784,82.489,90.806,95.432,92.151,89.345,92.237,90.933,91.151,94.386,100.935,103.252,108.082,118.574,126.052,#N/A,#N/A,#N/A
Panama,1.791,1.999,2.177,2.31,2.353,2.496,2.724,2.777,2.718,2.673,2.793,2.912,2.849,3.151,3.256,3.483,4.114,4.177,3.642,4.376,4.766,4.943,5.147,5.384,5.606,5.665,5.862,6.328,6.241,6.732,7.151,7.559,8.358,8.68,8.991,10.02,10.603,10.79,#N/A,#N/A,#N/A
Papua New Guinea,1.189,1.168,1.24,1.368,1.416,1.474,1.598,1.71,1.662,1.691,1.705,1.705,1.705,1.705,1.71,1.523,1.702,1.564,2.085,1.883,2.115,2.585,2.77,3.097,3.174,3.3325,3.2545,3.3395,3.2735,3.3455,3.3875,3.5235,3.2215,3.4095,3.6155,3.612,3.875,3.931,#N/A,#N/A,#N/A
Paraguay,0.763,0.793,0.709,0.824,0.935,4.121,11.974,18.569,19.95,24.253,27.229,29.39,27.181,31.167,36.071,41.757,44.915,50.4,50.422,51.449,52.969,44.876,47.744,51.269,51.417,50.657,53.249,53.191,54.912,54.41,53.525,57.05,59.633,59.903,54.866,55.331,63.287,59.228,#N/A,#N/A,#N/A
Peru,9.959,10.686,11.358,10.699,11.629,12.162,12.966,13.947,13.434,13.478,13.19,13.891,12.836,14.505,14.497,16.439,16.939,17.534,18.16,18.633,19.537,20.422,21.578,22.488,23.847,25.3401,26.7241,29.1401,32.0161,31.9271,34.7801,37.9891,38.682,42.084,44.201,46.646,49.961,51.339,#N/A,#N/A,#N/A
Philippines,17.071,17.499,18.464,19.669,20.077,21.816,21.275,20.784,22.704,24.655,24.684,23.901,23.121,23.799,29.309,32.22,35.248,38.162,39.875,39.86,43.66,45.208,46.525,50.674,53.646,54.188,54.505,57.08,58.31,59.317,64.669,66.121,69.688,71.844,73.727,78.638,86.587,90.002,#N/A,#N/A,#N/A
Poland,113.449,107.042,109.187,116.666,124.702,127.372,129.532,134.343,132.913,134.246,125.961,124.513,122.583,123.521,124.925,128.481,132.457,132.447,132.249,130.904,133.943,134.555,133.498,140.482,143.132,145.868,151.189,149.417,145.466,142.222,147.97,153.78,152.681,154.755,149.68,155.301,156.918,160.604,159.935,#N/A,#N/A
Portugal,14.948,13.518,15.089,17.721,18.83,18.56,19.886,19.854,20.894,24.869,27.09,28.398,27.983,29.544,30.03,31.597,33.118,32.783,37.267,40.67,41.278,44.074,43.22,44.498,42.663,43.703,46.275,44.788,43.429,47.341,51.776,49.875,43.573,48.745,50.255,49.162,56.952,54.853,55.277,#N/A,#N/A
Puerto Rico,13.301,13.058,11.114,11.326,11.783,11.586,12.109,12.944,13.552,13.465,14.247,14.861,15.446,16.178,16.834,17.407,17.879,18.743,19.212,20.104,21.813,22.302,23.175,23.937,24.135,24.962,23.837,22.305,20.921,20.7098,20.8958,20.0178,21.203,20.497,20.416,20.415,20.962,16.691,#N/A,#N/A,#N/A
Qatar,2.276,2.596,2.893,3.116,3.349,3.712,4.045,4.155,4.23,4.367,4.529,4.374,4.844,5.194,5.465,5.617,6.181,6.456,7.638,8.403,8.586,9.354,10.284,11.291,12.439,13.532,16.055,18.294,20.319,22.709,26.455,29.002,32.816,32.707,36.492,39.131,39.892,42.945,#N/A,#N/A,#N/A
Republic of Serbia,2.276,2.596,2.893,3.116,3.349,3.712,4.045,4.155,4.23,4.367,4.529,4.374,4.844,5.194,5.465,5.617,6.181,6.456,7.638,8.403,8.586,9.354,10.284,11.291,12.439,13.532,16.055,18.294,20.319,22.709,26.455,29.002,32.816,32.707,36.492,39.131,39.892,42.945,#N/A,#N/A,#N/A
Republic of the Congo,2.276,2.596,2.893,3.116,3.349,3.712,4.045,4.155,4.23,4.367,4.529,4.374,4.844,5.194,5.465,5.617,6.181,6.456,7.638,8.403,8.586,9.354,10.284,11.291,12.439,13.532,16.055,18.294,20.319,22.709,26.455,29.002,32.816,32.707,36.492,39.131,39.892,42.945,#N/A,#N/A,#N/A
Romania,63.867,66.355,65.169,66.543,67.861,68.101,71.477,70.183,71.479,71.928,61,54.21,51.532,52.79,52.481,56.548,58.063,54.649,51.142,48.506,49.653,51.298,52.179,52.423,53.991,56.75,59.737,58.605,61.702,54.747,57.674,58.818,55.727,55.753,62.369,63.024,61.785,61.072,61.207,#N/A,#N/A
Russia,#N/A,#N/A,#N/A,#N/A,#N/A,#N/A,#N/A,#N/A,#N/A,#N/A,#N/A,#N/A,965.246,914.255,807.727,815.158,804.127,793.875,786.491,798.773,831.303,840.707,844.462,866.45,883.696,899.295,939.917,958.377,982.523,937.774,980.897,996.817,1012.296,1001.776,1005.698,1008.36,1031.318,1034.436,1039.0555,#N/A,#N/A
Rwanda,0.117,0.107,0.136,0.154,0.164,0.165,0.153,0.168,0.171,0.175,0.169,0.167,0.174,0.157,0.16,0.162,0.144,0.164,0.164,0.131,0.114,0.091,0.1,0.12,0.092,0.113,0.161,0.1592,0.1842,0.2402,0.2722,0.3162,0.335,0.398,0.455,0.496,0.598,0.677,#N/A,#N/A,#N/A
Saudi Arabia,20.452,26.95,32.912,35.19,40.069,44.311,47.646,50.649,57.229,61.568,64.899,69.212,74.009,82.183,91.019,97.846,101.114,107.546,114.624,112.8,118.62,125.653,133.233,143.82,150.282,165.557,170.548,179.103,191.948,204.057,225.663,235.072,255.402,266.978,293.1,318.049,324.133,326.994,#N/A,#N/A,#N/A
Senegal,0.595,0.63,0.636,0.611,0.651,0.708,0.711,0.625,0.6,0.802,0.902,0.925,1.004,0.993,1.025,1.071,1.133,1.216,1.279,1.317,1.44,1.689,1.794,1.904,1.995,2.275,2.281,2.467,2.587,2.658,2.827,2.887,3.153,3.307,3.653,3.891,4.172,4.475,#N/A,#N/A,#N/A
Sierra Leone,0.188,0.212,0.224,0.228,0.243,0.165,0.148,0.147,0.161,0.209,0.211,0.216,0.216,0.219,0.223,0.09,0.135,0.09,0.103,0.068,0.089,0.131,0.148,0.135,0.112,0.078,0.039,0.057,0.135,0.129,0.163,0.172,0.173,0.159,0.179,0.201,0.204,0.209,#N/A,#N/A,#N/A
Slovakia,#N/A,#N/A,#N/A,#N/A,#N/A,#N/A,#N/A,#N/A,#N/A,#N/A,#N/A,#N/A,#N/A,22.929,23.309,24.671,24.337,23.303,23.988,26.146,29.308,30.301,30.669,29.418,28.951,29.329,29.216,26.151,26.94,24.3612,25.8,26.048,26.368,25.707,25.203,24.935,25.298,25.885,23.585,#N/A,#N/A
Slovenia,#N/A,#N/A,#N/A,#N/A,#N/A,#N/A,#N/A,#N/A,#N/A,#N/A,#N/A,#N/A,11.573,10.945,11.748,12.007,11.973,12.349,12.855,12.487,13.051,13.87,13.994,13.203,14.627,14.473,14.468,14.385,15.709,15.73,15.502,15.148,14.801,15.056,16.434,14.098,15.457,15.27,15.298,#N/A,#N/A
Solomon Islands,0.02,0.024,0.024,0.024,0.026,0.027,0.028,0.028,0.028,0.028,0.03,0.03,0.03,0.03,0.03,0.033,0.038,0.042,0.047,0.052,0.058,0.059,0.06,0.059,0.059,0.07,0.072,0.082,0.082,0.082,0.084,0.086,0.082,0.088,0.091,0.096,0.102,0.107,#N/A,#N/A,#N/A
Somalia,0.113,0.075,0.08,0.1,0.132,0.208,0.238,0.24,0.242,0.243,0.246,0.249,0.249,0.252,0.255,0.256,0.259,0.259,0.26,0.261,0.235,0.245,0.258,0.273,0.263,0.273,0.282,0.292,0.301,0.305,0.307,0.31,0.324,0.334,0.3341,0.3352,0.342,0.347,#N/A,#N/A,#N/A
Somaliland,0.113,0.075,0.08,0.1,0.132,0.208,0.238,0.24,0.242,0.243,0.246,0.249,0.249,0.252,0.255,0.256,0.259,0.259,0.26,0.261,0.235,0.245,0.258,0.273,0.263,0.273,0.282,0.292,0.301,0.305,0.307,0.31,0.324,0.334,0.3341,0.3352,0.342,0.347,#N/A,#N/A,#N/A
South Africa,93.073,106.932,111.915,113.87,127.395,133.236,138.274,142.01,148.132,153.39,156.007,158.861,157.079,163.268,170.705,176.051,186.188,195.063,191.041,188.49,195.829,196.289,203.27,217.232,227.548,227.948,235.467,245.582,239.697,230.643,241.899,243.373,239.86,237.455,235.492,230.615,234.515,236.373,#N/A,#N/A,#N/A
South Korea,34.472,37.233,39.67,44.911,49.618,53.468,58.833,66.553,76.907,85.77,98.125,110.207,121.515,134.257,170.768,188.888,210.455,229.221,225.012,222.087,271.994,291.345,310.304,323.924,345.72,363.922,379.072,402.366,419.006,426.002,468.452,490.445,500.481,506.716,514.227,517.838,527.229,530.551,542.76,#N/A,#N/A
South Sudan,#N/A,#N/A,#N/A,#N/A,#N/A,#N/A,#N/A,#N/A,#N/A,#N/A,#N/A,#N/A,#N/A,#N/A,#N/A,#N/A,#N/A,#N/A,#N/A,#N/A,#N/A,#N/A,#N/A,#N/A,#N/A,#N/A,#N/A,#N/A,#N/A,#N/A,#N/A,#N/A,0.418,0.444,0.461,0.543,0.57,0.51,#N/A,#N/A,#N/A
Spain,108.579,109.573,113.188,114.778,117.409,124.778,127.486,127.987,129.867,140.062,143.675,147.118,148.172,147.425,152.877,156.873,165.187,179.752,183.533,194.466,208.742,221.134,226.021,244.184,262.328,273.433,280.276,286.776,295.926,278.596,284.178,277.547,279.167,268.898,263.047,264.401,258.563,259.918,259.08,#N/A,#N/A
Sri Lanka,1.641,1.837,2.049,2.047,2.229,2.435,2.624,2.652,2.76,2.827,3.119,3.33,3.171,3.93,4.327,4.736,4.42,5.009,5.538,6.021,6.453,6.531,6.798,7.419,7.889,8.938,8.424,9.506,9.613,9.606,10.441,11.196,11.36,11.665,11.958,12.714,13.665,15.091,#N/A,#N/A,#N/A
Sudan,0.695,0.951,1.014,1.014,1.085,1.264,1.268,1.274,1.281,1.29,1.472,1.614,1.59,1.639,1.803,1.8,1.993,2.073,2.033,2.338,2.574,2.843,3.092,3.341,3.454,3.803,4.458,4.941,5.397,6.415,7.495,8.396,9.33,10.232,11.268,12.809,14.094,15.214,#N/A,#N/A,#N/A
Suriname,1.524,1.324,1.304,1.077,1.108,1.172,1.167,0.671,0.887,1.343,1.501,1.682,1.726,1.75,1.77,1.594,1.406,1.414,1.421,1.44,1.397,1.416,1.431,1.444,1.457,1.518,1.563,1.563,1.564,1.566,1.6812,1.8934,1.7939,1.926,1.945,1.963,1.82,1.821,#N/A,#N/A,#N/A
Swaziland,0.273,0.294,0.256,0.234,0.307,0.365,0.367,0.381,0.382,0.419,0.349,0.404,0.404,0.404,0.404,0.41,0.41,0.41,0.408,0.41,0.618,0.629,0.649,0.565,0.536,0.596,0.612,0.634,0.6,0.628,0.6369,0.748,0.782,0.75,0.734,0.674,0.568,0.569,#N/A,#N/A,#N/A
Sweden,94.18,100.48,97.156,107.133,121.376,134.069,135.623,143.45,142.435,141.168,141.531,142.098,141.432,140.774,137.814,143.626,135.619,144.716,154.111,150.33,141.293,156.834,142.183,130.914,148.428,154.582,140.434,145.266,146.361,133.524,145.745,147.203,163.043,149.526,150.256,159.343,152.889,160.982,156.485,#N/A,#N/A
Switzerland,45.994,49.636,50.28,49.965,47.06,52.491,53.539,55.858,57.365,52.15,52.801,54.464,56.439,58.854,63.546,59.932,53.878,59.78,59.882,66.493,63.791,68.657,62.978,62.759,61.396,55.407,59.524,63.978,64.411,64.104,63.903,60.767,65.998,66.546,67.912,64.07,59.013,57.761,63.644,#N/A,#N/A
Syria,3.729,4.415,5.707,7.425,8.351,8.933,8.761,8.418,7.608,8.029,8.306,8.231,7.479,8.143,10.405,14.508,16.369,17.195,20.024,21.583,23.899,25.313,26.487,27.932,30.394,33.088,35.277,36.53,38.738,40.835,43.791,39.545,33.169,23.814,20.1,16.957,17.105,17.207,#N/A,#N/A,#N/A
Taiwan,42.013,41.329,42.724,47.472,51.469,51.115,57.264,63.308,69.65,77.991,81.433,89.207,95.193,102.8,110.122,109.371,115.703,122.653,150.134,157.03,172.112,175.719,186.248,195.623,200.976,210.298,217.9,225.343,221.662,213.344,230.047,235.052,233.669,236.303,243.317,241.258,246.666,249.528,#N/A,#N/A,#N/A
Tajikistan,#N/A,#N/A,#N/A,#N/A,#N/A,#N/A,#N/A,#N/A,#N/A,#N/A,#N/A,#N/A,16.609,17.533,16.798,14.612,14.842,13.85,14.265,15.621,13.983,14.229,15.142,16.336,16.319,16.92,16.768,17.323,16.989,15.958,16.269,16.074,16.801,16.941,15.99,16.982,17.03,17.884,#N/A,#N/A,#N/A
Thailand,13.576,14.549,15.768,18.765,20.911,22.912,24.651,28.395,32.114,37.038,43.654,47.405,53.885,59.785,67.132,75.63,83.198,83.332,82.24,84.787,89.604,95.802,101.612,108.991,117.178,123.058,129.323,132.379,136.474,137.298,150.434,147.304,157.383,160.712,162.732,167.68,181.208,177.097,#N/A,#N/A,#N/A
The Bahamas,0.799,0.714,0.762,0.819,0.814,0.846,0.851,0.853,0.855,0.87,0.893,1.067,1.095,1.144,1.201,1.179,1.213,1.282,1.393,1.464,1.565,1.626,1.716,1.81,1.795,1.894,1.928,2.045,2.05,1.945,1.8215,1.8626,1.7179,1.7039,1.739,1.817,1.783,1.747,#N/A,#N/A,#N/A
Togo,0.05,0.053,0.078,0.053,0.074,0.109,0.105,0.109,0.116,0.126,0.15,0.279,0.212,0.315,0.242,0.344,0.283,0.19,0.284,0.282,0.17,0.12,0.148,0.174,0.181,0.183,0.212,0.188,0.12,0.142,0.1733,0.1266,0.1097,0.0919,0.144,0.082,0.233,0.233,#N/A,#N/A,#N/A
Trinidad and Tobago,1.95,2.174,2.53,2.746,2.83,2.853,3.136,3.322,3.309,3.255,3.364,3.498,3.739,3.59,3.827,4.051,4.27,4.69,4.86,4.933,5.133,5.307,5.307,6.052,6.046,6.638,6.745,7.22,7.271,7.378,7.98,8.25,8.588,8.935,9.302,9.682,10.07,10.371,#N/A,#N/A,#N/A
Tunisia,2.621,2.83,2.975,3.503,3.813,3.962,3.952,4.281,4.623,4.793,5.205,5.404,5.812,5.937,6.314,6.872,7.457,8.004,8.563,9.405,9.964,10.714,11.135,11.676,12.293,12.976,13.281,12.921,13.505,14.346,14.955,15.339,16.795,17.076,17.872,18.353,18.49,19.172,#N/A,#N/A,#N/A
Turkey,23.322,23.803,26.44,27.356,30.721,34.369,36.398,39.965,46.3,45.879,55.253,57.772,64.637,71.085,75.159,82.868,91.209,99.112,106.48,111.135,119.033,116.625,123.378,133.959,143.995,154.309,168.036,182.002,188.314,185.133,201.402,217.826,227.695,228.49,238.752,249.245,261.85,283.086,289.211,#N/A,#N/A
Turkmenistan,#N/A,#N/A,#N/A,#N/A,#N/A,#N/A,#N/A,#N/A,#N/A,#N/A,#N/A,#N/A,12.392,11.879,9.866,9.212,9.495,8.928,8.852,8.329,9.255,9.974,10.058,10.152,11.205,12.051,12.831,13.987,14.138,15.024,15.663,16.19,16.688,17.741,19.179,21.185,21.185,21.185,#N/A,#N/A,#N/A
Uganda,0.634,0.52,0.563,0.517,0.616,0.632,0.644,0.614,0.585,0.682,0.766,0.775,0.982,0.967,1.006,1.045,1.118,1.251,1.266,1.264,1.587,1.583,1.712,1.8,1.937,1.953,1.571,1.964,2.314,2.399,2.553,2.716,3.045,3.595,3.852,3.705,3.794,3.933,#N/A,#N/A,#N/A
Ukraine,#N/A,#N/A,#N/A,#N/A,#N/A,#N/A,#N/A,#N/A,#N/A,#N/A,#N/A,#N/A,238.232,217.14,191.715,183.293,173.367,168.342,163.094,161.879,159.885,163.038,163.645,169.977,172.535,175.293,182.323,185.066,181.844,163.765,178.268,183.83,187.012,182.333,171.339,152.348,153.552,145.681,#N/A,#N/A,#N/A
United Arab Emirates,5.897,5.815,8.349,9.533,10.215,11.454,12.046,12.839,13.95,14.675,16.056,16.189,16.412,16.523,17.738,23.483,24.978,26.756,31.388,34.899,37.547,40.582,44.045,46.483,49.272,57.056,62.762,74.035,77.065,82.91,91.884,93.223,96.479,99.8561,109.562,119.75,121.849,126.532,#N/A,#N/A,#N/A
United Kingdom,264.918,258.792,253.864,257.115,261.707,274.562,279.07,283.498,288.315,294.582,297.67,301.413,299.641,300.042,302.355,307.633,328.457,326.543,340.083,343.971,352.537,360.222,362.381,372.596,368.692,370.602,368.4,367.597,360.643,348.992,355.193,342.244,338.603,334.076,316.064,317.922,318.0591,318.262,314.992,#N/A,#N/A
United Republic of Tanzania,264.918,258.792,253.864,257.115,261.707,274.562,279.07,283.498,288.315,294.582,297.67,301.413,299.641,300.042,302.355,307.633,328.457,326.543,340.083,343.971,352.537,360.222,362.381,372.596,368.692,370.602,368.4,367.597,360.643,348.992,355.193,342.244,338.603,334.076,316.064,317.922,318.0591,318.262,314.992,#N/A,#N/A
United States of America,2289.600789,2297.973836,2244.37224,2313.445566,2419.465819,2473.002395,2490.470889,2575.287284,2707.41113,2963.345846,3034.245377,3069.097219,3080.203036,3193.748663,3243.905958,3349.440968,3440.682901,3488.634142,3616.807715,3690.883322,3797.421685,3736.776935,3858.610511,3883.370407,3970.783935,4055.766018,4065.203776,4157.452566,4120.524561,3951.859896,4127.470267,4103.965882,4053.916016,4074.095142,4104.838682,4091.74033,4095.487406,4058.261173,4203.936454,#N/A,#N/A
Uruguay,3.262,3.51,3.495,7.258,7.161,6.525,7.344,7.482,6.847,5.597,7.406,6.913,8.79,7.895,7.592,6.226,6.562,7.075,9.963,7.048,7.494,9.162,9.513,8.53,5.787,7.562,5.467,9.272,8.518,8.648,10.826,10.104,10.3,11.086,12.354,12.97,13.133,13.546,#N/A,#N/A,#N/A
Uzbekistan,#N/A,#N/A,#N/A,#N/A,#N/A,#N/A,#N/A,#N/A,#N/A,#N/A,#N/A,#N/A,48.17,46.568,45.289,44.907,43.02,43.579,43.433,42.866,44.323,44.949,46.661,46.817,47.404,46.974,43.907,44.607,40.201,44.601,46.513,45.276,45.399,51.627,52.723,54.552,56.001,58.507,#N/A,#N/A,#N/A
Vanuatu,0.019,0.02,0.021,0.023,0.024,0.025,0.025,0.024,0.024,0.024,0.024,0.025,0.027,0.027,0.027,0.028,0.03,0.033,0.035,0.035,0.039,0.043,0.042,0.041,0.04,0.041,0.042,0.045,0.052,0.052,0.058,0.0591,0.0622,0.0642,0.0632,0.066,0.063,0.0591,#N/A,#N/A,#N/A
Venezuela,32.012,35.957,38.274,41.801,42.645,46.22,48.363,52.427,56.46,55.896,57.606,61.752,65.744,67.579,69.498,71.598,73.745,76.245,78.947,78.777,83.24,87.733,86.646,89.267,96.216,101.385,107.904,111.842,116.482,116.703,110.78,115.069,118.508,120.042,100.352,119.2,104.673,103.866,#N/A,#N/A,#N/A
Vietnam,3.914,4.201,4.439,4.676,4.938,5.176,5.344,5.606,6.277,7.507,8.468,9.059,9.43,10.417,11.995,14.314,16.528,18.566,20.923,22.834,25.695,29.683,34.559,39.42,44.152,51.36,57.953,63.635,70.3,79.693,90.599,99.889,113.191,115.955,133.073,156.353,174.563,173.299,#N/A,#N/A,#N/A
West Bank,#N/A,#N/A,#N/A,#N/A,#N/A,#N/A,#N/A,#N/A,#N/A,#N/A,#N/A,#N/A,#N/A,#N/A,#N/A,#N/A,#N/A,#N/A,#N/A,#N/A,#N/A,#N/A,#N/A,#N/A,#N/A,#N/A,#N/A,#N/A,#N/A,#N/A,#N/A,#N/A,#N/A,#N/A,#N/A,#N/A,#N/A,#N/A,#N/A,#N/A,#N/A
Western Sahara,0.072,0.072,0.073,0.073,0.073,0.071,0.074,0.076,0.077,0.078,0.08,0.08,0.08,0.08,0.08,0.082,0.082,0.082,0.082,0.08,0.08,0.08,0.085,0.085,0.085,0.085,0.09,0.09,0.09,0.09,#N/A,#N/A,#N/A,#N/A,#N/A,#N/A,#N/A,#N/A,#N/A,#N/A,#N/A
Yemen,0.471,0.54,0.647,0.721,0.818,0.855,1.094,1.183,1.565,1.579,1.563,1.693,1.836,1.928,2.029,2.227,2.194,2.404,2.357,2.571,3.208,3.424,3.543,3.85,4.103,4.482,5.064,5.665,6.153,6.339,7.292,5.834,6.652,7.996,7.197,5.734,4.49,4.503,#N/A,#N/A,#N/A
Zambia,9.172,9.809,10.024,10.051,9.912,9.958,9.811,8.455,8.396,6.777,7.789,7.776,7.72,7.721,7.714,7.842,7.091,7.859,7.524,7.684,7.757,7.9,8.107,8.261,8.458,8.886,9.666,9.604,9.491,9.862,10.409,11.447,12.313,13.235,14.361,13.364,11.626,14.028,#N/A,#N/A,#N/A
Zimbabwe,4.465,4.476,4.097,4.387,4.502,4.992,5.955,7.718,8.023,8.749,9.254,8.953,8.188,7.359,7.171,7.429,6.991,6.966,6.304,6.813,6.738,7.582,8.263,8.539,9.411,9.035,7.577,7.287,7.387,7.112,8.441,8.9284,8.929,9.256,9.707,9.388,6.826,7.31,#N/A,#N/A,#N/A