Country,1988,1989,1990,1991,1992,1993,1994,1995,1996,1997,1998,1999,2000,2001,2002,2003,2004,2005,2006,2007,2008,2009,2010,2011,2012,2013,2014,2015,2016,2017,2018,2019,2020
Afghanistan,#N/A,#N/A,#N/A,#N/A,#N/A,#N/A,#N/A,#N/A,#N/A,#N/A,#N/A,#N/A,#N/A,#N/A,#N/A,#N/A,#N/A,#N/A,#N/A,#N/A,0.301986013,0.333643478,0.515424987,0.639031095,0.62049841,0.855441375,0.769717817,0.772286505,0.653414041,#N/A,#N/A,#N/A,#N/A
Albania,#N/A,#N/A,#N/A,#N/A,#N/A,#N/A,#N/A,#N/A,0.093848179,0.06290263,0.084125618,0.115435117,0.108946788,0.133063107,0.150368521,0.186432886,0.230016834,0.261434701,0.305740843,0.420086405,0.525049002,0.454828788,0.460277497,0.539585307,0.487982965,0.488059325,0.522997224,0.432021937,0.466928991,0.52821174,#N/A,#N/A,#N/A
Algeria,#N/A,#N/A,#N/A,#N/A,0.864781619,0.878527488,0.959867392,1.078243226,0.910559539,0.868835635,0.940343091,0.916184537,0.915207723,0.99457194,1.200977469,1.354542953,1.830302334,2.035687969,2.145585455,2.763120395,3.947472157,3.925832694,4.099989112,4.721973032,5.036939059,5.490997327,5.861808019,5.180307109,4.709068359,4.605301599,#N/A,#N/A,#N/A
Angola,#N/A,#N/A,#N/A,#N/A,#N/A,#N/A,#N/A,#N/A,#N/A,#N/A,#N/A,#N/A,#N/A,#N/A,#N/A,#N/A,#N/A,#N/A,#N/A,1.109484341,#N/A,2.391885436,1.814326891,2.079099604,2.872298406,2.675606299,2.875349933,2.154925653,1.43477105,1.546231348,#N/A,#N/A,#N/A
Antarctica,#N/A,#N/A,#N/A,#N/A,#N/A,#N/A,#N/A,#N/A,#N/A,#N/A,#N/A,#N/A,0.009451417,0.007770466,0.006989342,0.007677665,0.010243855,#N/A,0.017489906,0.024790478,0.02717444,#N/A,#N/A,#N/A,#N/A,#N/A,#N/A,#N/A,#N/A,#N/A,#N/A,#N/A,#N/A
Argentina,#N/A,#N/A,#N/A,#N/A,#N/A,1.677290803,2.158105395,2.012164096,2.376155546,3.034940211,3.137724621,2.550794403,2.528046349,2.03211271,0.8989546,1.3850774,2.244524658,2.868863765,3.415354176,4.470704181,5.746177437,3.878616179,5.679237821,7.39606561,6.797397189,7.444174528,6.573598776,6.02028435,5.591081044,6.689929959,#N/A,#N/A,#N/A
Armenia,#N/A,#N/A,#N/A,#N/A,#N/A,#N/A,#N/A,#N/A,#N/A,0.075443968,#N/A,0.081084649,0.084030743,0.083746756,0.096293098,0.123658358,0.134976191,0.169154209,0.219435817,0.305256555,0.410121701,0.317463123,0.378176741,0.397993478,0.426689565,0.425621785,0.415951745,0.325696479,0.321845771,0.38934549,#N/A,#N/A,#N/A
Australia,3.302574013,3.983962498,3.863276985,3.845637734,4.0598173,4.236660246,4.991803576,5.742279912,6.140005406,6.183338814,6.077421564,6.519835722,7.155512564,6.431997735,7.302589696,8.906510156,10.94827152,12.52212453,13.9354165,16.54715253,20.06172745,16.56011364,20.17033337,23.42058232,25.04647944,23.24812713,22.75442313,20.011378,18.94060279,22.84417369,#N/A,#N/A,#N/A
Austria,#N/A,#N/A,#N/A,#N/A,#N/A,#N/A,5.529041306,6.640567091,6.728375091,6.363099546,6.709817754,6.600347339,6.837391191,7.049157106,7.279619596,9.159535783,11.12611472,11.9950092,13.43563144,15.60556527,17.50257541,13.64184292,15.05926641,18.2349824,16.96572763,17.33660377,17.24466384,14.79276533,14.99873861,16.6475081,#N/A,#N/A,#N/A
Azerbaijan,#N/A,#N/A,#N/A,#N/A,#N/A,#N/A,#N/A,#N/A,0.096060326,0.079433792,0.107648922,0.103565232,0.117203821,0.143087745,0.166556422,0.262642737,0.351586106,0.421120731,0.526674371,0.571217829,0.71618475,0.61190602,0.659679677,0.973286905,0.964172377,1.076339151,0.917858818,0.921428138,0.847249992,0.876779911,#N/A,#N/A,#N/A
Bangladesh,#N/A,0.295492992,0.343177651,0.313668403,0.34670487,0.352570726,#N/A,0.543840768,0.622529638,0.678446131,0.701796813,#N/A,0.761126155,0.804119847,0.921513257,1.014569275,1.137274485,1.26305263,1.568854507,1.762287286,2.433410817,2.32450392,3.05038355,4.122165178,3.635621941,3.549334806,#N/A,4.805871004,#N/A,#N/A,#N/A,#N/A,#N/A
Belarus,#N/A,#N/A,#N/A,#N/A,#N/A,#N/A,#N/A,#N/A,#N/A,#N/A,0.854927821,0.667372851,0.86462,0.82863746,0.90923411,1.15580197,1.63454668,1.6698737,2.23232105,2.86931126,3.93812515,2.85689916,3.48844509,4.57590765,4.64043892,4.3022675,4.05023598,3.02914928,2.76098837,3.42348492,#N/A,#N/A,#N/A
Belgium,#N/A,#N/A,#N/A,#N/A,#N/A,#N/A,#N/A,#N/A,#N/A,#N/A,#N/A,16.4603473,17.69906515,17.86975124,19.80946306,23.49221944,28.6478238,31.90854613,35.30936596,41.30358003,46.63380139,35.45863685,39.12558973,46.63486044,43.78826657,48.85271968,45.27725409,37.10250467,37.92983354,40.90248438,#N/A,#N/A,#N/A
Belize,#N/A,#N/A,#N/A,#N/A,0.027414854,0.028090883,0.025993789,0.02585093,0.025555344,0.028606765,0.029226125,0.028458688,0.044693289,0.051953969,0.052703665,0.055163776,0.051402359,0.043858368,0.066034307,0.068434249,0.083654379,0.06650947,0.069995131,0.083554177,0.08430657,0.090609137,0.096211204,0.099556066,0.095249379,0.091313045,#N/A,#N/A,#N/A
Benin,#N/A,#N/A,#N/A,#N/A,#N/A,#N/A,#N/A,#N/A,#N/A,#N/A,0.080702003,0.069095501,0.054707622,0.060151018,0.072502859,0.089197415,0.089381993,0.089869576,0.100325025,0.163086603,0.171364305,0.154896782,0.21335512,0.207001209,0.231642734,0.294067861,0.370372533,0.247473552,0.26301576,0.306006991,#N/A,#N/A,#N/A
Bhutan,#N/A,#N/A,#N/A,#N/A,#N/A,0.009079272,0.009106645,#N/A,#N/A,#N/A,0.013449643,0.018207741,#N/A,#N/A,#N/A,#N/A,#N/A,0.038701076,0.041890998,0.04981397,0.054327069,0.05294075,0.085380367,0.105174736,0.099170262,#N/A,#N/A,#N/A,#N/A,#N/A,#N/A,#N/A,#N/A
Bolivia,#N/A,#N/A,#N/A,#N/A,0.112859725,0.117692992,0.119633344,0.139624858,0.164304,0.190917824,0.23501504,0.183540774,0.184873152,0.170755164,0.17693573,0.168449993,0.188707557,0.234329251,0.28248393,0.352195853,0.500596093,0.440897578,0.560387262,0.793574442,0.859008489,0.969904473,1.067409938,0.984307658,0.851508105,0.930238589,#N/A,#N/A,#N/A
Bosnia and Herzegovina,#N/A,#N/A,#N/A,#N/A,#N/A,#N/A,#N/A,#N/A,#N/A,#N/A,#N/A,#N/A,#N/A,#N/A,#N/A,0.482365253,0.598046268,0.705377051,0.755925643,0.97200562,1.218860853,0.836371409,0.922297396,1.105057536,1.001907712,1.029518746,1.099042032,0.899396616,0.914188041,1.047405877,#N/A,#N/A,#N/A
Botswana,#N/A,#N/A,#N/A,#N/A,#N/A,#N/A,#N/A,#N/A,#N/A,#N/A,#N/A,#N/A,0.207893579,0.181078292,0.337376908,0.396404989,0.323533137,0.316233715,0.305329774,0.398691581,0.521109737,0.472802851,0.565680637,0.727201143,0.802528785,0.743349926,0.783045125,0.762616826,0.610272158,0.528423057,#N/A,#N/A,#N/A
Brazil,#N/A,1.986020762,2.245851955,2.297632768,2.234557235,2.729944678,3.550847386,5.373428531,5.672946074,6.507459789,6.079311872,5.174739344,5.58505464,5.560175687,4.724265409,4.832564966,6.283561354,7.360037546,9.134278355,12.06174397,17.29847676,12.77223404,18.17684241,22.62467558,22.31834747,23.9747516,22.91544609,17.14462117,13.75520025,15.07494939,#N/A,#N/A,#N/A
Brunei,#N/A,#N/A,#N/A,#N/A,0.147565261,0.182053094,0.187362675,#N/A,#N/A,0.211042918,0.156594317,#N/A,#N/A,0.110028122,0.149885018,0.124357043,0.142709659,#N/A,0.167618539,0.210109466,0.257162591,0.239564605,0.253878769,0.360139475,0.357222669,0.361243459,0.359873968,0.322907731,0.267850586,0.30845339,#N/A,#N/A,#N/A
Bulgaria,#N/A,#N/A,#N/A,#N/A,#N/A,#N/A,#N/A,#N/A,0.507392205,0.493195366,0.499509606,0.540952704,0.650468833,0.727815896,0.798704594,1.088657989,1.446710066,1.816245272,2.326872935,3.008538754,3.701536639,2.334081155,2.535988622,3.249361142,3.27431337,3.431657291,3.474004245,2.926511618,2.895813991,3.426359007,#N/A,#N/A,#N/A
Burkina Faso,#N/A,#N/A,#N/A,#N/A,#N/A,#N/A,#N/A,0.048380909,0.058057274,0.072650074,0.079608366,0.078177373,0.072359586,0.078842791,0.058201392,0.078596841,0.099536153,0.116068293,#N/A,0.155979447,0.187014746,0.187028075,0.204821635,0.24063957,0.356795652,0.436543083,0.357509734,0.297978487,0.334272712,0.371711399,#N/A,#N/A,#N/A
Burundi,#N/A,#N/A,#N/A,#N/A,#N/A,0.02212096,0.020334483,0.027048966,0.013980222,0.012056743,0.016223493,0.013197213,0.015021935,0.013889812,0.012883855,0.014465075,0.017272896,0.025815295,0.043363551,0.042299587,0.03151574,0.034479567,0.040404703,0.112764973,0.100312111,0.072166045,0.067257879,0.056058535,0.062532849,0.078329913,#N/A,#N/A,#N/A
Cambodia,#N/A,#N/A,#N/A,#N/A,#N/A,#N/A,#N/A,#N/A,#N/A,#N/A,#N/A,#N/A,0.143877469,0.15069075,0.166723154,0.17746923,0.206269266,0.255196435,0.29892239,0.355484117,0.441665332,0.390571434,0.490252373,0.614333319,0.746670804,0.82315397,0.970242221,1.066892343,1.237100844,#N/A,#N/A,#N/A,#N/A
Cameroon,#N/A,#N/A,#N/A,#N/A,#N/A,#N/A,#N/A,0.107853261,0.12043337,0.149645453,0.149513542,0.131573939,0.148362958,0.184835126,0.18680391,0.216340037,0.240630252,0.280006929,0.314936125,0.326562249,0.413786342,0.378859851,0.51332828,0.507439781,0.651506754,0.66572002,0.756113852,0.603681482,0.489888703,1.036858174,#N/A,#N/A,#N/A
Canada,#N/A,11.3908351,11.6508713,11.80936929,12.24401715,13.13310884,14.81854484,16.43709727,17.06055598,19.70108989,20.13725491,21.55548836,24.00882437,22.16237287,22.24400591,24.03762495,27.38736996,31.4444419,35.02571499,38.0646622,40.87621676,32.12275677,39.21087025,45.05795091,46.23661814,46.17850735,46.30889768,41.93747294,40.22878219,43.24051907,#N/A,#N/A,#N/A
Central African Republic,#N/A,#N/A,#N/A,#N/A,#N/A,0.014352043,0.015416029,0.026549757,0.017994058,0.010686225,0.011709778,0.009534642,0.007104485,0.006798192,0.005997462,0.010037732,0.01791515,0.018528591,0.014044157,0.019776398,0.018501628,0.021171356,0.020994557,0.021470327,0.021752864,0.01297265,0.030803008,0.04565969,0.040131971,0.041872134,#N/A,#N/A,#N/A
Chad,#N/A,#N/A,#N/A,#N/A,#N/A,#N/A,#N/A,0.021516827,#N/A,#N/A,#N/A,#N/A,#N/A,#N/A,#N/A,#N/A,#N/A,#N/A,#N/A,#N/A,#N/A,#N/A,#N/A,#N/A,#N/A,#N/A,#N/A,#N/A,#N/A,#N/A,#N/A,#N/A,#N/A
Chile,#N/A,#N/A,0.702227866,0.745262541,0.945549517,1.054186189,1.114906624,1.490304922,1.680997376,1.811080397,1.708240589,1.389147755,1.661972599,1.613615535,1.538339815,1.924517815,2.471453786,3.292677485,5.88293571,4.759698954,6.27935738,4.284412928,5.900735761,7.484800665,8.008575691,7.934734589,7.284951358,6.238671696,5.935204417,6.525727566,#N/A,#N/A,#N/A
China,#N/A,#N/A,#N/A,#N/A,8.058530202,10.39589376,11.56136059,13.2083499,13.88327404,14.23703245,14.02367672,16.56990666,22.5093731,24.35528806,29.51701041,41.27597964,56.1228748,65.99527621,79.14608679,95.61154476,113.2562161,100.5555225,139.6001565,174.3394866,181.8199228,194.9992315,195.9234625,167.9564325,158.7920688,184.3792939,#N/A,#N/A,#N/A
Colombia,#N/A,#N/A,#N/A,0.496697805,0.668392806,0.982916096,1.193494733,1.388348826,1.368047002,1.537880371,1.467712512,1.065918669,1.175700145,1.282035219,1.268996501,1.388061294,1.709953699,2.120416207,2.616243996,3.289704533,3.966884025,3.289767147,4.068250765,5.467482211,5.808785446,5.938119654,6.402760981,5.403553365,4.483114287,4.605018881,#N/A,#N/A,#N/A
Costa Rica,#N/A,#N/A,#N/A,#N/A,#N/A,#N/A,0.30243264,0.320546483,0.356099456,0.451089357,0.623710003,0.598650462,0.602885825,0.627227137,0.689426196,0.738817042,0.800312924,0.917327027,1.107046148,1.2757849,1.528940023,1.155046095,1.392024383,1.826380497,1.835599279,1.812446925,1.718491268,1.550442276,1.532151229,1.635235036,#N/A,#N/A,#N/A
Croatia,#N/A,#N/A,#N/A,#N/A,0.446071296,0.46663465,0.522911386,0.750918502,0.778776013,0.912231834,0.83830103,0.777737856,0.788651162,0.914712993,1.072204513,1.420903461,1.658917248,1.856036687,2.150249397,2.582946093,3.072698674,2.120485121,2.006700456,2.2714694,2.083426229,2.193199351,2.290687337,2.058047084,2.182986497,2.451264692,#N/A,#N/A,#N/A
Cuba,#N/A,#N/A,#N/A,#N/A,#N/A,#N/A,#N/A,#N/A,#N/A,#N/A,#N/A,0.43912418,0.484326121,0.484578188,0.417654845,0.466195448,0.560956109,0.80843363,1.017359146,#N/A,#N/A,#N/A,#N/A,#N/A,#N/A,#N/A,#N/A,#N/A,#N/A,#N/A,#N/A,#N/A,#N/A
Cyprus,#N/A,0.22803031,0.256359347,0.262028262,0.330040883,0.253592986,0.301405082,0.36937664,0.398186752,0.369805645,0.368627661,0.361794714,0.384631679,0.392468323,0.408330254,0.446642946,0.573042075,0.638210609,0.704569886,0.874890663,1.084901902,0.793339712,0.864472199,0.878855785,0.73769335,0.641821573,0.805639632,0.713283148,0.786736748,0.930816213,#N/A,#N/A,#N/A
Czech Republic,#N/A,#N/A,#N/A,#N/A,#N/A,1.270387302,1.495094067,2.53034025,2.771729408,2.718354022,3.052419277,2.883731177,3.224258651,3.647665355,4.823079421,5.123934342,6.670568186,7.652731025,9.342947446,11.68221975,14.1833836,10.48495362,12.56906578,15.08134155,13.97268238,14.25258081,15.32254615,14.07161856,14.23276559,16.28989316,#N/A,#N/A,#N/A
Democratic Republic of the Congo,#N/A,#N/A,#N/A,#N/A,#N/A,1.270387302,1.495094067,2.53034025,2.771729408,2.718354022,3.052419277,2.883731177,3.224258651,3.647665355,4.823079421,5.123934342,6.670568186,7.652731025,9.342947446,11.68221975,14.1833836,10.48495362,12.56906578,15.08134155,13.97268238,14.25258081,15.32254615,14.07161856,14.23276559,16.28989316,#N/A,#N/A,#N/A
Denmark,#N/A,2.661813453,3.15757097,3.216942285,3.359032115,3.053571277,3.543644979,4.31415296,4.312635392,4.449234125,4.570068173,4.431661471,4.45333037,4.46251738,4.928492874,5.622725387,6.684520898,7.271572701,8.418711838,9.744515558,10.91660947,8.009673048,8.272428037,9.600849322,9.132552162,9.725154276,9.956782797,8.532736128,8.442776062,9.211778802,#N/A,#N/A,#N/A
Djibouti,#N/A,#N/A,#N/A,#N/A,#N/A,#N/A,#N/A,#N/A,#N/A,#N/A,#N/A,#N/A,#N/A,#N/A,#N/A,#N/A,#N/A,#N/A,#N/A,#N/A,#N/A,0.064761535,#N/A,#N/A,#N/A,#N/A,#N/A,#N/A,#N/A,#N/A,#N/A,#N/A,#N/A
Dominican Republic,#N/A,#N/A,#N/A,#N/A,#N/A,#N/A,#N/A,#N/A,#N/A,#N/A,#N/A,#N/A,#N/A,0.549674394,0.532977797,0.420865731,0.470385399,0.680405161,0.842197314,1.059438708,1.216710973,1.205443922,1.513822251,1.815613254,1.74302062,1.784495099,1.775169486,1.734781527,1.778880796,1.952425347,#N/A,#N/A,#N/A
East Timor,#N/A,#N/A,#N/A,#N/A,#N/A,#N/A,#N/A,#N/A,#N/A,#N/A,#N/A,#N/A,#N/A,#N/A,#N/A,#N/A,0.011348886,0.010161316,#N/A,#N/A,#N/A,#N/A,#N/A,#N/A,#N/A,0.051373851,#N/A,#N/A,#N/A,0.05880473,#N/A,#N/A,#N/A
Ecuador,#N/A,#N/A,#N/A,0.232786509,0.250129971,0.255271629,0.362200397,0.419514342,0.373302733,0.451062118,0.557540045,0.301716654,0.344592769,0.53629141,0.643106488,0.653434769,0.786103423,0.960870121,1.211355839,1.356529722,1.88519303,1.508988515,2.059084848,2.428606105,2.519651728,2.706449873,2.751817787,2.138729207,1.618869276,1.984493284,#N/A,#N/A,#N/A
Egypt,#N/A,#N/A,#N/A,0.232786509,0.250129971,0.255271629,0.362200397,0.419514342,0.373302733,0.451062118,0.557540045,0.301716654,0.344592769,0.53629141,0.643106488,0.653434769,0.786103423,0.960870121,1.211355839,1.356529722,1.88519303,1.508988515,2.059084848,2.428606105,2.519651728,2.706449873,2.751817787,2.138729207,1.618869276,1.984493284,#N/A,#N/A,#N/A
El Salvador,#N/A,#N/A,#N/A,#N/A,#N/A,#N/A,0.225578163,0.262765875,0.267008589,0.296148301,0.310802918,0.312808733,0.494770694,0.502651968,0.518449808,0.575422282,0.632897108,0.680910655,0.776267603,0.882061238,0.98176543,0.732536218,0.841616309,0.996450754,1.025742689,1.074753293,1.051417566,1.029339531,0.982578321,1.057150938,#N/A,#N/A,#N/A
Equatorial Guinea,#N/A,#N/A,#N/A,#N/A,#N/A,#N/A,0.225578163,0.262765875,0.267008589,0.296148301,0.310802918,0.312808733,0.494770694,0.502651968,0.518449808,0.575422282,0.632897108,0.680910655,0.776267603,0.882061238,0.98176543,0.732536218,0.841616309,0.996450754,1.025742689,1.074753293,1.051417566,1.029339531,0.982578321,1.057150938,#N/A,#N/A,#N/A
Eritrea,#N/A,#N/A,#N/A,#N/A,#N/A,#N/A,#N/A,#N/A,#N/A,#N/A,#N/A,#N/A,#N/A,#N/A,#N/A,0.043284662,#N/A,#N/A,#N/A,#N/A,#N/A,#N/A,#N/A,#N/A,#N/A,#N/A,#N/A,#N/A,#N/A,#N/A,#N/A,#N/A,#N/A
Estonia,#N/A,#N/A,#N/A,#N/A,#N/A,#N/A,#N/A,0.254627098,0.322389094,0.44372649,0.478673766,0.410945223,0.505153169,0.520784349,0.586447552,0.794417548,0.906412223,1.101758123,1.464071708,1.66651739,1.733462051,1.135998631,1.319656816,1.896336616,2.007037562,2.018620205,2.018464952,1.573184916,1.568226335,1.737291333,#N/A,#N/A,#N/A
Ethiopia,#N/A,#N/A,#N/A,#N/A,#N/A,#N/A,#N/A,0.254627098,0.322389094,0.44372649,0.478673766,0.410945223,0.505153169,0.520784349,0.586447552,0.794417548,0.906412223,1.101758123,1.464071708,1.66651739,1.733462051,1.135998631,1.319656816,1.896336616,2.007037562,2.018620205,2.018464952,1.573184916,1.568226335,1.737291333,#N/A,#N/A,#N/A
Falkland Islands,#N/A,#N/A,#N/A,#N/A,#N/A,#N/A,#N/A,#N/A,0.037015053,0.035013302,0.037831222,0.047746503,0.053282029,0.049983854,0.049568893,0.0739889,0.062854986,0.074663615,0.078323986,0.101583672,0.098807579,0.078343983,#N/A,#N/A,#N/A,#N/A,#N/A,#N/A,#N/A,#N/A,#N/A,#N/A,#N/A
Fiji,#N/A,#N/A,#N/A,#N/A,#N/A,#N/A,#N/A,#N/A,#N/A,#N/A,#N/A,#N/A,0.07722743,0.073724174,0.079526312,0.107993333,0.127195525,0.160729608,0.180387335,0.177973617,0.22638796,0.143701931,0.180845877,0.2181872,0.225259763,0.282573041,0.325046358,0.208087522,0.231640986,0.241993679,#N/A,#N/A,#N/A
Finland,2.092043264,2.461303808,2.70041129,2.17884672,2.117600256,1.803275469,2.33576448,2.951984538,3.085960806,3.100101837,3.239458406,3.161407534,3.388639831,3.326792718,3.34400471,4.159324797,5.067802164,5.847254234,6.942744256,8.157627186,9.218984288,6.083031684,6.876714378,8.386165817,7.608902101,7.758700177,7.677325467,6.017438773,6.050194955,7.010031988,#N/A,#N/A,#N/A
France,#N/A,#N/A,#N/A,#N/A,#N/A,#N/A,22.82815488,27.33873398,27.49137551,26.65753477,28.60358369,28.65928274,30.37578506,29.38656405,30.38314419,36.25173035,43.4241853,47.58567995,52.99022631,61.13644355,69.50042833,54.05022829,59.91715061,71.36752538,66.6675231,67.12535533,65.98720764,56.33982476,56.05548627,61.31326397,#N/A,#N/A,#N/A
French Guiana,#N/A,#N/A,#N/A,#N/A,#N/A,#N/A,0.067563066,0.078324698,#N/A,#N/A,#N/A,#N/A,#N/A,#N/A,#N/A,#N/A,#N/A,#N/A,#N/A,#N/A,#N/A,#N/A,#N/A,#N/A,#N/A,#N/A,#N/A,#N/A,#N/A,#N/A,#N/A,#N/A,#N/A
French Southern and Antarctic Lands,#N/A,#N/A,#N/A,#N/A,#N/A,#N/A,#N/A,#N/A,0.101520678,0.093501696,0.110737702,0.092700576,0.097656365,0.101667728,0.126747933,0.156417858,0.147965652,0.170151097,0.154677281,0.159815712,0.223710755,0.171705593,0.172575732,0.162772696,0.170627002,0.181484658,0.176169849,0.152680605,#N/A,#N/A,#N/A,#N/A,#N/A
Gabon,#N/A,#N/A,#N/A,#N/A,#N/A,0.077490515,0.070750803,#N/A,0.089812032,0.098685228,0.120927573,0.089944336,0.095168875,0.100107871,0.074437569,0.083369451,0.096341529,0.145109086,0.172573533,0.211023304,0.256307149,0.250086225,#N/A,#N/A,#N/A,#N/A,#N/A,#N/A,#N/A,#N/A,#N/A,#N/A,#N/A
Gambia,#N/A,#N/A,#N/A,#N/A,#N/A,0.077490515,0.070750803,#N/A,0.089812032,0.098685228,0.120927573,0.089944336,0.095168875,0.100107871,0.074437569,0.083369451,0.096341529,0.145109086,0.172573533,0.211023304,0.256307149,0.250086225,#N/A,#N/A,#N/A,#N/A,#N/A,#N/A,#N/A,#N/A,#N/A,#N/A,#N/A
Georgia,#N/A,#N/A,#N/A,#N/A,#N/A,#N/A,#N/A,#N/A,0.068678272,0.094171802,0.088038029,0.060313408,0.070937622,0.075322782,0.079553906,0.114116468,0.184555494,0.248995167,0.367447279,0.521413064,0.605567485,0.447531773,0.523575308,0.70716086,0.80538715,0.802226139,0.860180724,0.728125828,0.723576956,0.79433015,#N/A,#N/A,#N/A
Germany,25.0293231,26.957591,34.2483041,38.8915818,40.8307127,34.2558712,38.1538916,46.4145333,45.86997287,44.54956728,47.12263188,47.35006802,50.0830026,48.6022068,49.0450056,60.1761022,71.8150018,77.9819058,92.2213393,105.9307813,119.2581759,92.88911722,106.0672352,126.1588484,116.3386794,118.7301533,121.4915242,105.7535854,106.088207,116.7753355,#N/A,#N/A,#N/A
Ghana,#N/A,#N/A,#N/A,#N/A,#N/A,#N/A,#N/A,#N/A,0.248080845,0.335242291,0.291129242,0.300375834,0.290056053,0.315381346,0.27082523,0.321018724,0.407395396,0.487838927,0.53288246,0.727829,0.905768738,0.646480253,0.805714073,1.260267633,1.357811262,1.27872334,#N/A,#N/A,1.13610044,1.271814184,#N/A,#N/A,#N/A
Greece,1.225495245,1.612710707,1.977700352,#N/A,2.345155584,2.200445338,2.149155686,2.59267584,2.841892454,2.697061786,3.026664243,3.043442278,2.948686011,2.843445594,3.129903601,4.485451986,5.28103852,5.489389732,6.373896386,7.609924607,9.434705593,7.153843805,6.645264292,6.669205602,6.250442705,6.114811984,6.218063637,4.726397967,4.759503542,5.530059755,#N/A,#N/A,#N/A
Greenland,#N/A,#N/A,#N/A,#N/A,#N/A,#N/A,0.03916192,0.042110554,0.046654394,0.03740711,0.039731933,0.041830331,0.036449486,0.034388992,0.041747536,0.052569394,0.059303339,0.069951259,0.068220407,0.077309099,0.092685808,0.077722214,0.08469789,0.100250488,0.086055032,0.095537699,0.086372562,0.06668108,0.073356408,0.076031197,#N/A,#N/A,#N/A
Guatemala,#N/A,#N/A,#N/A,#N/A,#N/A,0.266810189,0.264719206,0.329244493,0.314620186,0.385191834,0.465083034,0.455430831,#N/A,0.55973739,0.630063346,0.672152401,0.781160478,1.049953731,0.953973628,1.354430094,1.452150122,1.152136309,1.383031412,1.661081363,1.697868597,1.750397754,1.826324384,1.763708855,1.697867783,1.837791438,#N/A,#N/A,#N/A
Guinea,#N/A,#N/A,#N/A,#N/A,#N/A,#N/A,#N/A,0.081850854,0.064766214,0.061970246,0.053657933,0.055592493,0.061636505,0.05974201,0.066796716,#N/A,0.095501007,0.164781612,0.106390366,0.128149628,0.183548311,#N/A,#N/A,#N/A,#N/A,0.24010473,0.250921014,0.213864779,#N/A,#N/A,#N/A,#N/A,#N/A
Guinea Bissau,#N/A,#N/A,#N/A,#N/A,#N/A,#N/A,#N/A,0.081850854,0.064766214,0.061970246,0.053657933,0.055592493,0.061636505,0.05974201,0.066796716,#N/A,0.095501007,0.164781612,0.106390366,0.128149628,0.183548311,#N/A,#N/A,#N/A,#N/A,0.24010473,0.250921014,0.213864779,#N/A,#N/A,#N/A,#N/A,#N/A
Guyana,#N/A,#N/A,#N/A,0.02057761,0.036638336,#N/A,#N/A,#N/A,#N/A,0.0602336,0.0539803,0.047992899,0.057343053,0.058647966,0.056450499,0.055839496,0.066128945,0.077814126,0.089292737,0.102877844,0.134592984,0.117534859,0.145156169,0.176855468,0.199707383,0.186625508,0.178331084,0.14843466,0.162498585,0.176155283,#N/A,#N/A,#N/A
Haiti,#N/A,#N/A,#N/A,0.02057761,0.036638336,#N/A,#N/A,#N/A,#N/A,0.0602336,0.0539803,0.047992899,0.057343053,0.058647966,0.056450499,0.055839496,0.066128945,0.077814126,0.089292737,0.102877844,0.134592984,0.117534859,0.145156169,0.176855468,0.199707383,0.186625508,0.178331084,0.14843466,0.162498585,0.176155283,#N/A,#N/A,#N/A
Honduras,#N/A,#N/A,#N/A,#N/A,#N/A,#N/A,0.133459366,0.172751424,0.184010931,0.214736986,0.253395379,0.267367731,0.282610724,0.29267048,0.287509759,0.314243668,0.368524704,0.441936328,0.492056726,0.653036264,#N/A,0.592293755,0.689508828,0.854177859,0.864677579,#N/A,0.798362639,0.838067072,0.791204065,0.861224119,#N/A,#N/A,#N/A
Hungary,#N/A,#N/A,#N/A,#N/A,1.087358054,1.137608294,1.4553612,1.518556058,1.604264448,2.123401216,2.570639155,2.8008226,3.2080002,3.3681734,3.7611572,4.7674542,6.0248602,6.5919579,7.6978511,9.4659727,10.8784724,7.7272443,8.7432095,10.1369997,9.430066457,9.929590234,10.4178438,9.076085088,9.220966714,10.42837986,#N/A,#N/A,#N/A
Iceland,0.166655962,0.140062464,0.165934886,0.17390295,0.167994688,0.134940134,0.147237056,0.175133453,0.20415287,0.201947379,0.248282803,0.231548186,0.258298303,0.227933684,0.227353695,0.282652797,0.371283169,0.497889257,0.599111499,0.668969064,0.616592828,0.360398871,0.391434944,0.484576024,0.477191622,0.501924343,0.537191888,0.528537347,0.570324019,0.697076251,#N/A,#N/A,#N/A
India,1.935089664,2.171819418,2.379915059,1.950941594,2.445240803,2.330407322,2.865473741,3.659206246,3.911281439,4.142943027,4.242495078,5.001089863,5.294025141,5.067110581,5.745346856,7.243052438,9.898112947,14.08616669,17.82124403,21.86452939,31.57121056,26.64015529,35.00293869,46.24027908,48.89763785,46.60455673,45.93694636,39.07447314,35.67047921,44.40523538,#N/A,#N/A,#N/A
Indonesia,#N/A,1.63595561,2.183703142,2.586882253,2.727959552,2.832773734,3.198347059,4.062870323,4.292846387,4.167974502,2.733682893,2.400324954,3.351480483,3.096214108,3.128884201,3.255068148,4.652453136,5.770088092,6.106546523,7.447342873,12.92440503,9.682916258,13.56632802,17.74355503,19.16909081,18.66286306,17.81793402,14.26948022,13.56527998,15.73881685,#N/A,#N/A,#N/A
Iran,#N/A,1.63595561,2.183703142,2.586882253,2.727959552,2.832773734,3.198347059,4.062870323,4.292846387,4.167974502,2.733682893,2.400324954,3.351480483,3.096214108,3.128884201,3.255068148,4.652453136,5.770088092,6.106546523,7.447342873,12.92440503,9.682916258,13.56632802,17.74355503,19.16909081,18.66286306,17.81793402,14.26948022,13.56527998,15.73881685,#N/A,#N/A,#N/A
Iraq,#N/A,#N/A,#N/A,#N/A,#N/A,#N/A,#N/A,#N/A,#N/A,#N/A,#N/A,#N/A,#N/A,#N/A,#N/A,#N/A,#N/A,#N/A,#N/A,#N/A,#N/A,#N/A,#N/A,#N/A,#N/A,#N/A,3.70644765,#N/A,#N/A,#N/A,#N/A,#N/A,#N/A
Ireland,#N/A,#N/A,#N/A,#N/A,2.248269414,2.166299238,2.576381542,3.23210199,3.576464998,3.923266765,4.43780096,4.72078377,5.064877077,5.137564359,5.221441507,5.37818993,6.2344522,7.028364209,7.662071943,8.704533518,8.495347532,6.25664264,6.460059524,7.378158736,7.221845177,7.408927456,8.259513051,7.779526646,8.202894231,8.882835746,#N/A,#N/A,#N/A
Israel,#N/A,#N/A,#N/A,#N/A,#N/A,#N/A,#N/A,2.834429542,2.994853478,2.902265037,2.746892493,3.1085575,3.5742024,3.3303113,3.3105904,3.4210938,4.0969518,4.503235,4.7834446,5.6619379,6.5170546,4.7362724,5.9193894,7.3526105,7.311208,7.1995022,7.233178,6.2067788,6.5802693,6.9115976,#N/A,#N/A,#N/A
Italy,#N/A,#N/A,#N/A,#N/A,#N/A,#N/A,16.79750267,20.03199099,20.81160397,20.83171041,21.55900764,22.00560962,23.80685415,23.61266224,24.6609477,29.7402799,35.52668528,38.48355606,44.25651028,51.18225137,56.0960371,41.47836383,48.69843719,55.88319815,48.91041161,47.93363534,47.40825589,41.09333978,40.66706699,45.35830345,#N/A,#N/A,#N/A
Ivory Coast,#N/A,#N/A,#N/A,#N/A,#N/A,#N/A,16.79750267,20.03199099,20.81160397,20.83171041,21.55900764,22.00560962,23.80685415,23.61266224,24.6609477,29.7402799,35.52668528,38.48355606,44.25651028,51.18225137,56.0960371,41.47836383,48.69843719,55.88319815,48.91041161,47.93363534,47.40825589,41.09333978,40.66706699,45.35830345,#N/A,#N/A,#N/A
Jamaica,#N/A,#N/A,#N/A,0.182824666,0.177383949,0.218923597,#N/A,#N/A,0.291634995,0.311290214,0.298544051,0.290363059,0.319164948,0.34025664,0.3543113,0.361683173,0.393309891,0.488483077,0.50413793,0.674762913,0.846540506,0.506425557,0.522522674,0.643659187,0.658035818,0.621615543,0.583551728,0.499302981,0.476708917,0.581809818,#N/A,#N/A,#N/A
Japan,18.73536614,21.08465971,23.47986125,23.67367086,23.30215354,24.06701793,27.47419361,33.6094167,34.91860972,33.88423537,28.06338355,30.99944717,37.97083763,34.92919143,33.76131328,38.34653299,45.52538862,51.58663877,57.90639446,62.22433364,76.25339211,55.19847509,69.405916,85.53804742,88.60310945,83.31660607,81.21847518,62.55684207,60.69240468,67.14743061,#N/A,#N/A,#N/A
Jordan,#N/A,#N/A,#N/A,#N/A,#N/A,#N/A,0.338230272,0.36963799,#N/A,0.384275994,0.382844928,0.367680486,0.453891312,0.487133564,0.501969885,0.565316404,0.814359216,1.045458011,1.144690988,1.353110049,1.687159763,1.407529713,1.526200138,1.830108225,2.069138371,2.154901574,2.274025784,2.047490886,1.920703841,2.040732934,#N/A,#N/A,#N/A
Kazakhstan,#N/A,#N/A,#N/A,#N/A,#N/A,#N/A,#N/A,0.380511697,0.423859147,0.429861293,0.429318882,0.363917177,0.49870389,0.6280202,0.65811248,0.84019995,1.277347344,1.733315855,2.366099344,3.26866128,3.781537178,2.840867984,2.402362674,3.801023747,4.453807082,4.880458008,4.129545597,3.056715949,2.517477883,2.959936048,#N/A,#N/A,#N/A
Kenya,#N/A,#N/A,#N/A,#N/A,0.179303027,#N/A,#N/A,#N/A,#N/A,0.327842509,0.330175898,0.278561096,0.289151727,0.400796473,0.332726497,0.347517673,0.456348923,0.584616847,0.723294674,0.898926177,1.112781724,1.020200087,1.209292625,#N/A,#N/A,1.639446934,#N/A,#N/A,#N/A,1.669019705,#N/A,#N/A,#N/A
Kosovo,5.180752282,6.145578171,6.983952099,8.151970611,8.175833088,8.379396096,10.23425331,13.51129006,15.0334292,14.46142116,9.328091136,11.97512444,16.04792628,14.1097086,15.21243716,17.88258382,22.44609242,26.12355828,30.93794789,35.6841033,43.52713831,32.30816748,42.52080071,52.44052238,51.95755973,51.55729704,52.5556978,43.64869346,40.61819441,47.84691676,#N/A,#N/A,#N/A
Kuwait,#N/A,#N/A,#N/A,#N/A,#N/A,#N/A,#N/A,#N/A,#N/A,#N/A,#N/A,#N/A,0.71564962,0.786946504,0.900731539,1.099176543,1.26306137,#N/A,1.723973517,2.136249524,2.483959104,#N/A,2.269140387,2.514199171,#N/A,2.964560731,3.148865517,3.095720142,3.078410326,3.359782918,#N/A,#N/A,#N/A
Kyrgyzstan,#N/A,#N/A,#N/A,#N/A,#N/A,#N/A,#N/A,0.052236269,0.083793184,#N/A,#N/A,#N/A,0.055411351,0.046724487,0.057936029,0.071695977,0.094093006,0.110781807,0.171819668,0.241698738,0.407232784,0.297386677,0.322263518,0.426068727,0.537317621,0.59830243,0.568147404,0.40680838,0.38444733,0.448729162,#N/A,#N/A,#N/A
Laos,#N/A,#N/A,#N/A,#N/A,#N/A,#N/A,#N/A,#N/A,#N/A,#N/A,#N/A,#N/A,#N/A,#N/A,#N/A,#N/A,#N/A,#N/A,#N/A,#N/A,#N/A,#N/A,0.183663447,0.25820954,0.259752143,0.355227981,0.445237889,0.377838921,0.410706845,#N/A,#N/A,#N/A,#N/A
Latvia,#N/A,#N/A,#N/A,#N/A,#N/A,#N/A,0.124147878,0.181800768,0.231949696,0.272094106,0.319136307,0.294678098,0.319083019,0.350441699,0.405371563,0.524401135,0.731104372,0.877045001,1.142730126,1.518544948,1.577519575,0.933692024,1.11432877,1.543077874,1.608238766,1.677894856,1.712792411,1.409580735,1.373650678,1.605314944,#N/A,#N/A,#N/A
Lebanon,#N/A,#N/A,#N/A,#N/A,#N/A,#N/A,#N/A,#N/A,#N/A,0.743782605,0.705386291,0.620581683,0.622679514,0.729037245,0.644384073,0.716748167,0.9385039,0.9326988,0.939508529,1.181455654,1.613646607,1.623158521,1.796973478,2.016263739,2.114654942,2.123420599,2.04874276,1.859976666,1.870274574,14.04117575,#N/A,#N/A,#N/A
Lesotho,#N/A,#N/A,#N/A,#N/A,#N/A,#N/A,#N/A,#N/A,#N/A,#N/A,#N/A,#N/A,0.061329796,0.05982313,0.080017204,0.1115027,0.139939299,#N/A,#N/A,#N/A,0.106615158,0.135607714,0.127659516,0.14597201,0.159424936,0.183155417,0.142368198,0.14095664,#N/A,0.206557137,#N/A,#N/A,#N/A
Liberia,#N/A,#N/A,#N/A,#N/A,#N/A,#N/A,#N/A,#N/A,#N/A,#N/A,#N/A,#N/A,0.061329796,0.05982313,0.080017204,0.1115027,0.139939299,#N/A,#N/A,#N/A,0.106615158,0.135607714,0.127659516,0.14597201,0.159424936,0.183155417,0.142368198,0.14095664,#N/A,0.206557137,#N/A,#N/A,#N/A
Libya,#N/A,#N/A,#N/A,#N/A,#N/A,#N/A,#N/A,#N/A,#N/A,#N/A,#N/A,#N/A,#N/A,#N/A,#N/A,#N/A,#N/A,#N/A,#N/A,0.674880955,0.911648195,1.285937872,1.767436792,#N/A,#N/A,#N/A,#N/A,#N/A,#N/A,#N/A,#N/A,#N/A,#N/A
Lithuania,#N/A,#N/A,#N/A,#N/A,#N/A,#N/A,0.258899999,0.364853939,0.455853005,0.564336589,0.579374899,0.483449007,0.545648032,0.635327074,0.770930967,0.98036359,1.237920084,1.57044323,1.938842541,2.444506746,3.129466254,1.834063291,2.337804739,3.180128787,3.223764002,3.481322476,3.521736688,2.81764416,2.739139919,3.09787182,#N/A,#N/A,#N/A
Luxembourg,#N/A,#N/A,#N/A,#N/A,#N/A,#N/A,#N/A,#N/A,#N/A,#N/A,#N/A,1.034658582,1.059238358,1.118765722,1.152884448,1.364640294,1.677171541,1.75855025,1.964045531,2.228870059,2.549809537,1.877061798,2.039998774,2.59716339,2.428488996,2.393408017,2.385001235,1.929633766,1.912361819,2.107083156,#N/A,#N/A,#N/A
Macedonia,#N/A,#N/A,#N/A,0.18392695,0.194818394,0.199640755,0.208922726,0.202530022,0.199197504,0.207662618,0.194766707,0.203586701,0.262522278,0.282350076,0.30091208,0.323232324,0.409375403,0.451427115,0.523552556,0.604474209,0.587985493,0.475094346,0.562945036,0.792684208,0.898205307,#N/A,1.139593496,1.060257955,0.892446335,#N/A,#N/A,#N/A,#N/A
Madagascar,#N/A,#N/A,0.056931104,0.040632173,0.039134291,0.046859632,0.043170797,0.054952006,0.060211949,0.05730473,0.055678957,0.050534054,0.099066515,0.092018964,0.06019446,0.131806148,0.165190305,0.168589675,0.176026253,0.244547841,0.3850615,0.315933078,0.254619491,0.27304686,0.265898687,0.269941464,0.335479602,0.296090515,0.297171004,0.365800554,#N/A,#N/A,#N/A
Malawi,#N/A,#N/A,0.05796313,0.064739597,#N/A,#N/A,0.053927469,0.050040422,#N/A,#N/A,#N/A,0.064538125,0.053207295,0.056159339,0.069499751,0.078537576,0.092865847,0.116519199,0.120669604,0.13778453,0.220368843,0.202167201,0.217303766,0.242769642,0.233036787,0.284462551,0.277436804,0.231161438,0.220981462,0.25470418,#N/A,#N/A,#N/A
Malaysia,#N/A,2.248095334,2.92455977,3.658132275,3.978838426,4.538996736,5.908599194,7.704559616,7.790468301,7.84335831,5.775942042,6.493921936,8.195725004,7.384660885,8.613602273,8.361398163,10.51568081,11.42898205,13.11270478,14.61043071,15.56608194,12.35752793,16.45862734,18.75730094,19.61966187,20.58135248,20.88234286,17.61745982,16.83752282,19.47201871,#N/A,#N/A,#N/A
Mali,#N/A,#N/A,#N/A,#N/A,#N/A,#N/A,#N/A,#N/A,0.079029088,0.068080147,0.083432934,0.08271447,0.070749861,0.098795684,0.092715381,0.127109592,0.136442221,0.154359894,0.181976304,0.218484736,0.333892505,#N/A,0.470350288,0.335153889,0.346265507,#N/A,#N/A,#N/A,0.384540476,0.433656528,#N/A,#N/A,#N/A
Mauritania,#N/A,#N/A,#N/A,#N/A,#N/A,#N/A,#N/A,#N/A,#N/A,#N/A,#N/A,#N/A,0.035364389,0.037406625,0.035539341,0.038640602,0.133996893,0.134203564,0.107332614,0.143041828,0.163761734,0.133708145,0.17077366,0.245270581,0.297062018,0.397849218,0.364175827,#N/A,0.217383784,0.35224182,#N/A,#N/A,#N/A
Mexico,#N/A,#N/A,2.955951309,3.807331533,6.192422502,6.527199232,7.933497344,7.245298893,8.935503462,11.19832474,12.53237555,14.19555963,17.94036176,16.83768908,16.86505408,17.05457871,19.68083748,22.18189798,25.60859203,28.19265132,30.85831199,23.43845319,30.14817339,35.08428056,37.07514075,38.12101495,39.99768642,39.52322212,38.70643513,42.03691133,#N/A,#N/A,#N/A
Moldova,#N/A,#N/A,#N/A,#N/A,#N/A,#N/A,0.065926867,0.084070739,0.107226752,0.074678337,0.102344992,0.058656998,0.077699379,0.089247565,0.10383677,0.140244204,0.176853374,0.229229237,0.269316263,0.368986831,0.489876252,0.327827021,0.385528885,0.519127135,0.521292836,0.549239327,0.531695917,0.398682064,0.402035928,0.483141461,#N/A,#N/A,#N/A
Mongolia,#N/A,#N/A,#N/A,#N/A,#N/A,#N/A,#N/A,#N/A,0.045092442,0.046784525,0.048887043,0.051028893,0.061450747,0.063012242,#N/A,0.080101099,0.102114558,0.118255883,0.148559916,0.211703371,#N/A,#N/A,#N/A,#N/A,#N/A,0.635782146,0.513145544,0.379659142,0.333960383,0.43373199,#N/A,#N/A,#N/A
Montenegro,#N/A,#N/A,#N/A,#N/A,#N/A,#N/A,#N/A,#N/A,#N/A,#N/A,#N/A,#N/A,#N/A,#N/A,#N/A,#N/A,#N/A,#N/A,0.184150524,0.286730952,0.373116787,0.231313929,0.218194029,0.254404449,0.233635347,0.234887252,0.236675142,0.205016968,0.228252925,0.261053597,#N/A,#N/A,#N/A
Morocco,#N/A,#N/A,#N/A,#N/A,#N/A,0.665884211,0.719367731,0.854047642,0.825343693,0.787752858,1.028731597,1.07875881,1.153338266,1.103668531,1.187815273,1.423060767,1.782464077,2.080317677,2.329846812,3.165039154,4.232196317,3.288205003,3.537888179,4.426293749,4.478978163,4.518636825,4.619174259,3.814558942,4.169610172,4.503909306,#N/A,#N/A,#N/A
Mozambique,#N/A,#N/A,#N/A,#N/A,#N/A,#N/A,0.0544015,0.072698,0.0782642,0.076004857,#N/A,#N/A,0.11622781,0.106310791,0.154296347,0.175299746,0.203467177,0.240819531,0.286932655,0.304974613,0.400776319,0.376420659,0.356422951,0.6305647,0.617720968,1.009914718,0.874307426,#N/A,0.529531257,0.570170518,#N/A,#N/A,#N/A
Myanmar,#N/A,#N/A,#N/A,#N/A,0.061843238,#N/A,#N/A,#N/A,#N/A,#N/A,#N/A,#N/A,#N/A,0.289627934,#N/A,#N/A,#N/A,#N/A,#N/A,#N/A,#N/A,#N/A,0.486589463,0.85711682,0.784939774,1.200912161,1.623147625,1.691326549,1.569573767,1.92534551,#N/A,#N/A,#N/A
Namibia,#N/A,#N/A,#N/A,#N/A,#N/A,#N/A,#N/A,#N/A,#N/A,#N/A,#N/A,#N/A,0.14186733,0.150056414,0.130116017,0.141479805,0.242179718,0.252515575,0.279854111,0.402599887,0.468857001,0.620841883,0.597972291,0.645727739,0.713203234,0.757454814,0.853099435,0.769715705,0.672104353,0.677820285,#N/A,#N/A,#N/A
Nepal,#N/A,#N/A,#N/A,#N/A,#N/A,#N/A,0.11110441,#N/A,#N/A,#N/A,0.131316595,0.134748224,0.15579223,#N/A,#N/A,0.180162079,#N/A,#N/A,#N/A,#N/A,#N/A,0.375438892,0.511588048,0.591592297,0.601747393,0.645169491,0.759008989,0.66120942,0.887850223,1.003784017,#N/A,#N/A,#N/A
Netherlands,#N/A,#N/A,#N/A,#N/A,13.44699351,11.56676239,13.05116918,15.79293737,16.08958116,16.23596564,15.67278858,16.78754512,19.89268877,19.55622077,19.41147875,23.39966887,28.40140194,31.05913439,35.85095335,42.13677158,49.49365711,38.21904218,43.9986633,49.28376322,50.06053235,50.61623091,50.80328773,39.37283439,40.8064987,46.18702583,#N/A,#N/A,#N/A
New Caledonia,#N/A,#N/A,#N/A,#N/A,#N/A,#N/A,#N/A,#N/A,#N/A,#N/A,#N/A,0.100807526,0.101736224,#N/A,0.10060703,0.154043492,0.163576806,0.177361798,0.199769748,0.242727601,0.326855755,0.250724313,0.330317843,0.369687634,0.324503856,0.323695321,0.33152438,0.252949889,#N/A,#N/A,#N/A,#N/A,#N/A
New Zealand,#N/A,0.877499597,0.948347392,0.849677056,0.920496947,0.965472973,1.19013847,1.395763712,1.472417681,1.451850035,1.133458227,1.431834719,1.390440311,1.330694634,1.504415667,1.85574226,2.319256506,2.623204883,2.642435647,3.089041494,3.43673348,2.556585101,3.061554527,4.687785586,3.824273052,3.961917311,4.250993825,3.652831833,3.604391019,4.012843916,#N/A,#N/A,#N/A
Nicaragua,#N/A,#N/A,#N/A,#N/A,#N/A,0.07551111,0.085245786,0.100920269,0.107614515,0.146973248,0.15321079,0.17230423,0.172059594,0.177337896,0.178809416,0.190458825,0.224968633,0.253555033,0.27406609,0.35379907,0.474443001,0.34786107,0.419075609,0.50472597,0.602965981,0.549884386,0.574641778,0.586629787,0.747580584,0.770383656,#N/A,#N/A,#N/A
Niger,#N/A,#N/A,#N/A,#N/A,#N/A,#N/A,#N/A,0.03445527,0.03654783,0.034507411,0.04199769,0.039476627,0.032592452,0.038374835,0.043204038,0.056555483,0.066717401,0.073556965,0.086018993,0.09556846,0.120833895,0.162715046,0.229003935,0.191717345,0.16874855,0.171407568,0.215109197,0.245834098,0.186069113,#N/A,#N/A,#N/A,#N/A
Nigeria,#N/A,#N/A,#N/A,#N/A,#N/A,#N/A,#N/A,#N/A,0.533546505,0.636350476,0.57642455,0.448249651,0.58170354,0.795820224,0.875847246,1.489174623,#N/A,#N/A,2.29033377,3.235734694,2.819359734,3.390628158,4.423526867,6.39715419,3.587250944,4.459820112,4.653226538,#N/A,3.519430101,3.127009027,#N/A,#N/A,#N/A
North Korea,#N/A,#N/A,#N/A,#N/A,#N/A,#N/A,#N/A,#N/A,0.533546505,0.636350476,0.57642455,0.448249651,0.58170354,0.795820224,0.875847246,1.489174623,#N/A,#N/A,2.29033377,3.235734694,2.819359734,3.390628158,4.423526867,6.39715419,3.587250944,4.459820112,4.653226538,#N/A,3.519430101,3.127009027,#N/A,#N/A,#N/A
Northern Cyprus,#N/A,#N/A,#N/A,#N/A,#N/A,#N/A,#N/A,#N/A,0.533546505,0.636350476,0.57642455,0.448249651,0.58170354,0.795820224,0.875847246,1.489174623,#N/A,#N/A,2.29033377,3.235734694,2.819359734,3.390628158,4.423526867,6.39715419,3.587250944,4.459820112,4.653226538,#N/A,3.519430101,3.127009027,#N/A,#N/A,#N/A
Norway,#N/A,#N/A,#N/A,#N/A,#N/A,2.402124125,2.729489203,3.27058432,3.430914048,3.576827494,3.74776873,3.417269248,3.43510253,3.295141917,3.487258262,3.984908955,4.851158527,5.548820198,6.426591504,8.029768239,9.058125205,6.896881805,7.733016462,9.078350092,8.730778158,8.980722695,8.943940093,7.639902581,7.280978777,8.552586298,#N/A,#N/A,#N/A
Oman,#N/A,0.225733888,0.268122701,0.319396634,0.376915558,0.411403725,0.391502925,0.42485504,0.457781862,0.502595533,0.568150067,0.467369011,0.503925482,0.579797354,0.600516073,0.68010397,0.879552968,0.89699449,1.10383632,1.602470582,2.292468054,1.78514739,1.977450552,2.361939768,2.811762253,3.433119337,2.930310026,2.900701988,2.314755985,2.643487345,#N/A,#N/A,#N/A
Pakistan,#N/A,#N/A,#N/A,#N/A,#N/A,#N/A,#N/A,#N/A,#N/A,#N/A,#N/A,#N/A,#N/A,#N/A,#N/A,1.304860949,1.542035645,2.50965753,2.982575351,3.259393607,4.232656715,3.158371782,3.753702524,4.357825922,4.381326246,4.377518319,4.754488894,4.398964471,4.699826911,5.74400125,#N/A,#N/A,#N/A
Panama,#N/A,#N/A,#N/A,#N/A,#N/A,#N/A,#N/A,0.251069798,0.277970202,0.299100032,0.339727462,0.351518812,0.340464636,0.298638677,0.303453242,0.312098039,0.359029696,0.415248585,1.077492646,1.326893458,1.573650894,1.387655027,1.673710336,2.180159846,1.458517718,1.26848253,1.106590412,1.03745171,0.923803873,#N/A,#N/A,#N/A,#N/A
Papua New Guinea,#N/A,#N/A,#N/A,#N/A,#N/A,#N/A,#N/A,#N/A,#N/A,#N/A,0.13600599,#N/A,0.103626754,0.130948831,0.118368718,0.130240543,0.156715342,#N/A,#N/A,#N/A,#N/A,#N/A,#N/A,0.610550367,0.834068756,#N/A,#N/A,#N/A,#N/A,#N/A,#N/A,#N/A,#N/A
Paraguay,#N/A,0.075832,0.13486176,0.146030118,0.142042445,0.168802547,0.242458906,0.31358679,0.310734157,0.340335232,0.289668838,0.190585123,0.226022114,0.21819267,0.166129298,0.192059173,0.267155799,0.327377331,0.475763974,0.58594212,0.906182854,0.696162585,1.003346585,1.236612566,1.155513636,1.214204014,1.216855759,1.029121312,0.975022585,1.187340713,#N/A,#N/A,#N/A
Peru,#N/A,#N/A,#N/A,#N/A,0.396424653,#N/A,0.562627021,0.758403686,0.794716877,0.855828429,0.822025574,0.682284067,0.741490306,0.731593913,0.749300412,0.841405139,1.010102745,1.250182989,1.531155883,2.036827818,2.995280281,2.181351404,2.996575015,3.789103525,4.216292744,4.332170717,4.21771979,3.802635888,3.614772669,3.97639139,#N/A,#N/A,#N/A
Philippines,#N/A,#N/A,#N/A,#N/A,#N/A,#N/A,#N/A,#N/A,3.470118502,3.858092442,3.152986317,3.256812544,3.700740177,3.49433913,4.109196244,4.257574328,4.610214104,4.948742203,5.407798975,5.799566091,6.04196673,4.587773735,5.846780368,6.369268421,6.534978052,6.570543124,6.771886852,7.015346633,8.590857212,10.1889432,#N/A,#N/A,#N/A
Poland,#N/A,#N/A,#N/A,#N/A,#N/A,#N/A,2.143348,2.9019476,3.7094949,4.225750191,4.7003859,4.587612,4.8127384,4.9447434,5.4266342,6.7146113,8.815439661,10.1538809,12.56453085,16.41724824,21.04785131,14.95698356,17.41275903,20.91915464,19.14301117,20.56137927,21.66872923,18.96964738,18.85178189,21.79785757,#N/A,#N/A,#N/A
Portugal,1.788902195,1.907026944,2.541053952,2.642081792,3.061046682,2.424424448,2.706505728,3.356513075,3.412186726,3.444063846,3.704845926,3.982857738,3.98788424,3.945636007,4.003208233,4.716616543,6.822201974,6.390373355,7.070716137,8.226720995,9.455378572,7.181089668,7.768242621,8.29236176,7.250649241,7.57139005,7.839589097,6.690918238,6.795283414,7.87461192,#N/A,#N/A,#N/A
Puerto Rico,1.788902195,1.907026944,2.541053952,2.642081792,3.061046682,2.424424448,2.706505728,3.356513075,3.412186726,3.444063846,3.704845926,3.982857738,3.98788424,3.945636007,4.003208233,4.716616543,6.822201974,6.390373355,7.070716137,8.226720995,9.455378572,7.181089668,7.768242621,8.29236176,7.250649241,7.57139005,7.839589097,6.690918238,6.795283414,7.87461192,#N/A,#N/A,#N/A
Qatar,#N/A,#N/A,#N/A,#N/A,#N/A,#N/A,#N/A,#N/A,#N/A,#N/A,#N/A,#N/A,0.32522496,0.375783142,0.405204634,0.48974306,0.600456595,1.006088712,1.644009718,2.342916284,2.790004052,#N/A,2.323954524,#N/A,3.0787,2.703410298,3.044765595,3.261046358,3.206003293,2.989635699,#N/A,#N/A,#N/A
Republic of Serbia,#N/A,#N/A,#N/A,#N/A,#N/A,#N/A,#N/A,#N/A,#N/A,#N/A,#N/A,#N/A,0.32522496,0.375783142,0.405204634,0.48974306,0.600456595,1.006088712,1.644009718,2.342916284,2.790004052,#N/A,2.323954524,#N/A,3.0787,2.703410298,3.044765595,3.261046358,3.206003293,2.989635699,#N/A,#N/A,#N/A
Republic of the Congo,#N/A,#N/A,#N/A,#N/A,#N/A,#N/A,#N/A,#N/A,#N/A,#N/A,#N/A,#N/A,0.32522496,0.375783142,0.405204634,0.48974306,0.600456595,1.006088712,1.644009718,2.342916284,2.790004052,#N/A,2.323954524,#N/A,3.0787,2.703410298,3.044765595,3.261046358,3.206003293,2.989635699,#N/A,#N/A,#N/A
Romania,#N/A,0.843767194,0.908860314,0.579335066,0.625960909,0.652168192,0.710904781,1.027789722,1.143527424,1.12797399,1.183542682,1.039526605,1.305449472,1.5551616,1.786168115,2.40031232,3.266373784,4.046289358,5.110603852,6.994619508,8.296497891,5.425626946,6.20066244,7.636528469,7.025971863,7.345219166,7.788907091,6.985768241,7.460461683,8.531817745,#N/A,#N/A,#N/A
Russia,#N/A,0.843767194,0.908860314,0.579335066,0.625960909,0.652168192,0.710904781,1.027789722,1.143527424,1.12797399,1.183542682,1.039526605,1.305449472,1.5551616,1.786168115,2.40031232,3.266373784,4.046289358,5.110603852,6.994619508,8.296497891,5.425626946,6.20066244,7.636528469,7.025971863,7.345219166,7.788907091,6.985768241,7.460461683,8.531817745,#N/A,#N/A,#N/A
Rwanda,#N/A,#N/A,#N/A,#N/A,#N/A,#N/A,#N/A,#N/A,0.023410008,0.028546886,0.029306118,0.02510197,#N/A,0.027868366,0.02528167,0.026165364,0.031014247,0.037427819,0.056713228,0.062785082,0.107003817,0.111201546,0.14051594,0.150830455,0.1831958,0.198914547,0.195420956,0.18580911,0.177827911,#N/A,#N/A,#N/A,#N/A
Saudi Arabia,#N/A,#N/A,#N/A,2.907380124,3.327263949,2.820140237,2.304263168,2.808511283,2.776492237,#N/A,3.001226445,2.803163561,2.83987403,2.915436631,3.046632635,3.956948973,4.494440765,5.723256793,6.768104798,8.78166006,11.22731481,9.245715543,10.36215301,12.79627266,15.12600125,16.30134987,16.82396382,17.47856376,14.01692499,13.45191297,#N/A,#N/A,#N/A
Senegal,#N/A,#N/A,#N/A,#N/A,#N/A,#N/A,#N/A,#N/A,0.213425344,0.170633293,0.157385843,0.160435911,0.154691003,0.172446,0.19704346,0.23986414,0.28391332,0.349770059,0.367099346,0.487139168,0.652760349,0.471289944,0.477684047,0.5908917,0.643421583,0.655218226,0.650267417,0.559535475,0.547791219,0.672867186,#N/A,#N/A,#N/A
Sierra Leone,#N/A,#N/A,#N/A,#N/A,#N/A,#N/A,#N/A,#N/A,#N/A,#N/A,#N/A,#N/A,0.015168895,#N/A,0.035196285,#N/A,#N/A,#N/A,#N/A,#N/A,#N/A,#N/A,#N/A,#N/A,#N/A,#N/A,0.205684587,0.175940851,0.095792739,0.107361708,#N/A,#N/A,#N/A
Slovakia,#N/A,#N/A,#N/A,#N/A,#N/A,#N/A,0.661093274,0.816186368,0.940997939,1.172697395,1.307053056,1.113050028,1.277412685,1.476968231,1.662773555,2.260076472,2.945667592,3.422582887,4.475862159,5.920779337,7.261155838,5.515994486,6.564405513,7.879643599,7.63727244,8.080920339,8.111938336,7.305305032,7.492061077,8.19350901,#N/A,#N/A,#N/A
Slovenia,#N/A,#N/A,#N/A,#N/A,#N/A,#N/A,0.730390886,0.949165158,0.942064538,0.936566067,1.011036979,1.008141684,1.011467769,1.014630438,1.093223322,1.385240835,1.756944522,1.962630022,2.301342811,2.947618962,3.398554385,2.390183122,2.659170791,3.123684261,2.838256838,2.937544111,3.004930559,2.587022947,2.669036976,3.114944353,#N/A,#N/A,#N/A
Solomon Islands,#N/A,#N/A,#N/A,#N/A,#N/A,#N/A,#N/A,#N/A,0.016291622,#N/A,#N/A,#N/A,#N/A,#N/A,0.005785381,0.009382308,0.012141728,0.013883771,0.02322598,0.028499259,0.030661351,0.02134759,0.032787671,0.044644966,0.049339504,0.058006602,0.049926561,0.046583023,0.045385363,0.057177002,#N/A,#N/A,#N/A
Somalia,#N/A,#N/A,#N/A,#N/A,#N/A,#N/A,#N/A,#N/A,0.016291622,#N/A,#N/A,#N/A,#N/A,#N/A,0.005785381,0.009382308,0.012141728,0.013883771,0.02322598,0.028499259,0.030661351,0.02134759,0.032787671,0.044644966,0.049339504,0.058006602,0.049926561,0.046583023,0.045385363,0.057177002,#N/A,#N/A,#N/A
Somaliland,#N/A,#N/A,#N/A,#N/A,#N/A,#N/A,#N/A,#N/A,0.016291622,#N/A,#N/A,#N/A,#N/A,#N/A,0.005785381,0.009382308,0.012141728,0.013883771,0.02322598,0.028499259,0.030661351,0.02134759,0.032787671,0.044644966,0.049339504,0.058006602,0.049926561,0.046583023,0.045385363,0.057177002,#N/A,#N/A,#N/A
South Africa,#N/A,#N/A,#N/A,#N/A,1.837340262,1.802651648,2.110954906,2.674454733,2.687240602,3.087898214,2.662403891,2.409243034,2.677073139,2.559522283,2.622064449,3.441447846,4.760327406,5.503263872,6.846912512,7.98725872,8.759306765,6.376605798,8.309978113,10.27930285,10.41804115,10.33090775,9.979445259,8.550976991,7.474401029,8.30855187,#N/A,#N/A,#N/A
South Korea,#N/A,#N/A,#N/A,#N/A,1.837340262,1.802651648,2.110954906,2.674454733,2.687240602,3.087898214,2.662403891,2.409243034,2.677073139,2.559522283,2.622064449,3.441447846,4.760327406,5.503263872,6.846912512,7.98725872,8.759306765,6.376605798,8.309978113,10.27930285,10.41804115,10.33090775,9.979445259,8.550976991,7.474401029,8.30855187,#N/A,#N/A,#N/A
South Sudan,#N/A,#N/A,#N/A,#N/A,1.837340262,1.802651648,2.110954906,2.674454733,2.687240602,3.087898214,2.662403891,2.409243034,2.677073139,2.559522283,2.622064449,3.441447846,4.760327406,5.503263872,6.846912512,7.98725872,8.759306765,6.376605798,8.309978113,10.27930285,10.41804115,10.33090775,9.979445259,8.550976991,7.474401029,8.30855187,#N/A,#N/A,#N/A
Spain,#N/A,7.143082394,8.770318336,9.332844954,9.975694131,7.974946406,9.250240922,11.33985956,12.31828992,12.44176548,13.45226342,14.78658713,15.28981688,15.49925653,16.59195649,20.85486956,25.92648263,28.96107949,32.99758265,39.12369476,41.87282995,28.75016362,31.55471993,36.28345185,32.58351764,33.22668459,35.0977773,30.52660323,30.25388743,35.09215617,#N/A,#N/A,#N/A
Sri Lanka,#N/A,#N/A,0.263411251,0.308968192,0.341923098,0.374290074,0.44833408,#N/A,#N/A,#N/A,#N/A,0.533822515,0.617781506,0.541777917,0.603867707,0.651429559,0.785207073,0.830706774,0.977314999,1.138574414,1.362906268,0.943185099,1.235370784,1.969647984,1.788492201,1.793080914,1.924446119,1.896723064,1.950075705,2.131619995,#N/A,#N/A,#N/A
Sudan,#N/A,#N/A,#N/A,#N/A,#N/A,#N/A,#N/A,#N/A,#N/A,#N/A,#N/A,#N/A,#N/A,#N/A,#N/A,#N/A,#N/A,#N/A,#N/A,#N/A,#N/A,#N/A,#N/A,#N/A,0.658064296,#N/A,#N/A,0.841343946,#N/A,1.027686499,#N/A,#N/A,#N/A
Suriname,#N/A,#N/A,#N/A,#N/A,#N/A,#N/A,0.054256109,0.058281901,0.045592352,#N/A,#N/A,0.050579002,0.052644779,0.04565609,0.050184287,0.070386375,0.073976517,0.104992627,0.101314861,0.104426873,0.130433199,0.139009781,0.139749969,0.163782576,0.173278487,0.230849786,0.182672794,0.190448314,0.117491034,0.120947444,#N/A,#N/A,#N/A
Swaziland,#N/A,#N/A,#N/A,#N/A,#N/A,#N/A,#N/A,#N/A,#N/A,#N/A,#N/A,#N/A,0.10972262,0.094881786,0.106366177,0.145747219,0.177027668,0.165612449,0.124243834,0.127008323,#N/A,#N/A,#N/A,#N/A,#N/A,0.17524236,0.167913355,0.146429538,0.129911974,0.16082191,#N/A,#N/A,#N/A
Sweden,#N/A,#N/A,#N/A,#N/A,4.984936448,4.263407206,5.176206541,6.164668416,6.443144397,6.316825805,6.860631654,6.398928556,7.276652503,6.353627162,6.712067577,8.419945558,10.08325168,11.13513417,12.71009245,15.28226988,16.89816754,11.99487066,14.87882386,17.69446377,16.45424088,16.05887878,16.22570511,13.83605169,14.11012227,15.41954261,#N/A,#N/A,#N/A
Switzerland,5.637136794,5.82067241,6.969125274,6.650226278,6.574383514,6.082813952,6.799733965,8.015200256,7.827265126,7.590035456,8.009404416,7.985707418,8.24866131,8.410179402,8.732686812,10.035175,11.59690603,12.65736824,14.13995279,16.13467875,18.35155254,15.55725969,17.62806256,20.82198976,29.50710613,32.1050462,27.50539926,25.31524602,26.91572322,26.75014959,#N/A,#N/A,#N/A
Syria,5.637136794,5.82067241,6.969125274,6.650226278,6.574383514,6.082813952,6.799733965,8.015200256,7.827265126,7.590035456,8.009404416,7.985707418,8.24866131,8.410179402,8.732686812,10.035175,11.59690603,12.65736824,14.13995279,16.13467875,18.35155254,15.55725969,17.62806256,20.82198976,29.50710613,32.1050462,27.50539926,25.31524602,26.91572322,26.75014959,#N/A,#N/A,#N/A
Taiwan,#N/A,#N/A,#N/A,#N/A,#N/A,#N/A,#N/A,#N/A,#N/A,#N/A,#N/A,#N/A,#N/A,1.876132496,1.849045318,2.105688114,2.904264022,0.78979298,1.148827873,1.465513025,1.810474928,1.544276957,1.756157559,#N/A,#N/A,#N/A,#N/A,#N/A,#N/A,#N/A,#N/A,#N/A,#N/A
Tajikistan,#N/A,#N/A,#N/A,#N/A,#N/A,#N/A,#N/A,#N/A,#N/A,#N/A,#N/A,#N/A,0.0643966,#N/A,#N/A,#N/A,#N/A,#N/A,#N/A,#N/A,#N/A,#N/A,#N/A,#N/A,#N/A,#N/A,#N/A,#N/A,#N/A,#N/A,#N/A,#N/A,#N/A
Thailand,2.028301312,2.576267674,3.337135309,3.758831206,4.068678042,4.623928934,5.443712205,7.078075597,7.231614976,6.246168576,4.237005756,5.030907334,6.192136122,6.196058058,6.464521552,7.582414224,9.44026095,11.81643383,12.8584476,14.37614498,17.86131093,13.37696388,18.23933799,22.84833023,24.75758524,25.07082383,22.79315074,20.26423545,19.41902341,22.15140524,#N/A,#N/A,#N/A
The Bahamas,2.028301312,2.576267674,3.337135309,3.758831206,4.068678042,4.623928934,5.443712205,7.078075597,7.231614976,6.246168576,4.237005756,5.030907334,6.192136122,6.196058058,6.464521552,7.582414224,9.44026095,11.81643383,12.8584476,14.37614498,17.86131093,13.37696388,18.23933799,22.84833023,24.75758524,25.07082383,22.79315074,20.26423545,19.41902341,22.15140524,#N/A,#N/A,#N/A
Togo,#N/A,#N/A,#N/A,#N/A,#N/A,#N/A,0.022133811,0.055633248,0.066737696,0.063169632,0.068690067,0.066824211,0.032392753,0.035496444,0.040533038,0.056837662,0.055782735,0.059261581,#N/A,0.078709847,0.168926113,0.133664033,0.135034924,0.185840275,0.18688964,0.247610807,0.203326972,0.187693666,0.173240471,0.161492087,#N/A,#N/A,#N/A
Trinidad and Tobago,#N/A,#N/A,#N/A,0.167447642,0.137672307,0.146286592,0.113373312,0.172364954,0.220445875,0.305944141,0.301149261,0.274376147,0.330835012,0.393898534,0.36610264,0.394218884,0.486958212,0.56939095,0.647769608,0.766283044,0.959139738,0.695543732,0.647959929,0.955330772,1.161557958,1.239584334,1.141168822,0.929780859,#N/A,#N/A,#N/A,#N/A,#N/A
Tunisia,#N/A,#N/A,#N/A,0.518811699,0.643154381,0.621394381,0.648387379,0.790305047,0.769814374,0.79469865,0.834729011,0.833688115,0.856554002,0.952690155,0.952256299,1.095139116,1.273654151,1.317432262,1.500729577,1.909937322,2.463837746,1.909617395,2.221536206,2.395212505,2.447060606,2.426639536,2.479334008,2.022250311,1.948720766,2.061807273,#N/A,#N/A,#N/A
Turkey,#N/A,1.5759744,2.2300672,2.104699699,2.287102566,2.942930125,2.326797722,3.570743706,4.29302743,4.858506035,4.590818509,4.068671078,5.414979528,4.139907944,5.127019562,6.933969206,9.753976597,11.67741509,13.95761741,17.00627145,20.19635741,14.09284212,18.55443319,24.08416763,23.65451409,25.16612501,24.21771171,20.72065089,19.8618235,23.37996512,#N/A,#N/A,#N/A
Turkmenistan,#N/A,#N/A,#N/A,#N/A,#N/A,#N/A,#N/A,#N/A,#N/A,0.118342947,0.100747956,0.147824602,0.178554035,#N/A,#N/A,#N/A,#N/A,#N/A,#N/A,#N/A,#N/A,#N/A,#N/A,#N/A,#N/A,#N/A,#N/A,#N/A,#N/A,#N/A,#N/A,#N/A,#N/A
Uganda,#N/A,#N/A,#N/A,#N/A,#N/A,#N/A,0.068102003,0.103764109,0.095274534,0.079534477,0.110546778,0.101522618,0.095392399,0.100547865,0.107375295,0.137510636,0.172021489,0.205413726,0.255730735,0.34933541,0.452585856,0.424737135,0.466433847,0.563087474,0.604414737,0.581751022,0.60735278,0.552811712,0.482945913,0.559590364,#N/A,#N/A,#N/A
Ukraine,#N/A,#N/A,#N/A,#N/A,#N/A,#N/A,#N/A,#N/A,1.760287949,1.71248599,1.467597414,1.18461143,1.395602719,1.577509266,1.697588413,2.302043766,2.899678433,3.612199744,4.50216206,6.060058094,8.544838085,4.541294389,6.073713459,8.260753726,8.465666698,7.69860125,5.438140909,3.751615322,3.924962635,4.943915577,#N/A,#N/A,#N/A
United Arab Emirates,#N/A,#N/A,#N/A,0.428448256,0.518894694,0.550634496,#N/A,#N/A,#N/A,#N/A,#N/A,2.591155694,2.719231366,3.054475767,4.26521,5.2074,7.2072,8.081401585,9.78636,12.70015047,17.54856992,16.4251,18.7001,21.0945,26.10229202,29.4955904,29.86087292,28.70246955,27.07791488,25.76869222,#N/A,#N/A,#N/A
United Kingdom,#N/A,#N/A,#N/A,#N/A,#N/A,19.59567852,22.39550095,26.14564782,28.27201413,30.51354052,31.18795124,31.53330831,37.47026906,35.87029448,37.20594985,42.5369491,50.28861916,52.84609521,61.48116513,67.99179176,70.53441608,55.20420346,62.76175231,71.76062332,68.91370113,65.72225279,69.43443233,63.02510575,63.63679362,64.13324359,#N/A,#N/A,#N/A
United Republic of Tanzania,#N/A,#N/A,#N/A,#N/A,#N/A,19.59567852,22.39550095,26.14564782,28.27201413,30.51354052,31.18795124,31.53330831,37.47026906,35.87029448,37.20594985,42.5369491,50.28861916,52.84609521,61.48116513,67.99179176,70.53441608,55.20420346,62.76175231,71.76062332,68.91370113,65.72225279,69.43443233,63.02510575,63.63679362,64.13324359,#N/A,#N/A,#N/A
United States of America,#N/A,#N/A,#N/A,50.89440236,55.34964777,60.31535636,68.90299064,77.08214559,81.7627136,89.80254556,94.43501015,105.9220095,121.7932974,114.0900159,120.0095834,130.2833508,152.5304217,173.4849142,191.8997094,201.7120776,216.4834031,160.1895815,196.8259901,226.3619063,227.4461871,226.5911268,241.0855476,231.3424569,224.7167254,240.5276627,#N/A,#N/A,#N/A
Uruguay,#N/A,#N/A,#N/A,#N/A,#N/A,#N/A,0.270717286,0.28657449,0.332237491,0.371553229,0.380761395,0.335624499,0.34658091,0.30608427,0.196684351,0.219036957,0.311863141,0.387888232,0.480605555,0.562766283,0.906936017,0.690672491,0.862175764,1.072637752,1.165210782,1.16423801,1.076229679,0.948941654,0.813662914,0.845787667,#N/A,#N/A,#N/A
Uzbekistan,#N/A,#N/A,#N/A,#N/A,#N/A,#N/A,#N/A,#N/A,#N/A,#N/A,#N/A,#N/A,#N/A,#N/A,#N/A,#N/A,#N/A,#N/A,#N/A,#N/A,#N/A,#N/A,#N/A,#N/A,#N/A,#N/A,#N/A,#N/A,#N/A,1.203494814,#N/A,#N/A,#N/A
Vanuatu,#N/A,#N/A,#N/A,#N/A,#N/A,0.007351892,0.008325546,#N/A,#N/A,#N/A,#N/A,#N/A,0.008673808,#N/A,#N/A,#N/A,#N/A,#N/A,0.015911067,0.020171352,#N/A,0.027751144,0.027600729,0.028064674,#N/A,#N/A,#N/A,#N/A,#N/A,#N/A,#N/A,#N/A,#N/A
Venezuela,#N/A,#N/A,#N/A,#N/A,#N/A,#N/A,0.803668787,1.079126528,0.890221158,1.315879629,1.425036083,1.355394867,1.458419389,1.643558834,1.167337565,0.83577315,1.469716095,2.184813445,3.0559,4.1911,4.745006663,3.867663747,3.234288699,4.872565652,5.907318615,4.495178713,#N/A,#N/A,#N/A,#N/A,#N/A,#N/A,#N/A
Vietnam,#N/A,#N/A,#N/A,#N/A,#N/A,#N/A,#N/A,#N/A,#N/A,#N/A,#N/A,#N/A,1.5636528,1.62179306,1.974555364,2.525577788,3.196881973,3.676111634,4.489111573,6.276468771,8.071382909,6.994881,8.483855267,10.67498535,11.37804309,13.20325312,14.78390476,16.57758578,17.49783503,21.32152991,#N/A,#N/A,#N/A
West Bank,#N/A,#N/A,#N/A,#N/A,#N/A,#N/A,#N/A,#N/A,#N/A,#N/A,#N/A,#N/A,0.003679289,0.00325869,0.003798425,0.004168448,0.005261367,0.005077837,0.005720029,#N/A,#N/A,#N/A,#N/A,#N/A,#N/A,#N/A,#N/A,#N/A,#N/A,#N/A,#N/A,#N/A,#N/A
Western Sahara,#N/A,#N/A,#N/A,#N/A,#N/A,#N/A,#N/A,#N/A,#N/A,#N/A,#N/A,#N/A,0.003679289,0.00325869,0.003798425,0.004168448,0.005261367,0.005077837,0.005720029,#N/A,#N/A,#N/A,#N/A,#N/A,#N/A,#N/A,#N/A,#N/A,#N/A,#N/A,#N/A,#N/A,#N/A
Yemen,#N/A,#N/A,#N/A,#N/A,#N/A,#N/A,#N/A,#N/A,#N/A,#N/A,#N/A,#N/A,0.003679289,0.00325869,0.003798425,0.004168448,0.005261367,0.005077837,0.005720029,#N/A,#N/A,#N/A,#N/A,#N/A,#N/A,#N/A,#N/A,#N/A,#N/A,#N/A,#N/A,#N/A,#N/A
Zambia,#N/A,#N/A,#N/A,#N/A,#N/A,#N/A,#N/A,#N/A,#N/A,#N/A,#N/A,#N/A,0.003679289,0.00325869,0.003798425,0.004168448,0.005261367,0.005077837,0.005720029,#N/A,#N/A,#N/A,#N/A,#N/A,#N/A,#N/A,#N/A,#N/A,#N/A,#N/A,#N/A,#N/A,#N/A
Zimbabwe,#N/A,#N/A,#N/A,#N/A,#N/A,#N/A,#N/A,#N/A,#N/A,#N/A,#N/A,#N/A,0.003679289,0.00325869,0.003798425,0.004168448,0.005261367,0.005077837,0.005720029,#N/A,#N/A,#N/A,#N/A,#N/A,#N/A,#N/A,#N/A,#N/A,#N/A,#N/A,#N/A,#N/A,#N/A