Country,1979,1980,1981,1982,1983,1984,1985,1986,1987,1988,1989,1990,1991,1992,1993,1994,1995,1996,1997,1998,1999,2000,2001,2002,2003,2004,2005,2006,2007,2008,2009,2010,2011,2012,2013,2014,2015,2016,2017,2018,2019,2020
Afghanistan,#N/A,#N/A,#N/A,#N/A,#N/A,#N/A,#N/A,#N/A,#N/A,#N/A,#N/A,#N/A,#N/A,#N/A,#N/A,#N/A,#N/A,#N/A,#N/A,#N/A,#N/A,#N/A,#N/A,#N/A,#N/A,#N/A,#N/A,#N/A,#N/A,#N/A,#N/A,#N/A,#N/A,#N/A,#N/A,#N/A,#N/A,#N/A,#N/A,#N/A,#N/A,#N/A
Albania,#N/A,0.44,0.44,0.64,0.75,0.55,0.55,0.55,0.54,0.44,0.47,0.3,0.19,0.1,0.11,0.11,0.099,0.096,0.09265753,0.064,0.05575342,0.05660099,0.05994039,0.06322339,0.06722138,0.06698838,0.06985,0.07814466,0.06501178,0.06036,0.05390767,0.10870836,0.15573068,0.16847066,0.17016219,0.20586849,0.20230644,0.22817634,0.16069,0.15655301,#N/A,#N/A
Algeria,#N/A,11.43,10.52,10.46,10.18,11.15,11.42,11.9,12,11.74,12.34,13.15,13.09,13.41,13.12,12.956,13.06794521,13.76044809,14.17239726,14.02410959,13.8860137,14.33025287,15.13892645,16.17653051,17.84043024,18.44525034,19.56778068,19.67493493,19.6754526,19.54459,19.09814712,18.81051,18.6269,18.75227169,17.63081822,17.22342,17.98425,16.98785656,16.41742808,15.77082534,#N/A,#N/A
Angola,#N/A,1.5,1.3,1.22,1.77,2.08,2.31,2.81,3.59,4.51,4.54,4.74,4.99,5.26,5.08,5.3579726,6.45432877,7.08184153,7.13208219,7.34582192,7.44517808,7.46113113,7.41904121,8.96143007,9.02304722,10.54415032,12.49228808,14.19916863,17.4750483,19.60206508,18.86295219,19.17992548,17.65027438,17.9647018,18.14026534,17.55755438,18.27922014,17.96742754,17.06434849,16.55169096,#N/A,#N/A
Antarctica,#N/A,#N/A,#N/A,#N/A,#N/A,#N/A,#N/A,#N/A,#N/A,#N/A,#N/A,#N/A,#N/A,#N/A,#N/A,#N/A,#N/A,#N/A,#N/A,#N/A,#N/A,#N/A,#N/A,#N/A,#N/A,#N/A,#N/A,#N/A,#N/A,#N/A,#N/A,#N/A,#N/A,#N/A,#N/A,#N/A,#N/A,#N/A,#N/A,#N/A,#N/A,#N/A
Argentina,#N/A,5.08,5.13,5.07,5.04,4.98,4.85,4.71,4.72,4.92,4.96,5.21,5.29,5.97,6.47,7.13109589,7.73575343,8.20983607,9.04671233,9.16684932,8.70232877,8.31745362,8.76072879,8.65589395,8.65759034,8.25082166,7.97085753,8.0228491,7.8122517,8.01042227,8.01657466,7.8887369,7.63104482,7.22697036,7.06126962,7.16351406,7.08683247,7.08770148,6.76228041,6.78559548,#N/A,#N/A
Armenia,#N/A,#N/A,#N/A,#N/A,#N/A,#N/A,#N/A,#N/A,#N/A,#N/A,#N/A,#N/A,#N/A,#N/A,2.47187E-06,#N/A,#N/A,#N/A,#N/A,#N/A,#N/A,#N/A,#N/A,#N/A,#N/A,#N/A,#N/A,#N/A,#N/A,#N/A,#N/A,#N/A,#N/A,#N/A,#N/A,#N/A,#N/A,#N/A,#N/A,#N/A,#N/A,#N/A
Australia,#N/A,4.6,4.74,4.44,4.89,5.71,6.65,6.06,6.39,6.33,5.83,6.66,6.35,6.19,5.9,6.24309589,6.46794521,6.66748634,6.94561644,6.48706849,6.46950685,8.28058254,7.68257129,7.4424488,6.29812981,5.57344189,5.80793932,5.61772562,5.67355918,5.70912612,5.80746534,5.90225206,5.14658932,5.07088814,4.32764836,4.48156343,4.02346822,3.73728372,3.4176189,3.7077689,#N/A,#N/A
Austria,#N/A,0.3,0.28,0.29,0.28,0.27,0.25,0.25,0.24,0.27,0.27,0.27,0.3,0.27,0.26,0.26,0.2770411,0.26697268,0.24,0.2570411,0.232,0.24746918,0.25285333,0.26893875,0.25908538,0.26461888,0.24920438,0.26617425,0.27682808,0.27925902,0.28192,0.36275918,0.36972534,0.37009536,0.27979904,0.31903863,0.3301389,0.29415202,0.29245534,0.28223616,#N/A,#N/A
Azerbaijan,#N/A,#N/A,#N/A,#N/A,#N/A,#N/A,#N/A,#N/A,#N/A,#N/A,#N/A,#N/A,#N/A,2.22,2.06,1.91109589,1.80557534,1.80380874,1.79975343,2.36773973,2.83578082,2.8858721,3.08862338,3.15418446,3.25174763,3.17634032,4.40005603,6.46580548,8.49069047,8.78192724,10.15945263,10.4484437,9.93260521,9.31756003,8.8082497,8.56875899,8.581772,8.43546251,8.00681973,8.08481973,#N/A,#N/A
Bangladesh,#N/A,#N/A,#N/A,#N/A,0.002,0.004,0.007,0.007,0.006,0.008,0.007,0.01,0.009,0.01,0.012,0.016,0.013,0.015,0.022,0.022,0.02,0.03211034,0.04101493,0.06824692,0.06912831,0.06745815,0.0676,0.06733,0.06724,0.06408667,0.05684,0.05072,0.05063,0.04848667,0.04156,0.04127,0.04105,0.04105,0.03770753,0.03105,#N/A,#N/A
Belarus,#N/A,#N/A,#N/A,#N/A,#N/A,#N/A,#N/A,#N/A,#N/A,#N/A,#N/A,#N/A,#N/A,0.42,0.35,0.36350685,0.34180822,0.32861202,0.33542466,0.33916438,0.33889041,0.34687914,0.35371999,0.33469221,0.34331286,0.35031042,0.35155,0.35602,0.36011,0.35296,0.32063,0.32113,0.30739,0.30124,0.31307,0.33193,0.26001932,0.32583667,0.31917,0.32917,#N/A,#N/A
Belgium,#N/A,0.08,0.08,0.09,0.1,0.11,0.11,0.061,0.056,0.082,0.11,0.11,0.091,0.1,0.098,0.13,0.12,0.11,0.11,0.11,0.12,0.10218117,0.123046,0.13060852,0.11060348,0.1068759,0.08691,0.11914,0.11224,0.11218,0.12603,0.2304,0.21982,0.22474,0.23892,0.28595,0.25458,0.24423,0.28785,0.28785,#N/A,#N/A
Belize,#N/A,#N/A,#N/A,#N/A,#N/A,#N/A,#N/A,#N/A,#N/A,#N/A,#N/A,#N/A,#N/A,#N/A,#N/A,#N/A,#N/A,#N/A,#N/A,#N/A,#N/A,#N/A,#N/A,#N/A,#N/A,#N/A,#N/A,0.0225731,0.02999797,0.03510664,0.03989501,0.04251682,0.04,0.03239344,0.03,0.01817762,0.02,0.02,0.02,0.02,#N/A,#N/A
Benin,#N/A,#N/A,#N/A,#N/A,0.04,0.07,0.08,0.08,0.07,0.05,0.04,0.04,0.04,0.056,0.058,0.059,0.03,0.02,0.013,0.01,0.01,0.0069,0.007,0.008,0.004,#N/A,#N/A,#N/A,#N/A,#N/A,#N/A,#N/A,#N/A,#N/A,#N/A,#N/A,#N/A,#N/A,#N/A,#N/A,#N/A,#N/A
Bhutan,#N/A,#N/A,#N/A,#N/A,#N/A,#N/A,#N/A,#N/A,#N/A,#N/A,#N/A,#N/A,#N/A,#N/A,#N/A,#N/A,#N/A,#N/A,#N/A,#N/A,#N/A,#N/A,#N/A,#N/A,#N/A,#N/A,#N/A,#N/A,#N/A,#N/A,#N/A,#N/A,#N/A,#N/A,#N/A,#N/A,#N/A,#N/A,#N/A,#N/A,#N/A,#N/A
Bolivia,#N/A,0.32,0.26,0.3,0.28,0.27,0.26,0.23,0.24,0.24,0.25,0.26,0.26,0.28,0.3,0.318,0.35591781,0.37863934,0.38138356,0.447,0.415,0.40435149,0.44853253,0.47220134,0.42920153,0.61338127,0.62664463,0.61316663,0.61825282,0.51557117,0.45959701,0.47872942,0.49254312,0.57594366,0.65201178,0.6900166,0.74069474,0.77634869,0.77465904,0.77633027,#N/A,#N/A
Bosnia and Herzegovina,#N/A,#N/A,#N/A,#N/A,#N/A,#N/A,#N/A,#N/A,#N/A,#N/A,#N/A,#N/A,#N/A,#N/A,#N/A,#N/A,#N/A,#N/A,#N/A,#N/A,#N/A,#N/A,#N/A,#N/A,#N/A,#N/A,#N/A,-0.00073,-0.00059,-0.00097,-0.00094,-0.00015,0.0007,0.00131,0.00258,0.00219,0.00248,0.00248,0.00248,0.00248,#N/A,#N/A
Botswana,#N/A,#N/A,#N/A,#N/A,#N/A,#N/A,#N/A,#N/A,#N/A,#N/A,#N/A,#N/A,#N/A,#N/A,#N/A,#N/A,#N/A,#N/A,#N/A,#N/A,#N/A,#N/A,#N/A,#N/A,#N/A,#N/A,#N/A,#N/A,#N/A,#N/A,#N/A,#N/A,#N/A,#N/A,#N/A,#N/A,#N/A,#N/A,#N/A,#N/A,#N/A,#N/A
Brazil,#N/A,2.45,2.83,3.48,4.6,6.14,7.34,7.4,7.68,7.51,7.9,8.21,8.38,8.24,8.39,9.57424658,9.90424658,11.07002732,11.7219726,12.82627397,14.27772603,15.34106897,15.73485514,17.57892245,18.46898841,18.39483428,20.37522014,21.69463605,22.83504808,24.3146891,25.61713447,27.23742008,26.99133756,26.6912232,27.13472299,29.70678033,31.86486364,32.42957836,33.6645211,34.27783616,#N/A,#N/A
Brunei,#N/A,2.7,1.88,1.79,1.87,1.75,1.68,1.81,1.5,1.48,1.42,1.6,1.71,1.78,1.78,1.80635616,1.75843836,1.66696175,1.75341096,1.79587671,2.04223288,2.15367756,2.17583661,1.89406596,1.96367752,2.04431148,2.09959452,2.21244781,1.6996663,1.57764339,1.48857219,1.53327932,1.69377041,1.58731038,1.35489849,1.26807411,1.27003877,1.21034388,1.13313466,1.11623055,#N/A,#N/A
Bulgaria,#N/A,0.03,0.03,0.03,0.03,0.04,0.06,-0.002,0.000978927,-0.015,0.047,0.035,0.000339432,0.004,0.006,0.003,0.01,0.016,0.009,0.022,0.026,0.01962068,0.01162427,0.02648132,0.03128063,0.03661262,0.03357,0.03378,0.03125,0.03517,0.03341,0.03359,0.03367,0.03799,0.04095,0.03237192,0.05076,0.05339,0.05339,0.05339,#N/A,#N/A
Burkina Faso,#N/A,0.03,0.03,0.03,0.03,0.04,0.06,-0.002,0.000978927,-0.015,0.047,0.035,0.000339432,0.004,0.006,0.003,0.01,0.016,0.009,0.022,0.026,0.01962068,0.01162427,0.02648132,0.03128063,0.03661262,0.03357,0.03378,0.03125,0.03517,0.03341,0.03359,0.03367,0.03799,0.04095,0.03237192,0.05076,0.05339,0.05339,0.05339,#N/A,#N/A
Burundi,#N/A,#N/A,#N/A,#N/A,#N/A,#N/A,#N/A,#N/A,#N/A,#N/A,#N/A,#N/A,#N/A,#N/A,#N/A,#N/A,#N/A,#N/A,#N/A,#N/A,#N/A,#N/A,#N/A,#N/A,#N/A,#N/A,#N/A,#N/A,#N/A,#N/A,#N/A,#N/A,#N/A,#N/A,#N/A,#N/A,#N/A,#N/A,#N/A,#N/A,#N/A,#N/A
Cambodia,#N/A,#N/A,#N/A,#N/A,#N/A,#N/A,#N/A,#N/A,#N/A,#N/A,#N/A,#N/A,#N/A,#N/A,#N/A,#N/A,#N/A,#N/A,#N/A,#N/A,#N/A,#N/A,#N/A,#N/A,#N/A,#N/A,#N/A,#N/A,#N/A,#N/A,0.006,#N/A,#N/A,#N/A,#N/A,#N/A,#N/A,#N/A,#N/A,#N/A,#N/A,#N/A
Cameroon,#N/A,0.58,0.87,1.09,1.14,1.35,1.85,1.77,1.74,1.63,1.7,1.61,1.53,1.4,1.27,1.08345206,1.114,1.08416393,1.245,1.215,1.005,0.85059655,0.76891325,0.69900756,0.67218154,0.66347012,0.82709068,0.8680774,0.83156397,0.81780137,0.7742011,0.6554,0.62227274,0.63452,0.63070164,0.75441,0.98469,0.92469,0.76186808,0.69469,#N/A,#N/A
Canada,#N/A,18.16,16.63,16.39,16.92,18.1,18.48,18.63,19.6,20.57,20.31,20.4,20.41,21.26,22.5,23.41290411,24.52794521,25.01576503,26.27471233,27.00049315,26.32557534,27.53144555,28.16361848,29.53699681,31.1364521,31.39357788,30.96284614,32.92078077,34.48523233,33.48246697,33.18829118,34.41730274,35.96913671,38.55923536,40.73071288,43.9426537,45.11270562,45.9672482,49.64133521,53.8233626,#N/A,#N/A
Central African Republic,#N/A,#N/A,#N/A,#N/A,#N/A,#N/A,#N/A,#N/A,#N/A,#N/A,#N/A,#N/A,#N/A,#N/A,#N/A,#N/A,#N/A,#N/A,#N/A,#N/A,#N/A,#N/A,#N/A,#N/A,#N/A,#N/A,#N/A,#N/A,#N/A,#N/A,#N/A,#N/A,#N/A,#N/A,#N/A,#N/A,#N/A,#N/A,#N/A,#N/A,#N/A,#N/A
Chad,#N/A,#N/A,#N/A,#N/A,#N/A,#N/A,#N/A,#N/A,#N/A,#N/A,#N/A,#N/A,#N/A,#N/A,#N/A,#N/A,#N/A,#N/A,#N/A,#N/A,#N/A,#N/A,#N/A,#N/A,0.36068493,1.70587432,1.76657534,1.57917808,1.4420274,1.27163934,1.19471233,1.22520548,1.14964384,1.04483607,1,1.21,1.23,1.14,1.28,1.32,#N/A,#N/A
Chile,#N/A,0.46,0.52,0.54,0.5,0.5,0.48,0.44,0.43,0.38,0.36,0.35,0.32,0.29,0.3,0.29110959,0.26778082,0.257,0.18866849,0.1840411,0.18030959,0.1636189,0.17171858,0.17141584,0.16933286,0.15759851,0.14928575,0.12891838,0.10872263,0.12791079,0.13501877,0.18576041,0.19233767,0.18436372,0.17159356,0.15616466,0.14215274,0.12858497,0.13457836,0.16214,#N/A,#N/A
China,#N/A,21.14,20.12,20.45,21.2,22.96,25.05,25.88,26.8,27.22,27.49,27.68,28.36,28.52,29.03,29.57287671,30.60049315,32.11338798,32.84342466,33.02178082,33.16994521,33.88527319,34.44634864,35.49861536,36.02905986,37.22752498,38.71015918,39.80215068,40.79011233,41.66931967,42.1844863,45.75155274,46.60013616,47.73203475,49.11730712,50.45262795,51.80376151,49.00070874,47.82398219,47.7499274,#N/A,#N/A
Colombia,#N/A,1.34,1.33,1.49,1.58,1.74,1.82,3.15,3.96,3.87,4.17,4.54,4.3,4.45,4.67,4.62334247,5.9719863,6.42064481,6.65258904,7.45938356,8.30424658,7.04115998,6.36824154,5.88276088,5.54676296,5.41956441,5.40686564,5.48351553,5.46108496,6.03674011,6.90276556,8.05753488,9.38412069,9.6846765,10.28200507,10.13907047,10.29954041,9.0903682,8.84516343,8.93598534,#N/A,#N/A
Costa Rica,#N/A,#N/A,#N/A,#N/A,#N/A,#N/A,#N/A,-0.002,-0.001,-0.001,-0.002,-0.002,-0.002,-0.002,-0.003,-0.001,-0.003,-0.003,-0.003,#N/A,#N/A,-1.25612E-06,0.000713766,0.00477792,0.00729212,0.01022571,0.01877,0.01856,0.02637,0.02308,0.01226,-0.00109,-0.0004,0.01259,0.01324,0.01331,0.01479,0.01571,0.01571,0.01571,#N/A,#N/A
Croatia,#N/A,#N/A,#N/A,#N/A,#N/A,#N/A,#N/A,#N/A,#N/A,#N/A,#N/A,#N/A,#N/A,0.41,0.43,0.473,0.417,0.379,0.382,0.402,0.334,0.33417467,0.32409404,0.31222409,0.31330155,0.28777856,0.27690534,0.25628685,0.23835614,0.22098667,0.24444822,0.23606562,0.21352055,0.20685333,0.2062526,0.2004963,0.18685178,0.18527967,0.18926,0.18841068,#N/A,#N/A
Cuba,#N/A,0.06,0.09,0.11,0.13,0.16,0.19,0.17,0.17,0.13,0.13,0.12,0.12,0.16,0.19,0.241,0.25767123,0.312,0.329,0.343,0.408,0.43877991,0.5146238,0.48543994,0.56275518,0.592131,0.53455,0.5225,0.51634,0.50699,0.46342,0.56489,0.58401,0.55294503,0.53526,0.53169,0.50335,0.49737333,0.49904,0.49904,#N/A,#N/A
Cyprus,#N/A,#N/A,#N/A,#N/A,#N/A,#N/A,#N/A,0.00019479,-0.000147336,-0.000112737,0.00022657,0.000465942,-0.000344916,-0.001,-0.002,-0.001,-0.002,#N/A,-0.003,-0.003,-0.004,-0.0036403,-0.00356836,-0.00258762,-0.00191359,-0.00072853,0.0002,0.0002,0.0002,0.002,0.002,0.0011,0.0013,0.0013,0.0004,0.0003,0.0002,0.0001,#N/A,#N/A,#N/A,#N/A
Czech Republic,#N/A,#N/A,#N/A,#N/A,#N/A,#N/A,#N/A,#N/A,#N/A,#N/A,#N/A,#N/A,#N/A,#N/A,0.025,0.028,0.039,0.053,0.046,0.046,0.09560274,0.09362426,0.0924546,0.12475348,0.15345888,0.17166757,0.17544068,0.1608937,0.13743699,0.11626568,0.1039011,0.15764781,0.16278932,0.1675,0.1443,0.17815,0.18051616,0.15586333,0.19765,0.19765,#N/A,#N/A
Democratic Republic of the Congo,#N/A,#N/A,#N/A,#N/A,#N/A,#N/A,#N/A,#N/A,#N/A,#N/A,#N/A,#N/A,#N/A,#N/A,0.025,0.028,0.039,0.053,0.046,0.046,0.09560274,0.09362426,0.0924546,0.12475348,0.15345888,0.17166757,0.17544068,0.1608937,0.13743699,0.11626568,0.1039011,0.15764781,0.16278932,0.1675,0.1443,0.17815,0.18051616,0.15586333,0.19765,0.19765,#N/A,#N/A
Denmark,#N/A,0.053,0.15,0.34,0.44,0.46,0.58,0.76,0.97,0.99,1.17,1.21,1.44,1.63,1.74,1.85578082,1.87276712,2.10023497,2.33282192,2.40653425,3.02580822,3.65179271,3.48989584,3.73432359,3.78409225,3.92744896,3.8078357,3.45756814,3.15279712,2.90467888,2.64307685,2.4929043,2.25075345,2.05914183,1.80126167,1.69628712,1.60761575,1.45673612,1.42446151,1.2355026,#N/A,#N/A
Djibouti,#N/A,#N/A,#N/A,#N/A,#N/A,#N/A,#N/A,#N/A,#N/A,#N/A,#N/A,#N/A,#N/A,#N/A,#N/A,#N/A,#N/A,#N/A,#N/A,#N/A,#N/A,#N/A,#N/A,#N/A,#N/A,#N/A,#N/A,#N/A,#N/A,#N/A,#N/A,#N/A,#N/A,#N/A,#N/A,#N/A,#N/A,#N/A,#N/A,#N/A,#N/A,#N/A
Dominican Republic,#N/A,0.01,0.01,0.01,0.01,0.01,0.01,-0.002,0.000435134,0.000371533,0.000904711,-0.001,-0.002,-0.009,-0.005,-0.004,-0.01,-0.009,-0.01,-0.01,-0.004,-0.0015427,-0.000947265,-0.000670249,0.000119472,-0.00448666,-0.00389,-0.00309,-0.00392,-0.00266,0.00035,-0.00041,-0.00104,-0.00103,-0.00112,-0.00038,-0.00116,-0.00116,-0.00116,-0.00116,#N/A,#N/A
East Timor,#N/A,0.01,0.01,0.01,0.01,0.01,0.01,-0.002,0.000435134,0.000371533,0.000904711,-0.001,-0.002,-0.009,-0.005,-0.004,-0.01,-0.009,-0.01,-0.01,-0.004,-0.0015427,-0.000947265,-0.000670249,0.000119472,-0.00448666,-0.00389,-0.00309,-0.00392,-0.00266,0.00035,-0.00041,-0.00104,-0.00103,-0.00112,-0.00038,-0.00116,-0.00116,-0.00116,-0.00116,#N/A,#N/A
Ecuador,#N/A,2.07,2.14,2.14,2.4,2.61,2.84,2.95,1.75,3.03,2.81,2.86,3.01,3.24,3.49,3.69920548,3.95827397,3.97878142,3.89445206,3.7629863,3.74043836,3.96311371,4.12511308,3.92718592,4.11341769,5.29005817,5.327554,5.36380219,5.114226,5.05268664,4.85707175,4.86097521,4.98980022,5.03396079,5.25454408,5.56012058,5.42546501,5.48378765,5.31281288,5.17078548,#N/A,#N/A
Egypt,#N/A,6.13,6.16,6.91,7.53,8.48,9.15,8.26,9.11,8.73,8.99,9.01,9.07,8.83,8.98,9.0380548,9.295,9.33666667,8.69757534,8.4830548,8.72589041,7.93337338,7.48060484,7.42551691,7.4409538,7.00092071,6.82773548,6.62735904,6.58893973,6.91054771,7.01385932,6.94514425,7.01745644,7.0389782,7.07014384,7.06611452,7.17693425,6.82904142,6.57968466,6.67795863,#N/A,#N/A
El Salvador,#N/A,#N/A,#N/A,#N/A,#N/A,#N/A,#N/A,2.63546E-05,-0.000476892,-0.000552834,0.000150816,-0.000615052,-0.001,-0.00043107,-0.000171011,#N/A,#N/A,-0.001,-0.003,-0.005,-0.006,-0.00591264,-0.00669296,-0.00277765,-0.0010589,-0.00204291,0.00966,0.05308,0.04297,0.04182,0.01772,-0.0052,-0.00377,-0.00317,#N/A,#N/A,#N/A,#N/A,#N/A,#N/A,#N/A,#N/A
Equatorial Guinea,#N/A,#N/A,#N/A,#N/A,#N/A,#N/A,#N/A,#N/A,#N/A,#N/A,#N/A,#N/A,0.001,0.016,0.045,0.05010959,0.05001644,0.17,0.52421918,0.83,1.02,1.675,1.81438356,2.12561644,2.06465877,3.6820765,3.75476712,3.62865753,3.68528767,3.59203153,3.46016069,3.22710384,2.98888033,3.104,2.9079726,2.78,2.68,2.44,2.05778082,1.84232877,#N/A,#N/A
Eritrea,#N/A,#N/A,#N/A,#N/A,#N/A,#N/A,#N/A,#N/A,#N/A,#N/A,#N/A,#N/A,#N/A,#N/A,#N/A,-0.003,-0.003,-0.003,-0.003,#N/A,#N/A,#N/A,#N/A,#N/A,#N/A,#N/A,#N/A,#N/A,#N/A,#N/A,#N/A,#N/A,#N/A,#N/A,#N/A,#N/A,#N/A,#N/A,#N/A,#N/A,#N/A,#N/A
Estonia,#N/A,#N/A,#N/A,#N/A,#N/A,#N/A,#N/A,#N/A,#N/A,#N/A,#N/A,#N/A,#N/A,-0.000825933,-0.000662557,#N/A,#N/A,#N/A,0.073,0.044,0.03,0.04747,0.05133617,0.05530404,0.06137965,0.06592043,0.069,0.0728,0.07400022,0.076,0.09,0.1,0.11,0.11,0.13,0.13,0.16,0.16,0.16,0.22,#N/A,#N/A
Ethiopia,#N/A,#N/A,#N/A,#N/A,#N/A,#N/A,#N/A,-0.003,-0.003,-0.003,-0.003,-0.003,-0.0005196,-0.001,-0.002,#N/A,#N/A,#N/A,#N/A,#N/A,#N/A,#N/A,#N/A,#N/A,#N/A,#N/A,#N/A,#N/A,#N/A,0.001,0.001,0.001,0.001,0.001,0.00167,0.00211,0.00296,0.00354,0.00354,0.00354,#N/A,#N/A
Falkland Islands,#N/A,#N/A,#N/A,#N/A,#N/A,#N/A,#N/A,#N/A,#N/A,#N/A,#N/A,#N/A,#N/A,#N/A,#N/A,#N/A,#N/A,#N/A,#N/A,#N/A,#N/A,#N/A,#N/A,#N/A,#N/A,#N/A,#N/A,#N/A,#N/A,#N/A,#N/A,#N/A,#N/A,#N/A,#N/A,#N/A,#N/A,#N/A,#N/A,#N/A,#N/A,#N/A
Fiji,#N/A,#N/A,#N/A,#N/A,#N/A,#N/A,#N/A,#N/A,#N/A,#N/A,#N/A,#N/A,#N/A,#N/A,#N/A,#N/A,#N/A,#N/A,#N/A,#N/A,#N/A,#N/A,#N/A,#N/A,#N/A,#N/A,#N/A,#N/A,#N/A,#N/A,#N/A,#N/A,#N/A,#N/A,#N/A,#N/A,#N/A,#N/A,#N/A,#N/A,#N/A,#N/A
Finland,#N/A,-0.004,0.008,0.02,0.031,0.042,0.042,0.048,0.054,0.054,0.052,0.057,0.066,0.074,0.075,0.089,0.092,0.089,0.084,0.091,0.09,0.08279691,0.07800397,0.09012838,0.09284447,0.0915518,0.09171,0.10111,0.09789,0.08718,0.09541,0.16195,0.14727,0.15878,0.17436,0.18484,0.18484,0.12582,0.18196,0.18196,#N/A,#N/A
France,#N/A,0.83,0.92,0.86,0.89,0.93,1.06,1.07,1.11,1.19,1.16,1.12,1.13,1.14,1.12,1.16153425,1.11254795,1.05163934,0.97565753,0.88893151,0.92752877,0.93209044,0.90133029,0.86213812,0.90236426,0.89104933,0.8424974,0.89198986,0.74632507,0.77166,0.76311685,1.33353932,1.29467137,1.25145366,1.2738874,1.28943986,1.32333233,1.33014033,1.21101123,1.16520301,#N/A,#N/A
French Guiana,#N/A,#N/A,#N/A,#N/A,#N/A,#N/A,#N/A,#N/A,#N/A,#N/A,#N/A,#N/A,#N/A,#N/A,#N/A,#N/A,#N/A,#N/A,#N/A,#N/A,#N/A,#N/A,#N/A,#N/A,#N/A,#N/A,#N/A,#N/A,#N/A,#N/A,#N/A,#N/A,#N/A,#N/A,#N/A,#N/A,#N/A,#N/A,#N/A,#N/A,#N/A,#N/A
French Southern and Antarctic Lands,#N/A,#N/A,#N/A,#N/A,#N/A,#N/A,#N/A,#N/A,#N/A,#N/A,#N/A,#N/A,#N/A,#N/A,#N/A,#N/A,#N/A,#N/A,#N/A,#N/A,#N/A,#N/A,#N/A,#N/A,#N/A,#N/A,#N/A,#N/A,#N/A,#N/A,#N/A,#N/A,#N/A,#N/A,#N/A,#N/A,#N/A,#N/A,#N/A,#N/A,#N/A,#N/A
Gabon,#N/A,1.76,1.52,1.57,1.58,1.58,1.73,1.66,1.55,1.59,2.08,2.7,2.94,2.97,3.12,3.28447945,3.64506849,3.68060656,3.70228767,3.51667123,3.30827397,3.14791756,2.6980235,2.51048166,2.41159604,2.38771115,2.6602891,2.36882726,2.43896589,2.47748612,2.41927767,2.45277712,2.40772425,2.29617,2.19546,2.19576,2.12936767,2.10427672,1.98457315,1.95443616,#N/A,#N/A
Gambia,#N/A,1.76,1.52,1.57,1.58,1.58,1.73,1.66,1.55,1.59,2.08,2.7,2.94,2.97,3.12,3.28447945,3.64506849,3.68060656,3.70228767,3.51667123,3.30827397,3.14791756,2.6980235,2.51048166,2.41159604,2.38771115,2.6602891,2.36882726,2.43896589,2.47748612,2.41927767,2.45277712,2.40772425,2.29617,2.19546,2.19576,2.12936767,2.10427672,1.98457315,1.95443616,#N/A,#N/A
Georgia,#N/A,#N/A,#N/A,#N/A,#N/A,#N/A,#N/A,#N/A,#N/A,#N/A,#N/A,#N/A,#N/A,0.029,0.02,0.01808493,0.01,0.012,0.02675342,0.02191507,0.022,0.01990027,0.02107825,0.0146248,0.02780702,0.01979103,0.01977,0.00995,0.00984,0.00979,0.00993,0.01,0.01,0.01007,0.01,0.01,0.00793452,0.00394,0.00394,0.00394,#N/A,#N/A
Germany,#N/A,#N/A,#N/A,#N/A,#N/A,#N/A,#N/A,#N/A,#N/A,#N/A,#N/A,#N/A,1.48,1.32,1.37,1.38572603,1.38,1.37412568,1.34,1.4,1.41,1.50960421,1.4663111,1.54315886,1.60074993,1.47340538,1.77502027,1.93186425,1.45464027,1.54694967,1.57238507,2.15117,2.22087,2.15367,2.12800384,2.07660671,2.07644014,3.11710432,2.07616699,2.11022178,#N/A,#N/A
Ghana,#N/A,0.02,0.02,0.02,0.02,0.02,0.01,0.002,0.000942858,0.000856578,-0.00056672,-0.00041522,0.002,0.012,0.018,0.014,0.04,0.066,0.052,0.05,0.06,0.07131866,0.07183325,0.07433177,0.0747741,0.08573532,0.07399,0.07081,0.07691,0.07227,0.06888,0.08514041,0.77778329,0.79253191,0.98860329,1.05732178,1.03109164,0.99113656,1.51731082,1.73591356,#N/A,#N/A
Greece,#N/A,0.01,0.1,0.24,0.29,0.31,0.3,0.24,0.25,0.24,0.21,0.19,0.19,0.2,0.15,0.14446575,0.122,0.107,0.11579452,0.09593151,0.03239726,0.07650546,0.08016152,0.06636199,0.05419312,0.05238137,0.05746493,0.06584356,0.05137575,0.06612,0.06416671,0.10730247,0.09767685,0.11727399,0.11919575,0.12438644,0.12976712,0.15748131,0.13504425,0.14833192,#N/A,#N/A
Greenland,#N/A,#N/A,#N/A,#N/A,#N/A,#N/A,#N/A,#N/A,#N/A,#N/A,#N/A,#N/A,#N/A,#N/A,#N/A,#N/A,#N/A,#N/A,#N/A,#N/A,#N/A,#N/A,#N/A,#N/A,#N/A,#N/A,#N/A,#N/A,#N/A,#N/A,#N/A,#N/A,#N/A,#N/A,#N/A,#N/A,#N/A,#N/A,#N/A,#N/A,#N/A,#N/A
Guatemala,#N/A,0.05,0.05,0.06,0.07,0.05,0.03,0.051,0.04,0.03,0.04,0.039,0.044,0.046,0.068,0.08091781,0.09428767,0.12630601,0.16,0.23767123,0.228,0.20504035,0.20940883,0.17903083,0.21994521,0.19811475,0.17173425,0.21464658,0.187408,0.18442082,0.16544,0.11971189,0.1096737,0.12582697,0.12053595,0.12472784,0.12745937,0.12032702,0.13683753,0.13593342,#N/A,#N/A
Guinea,#N/A,#N/A,#N/A,#N/A,#N/A,#N/A,#N/A,#N/A,#N/A,#N/A,#N/A,#N/A,#N/A,#N/A,#N/A,#N/A,#N/A,#N/A,#N/A,#N/A,#N/A,#N/A,#N/A,#N/A,#N/A,#N/A,#N/A,#N/A,#N/A,#N/A,#N/A,#N/A,#N/A,#N/A,#N/A,#N/A,#N/A,#N/A,#N/A,#N/A,#N/A,#N/A
Guinea Bissau,#N/A,#N/A,#N/A,#N/A,#N/A,#N/A,#N/A,#N/A,#N/A,#N/A,#N/A,#N/A,#N/A,#N/A,#N/A,#N/A,#N/A,#N/A,#N/A,#N/A,#N/A,#N/A,#N/A,#N/A,#N/A,#N/A,#N/A,#N/A,#N/A,#N/A,#N/A,#N/A,#N/A,#N/A,#N/A,#N/A,#N/A,#N/A,#N/A,#N/A,#N/A,#N/A
Guyana,#N/A,#N/A,#N/A,#N/A,#N/A,#N/A,#N/A,#N/A,#N/A,#N/A,#N/A,#N/A,#N/A,#N/A,#N/A,#N/A,#N/A,#N/A,#N/A,#N/A,#N/A,#N/A,#N/A,#N/A,#N/A,#N/A,#N/A,#N/A,#N/A,#N/A,#N/A,#N/A,#N/A,#N/A,#N/A,#N/A,#N/A,#N/A,#N/A,#N/A,#N/A,#N/A
Haiti,#N/A,#N/A,#N/A,#N/A,#N/A,#N/A,#N/A,#N/A,#N/A,#N/A,#N/A,#N/A,#N/A,#N/A,#N/A,#N/A,#N/A,#N/A,#N/A,#N/A,#N/A,#N/A,#N/A,#N/A,#N/A,#N/A,#N/A,#N/A,#N/A,#N/A,#N/A,#N/A,#N/A,#N/A,#N/A,#N/A,#N/A,#N/A,#N/A,#N/A,#N/A,#N/A
Honduras,#N/A,#N/A,#N/A,#N/A,#N/A,#N/A,#N/A,-0.000145795,-8.04368E-05,-0.000130756,-0.000614602,-0.001,-0.001,-0.00095007,#N/A,#N/A,#N/A,#N/A,#N/A,#N/A,#N/A,#N/A,#N/A,#N/A,#N/A,#N/A,0.00001,0.0002,0.0002,0.0002,0.0002,#N/A,#N/A,#N/A,#N/A,#N/A,#N/A,#N/A,#N/A,#N/A,#N/A,#N/A
Hungary,#N/A,0.58,0.58,0.62,0.61,0.63,0.63,0.64,0.6,0.65,0.54,0.58,0.49,0.49,0.47,0.62734247,0.606,0.62725137,0.683,0.532,0.49384932,0.49414989,0.48740775,0.42957408,0.45529345,0.47534538,0.42279123,0.39494312,0.32817384,0.37744235,0.35366959,0.35398123,0.31650082,0.34794372,0.36478,0.3114389,0.33922,0.36018333,0.3592274,0.3742137,#N/A,#N/A
Iceland,#N/A,#N/A,#N/A,#N/A,#N/A,#N/A,#N/A,#N/A,#N/A,#N/A,#N/A,#N/A,#N/A,#N/A,#N/A,#N/A,#N/A,#N/A,#N/A,#N/A,#N/A,#N/A,#N/A,#N/A,#N/A,#N/A,#N/A,#N/A,#N/A,#N/A,#N/A,#N/A,#N/A,#N/A,#N/A,#N/A,#N/A,#N/A,#N/A,#N/A,#N/A,#N/A
India,#N/A,1.86,3.29,3.95,4.85,5.25,6.26,6.46,6.27,6.55,7.24,6.82,6.39,6.02,5.78,6.50712329,7.69452055,7.5102459,7.79624658,7.61321918,7.64660274,7.72950945,7.84630813,8.15865165,8.18333502,8.46600833,8.34488381,8.71385989,8.73951027,8.76532533,8.79225011,9.66011249,10.1158306,10.22085814,10.22038293,10.19247022,10.26881134,10.16370639,10.17445712,10.17626534,#N/A,#N/A
Indonesia,#N/A,16.59,17.12,14.31,14.48,14.98,13.8,14.26,13.7,13.69,14.81,15.37,16.66,15.77,15.88,15.89019178,15.81584932,16.38486339,16.07310959,16.16356164,15.69082192,15.30278416,14.33580788,13.40031535,12.45318163,11.83378492,10.98283723,10.35194493,9.8435534,10.23486052,10.03391548,10.15089441,9.87944921,9.60429328,9.30796589,9.13116,8.66144644,9.45637219,8.97388932,9.13610849,#N/A,#N/A
Iran,#N/A,16.83,14.02,22.36,24.6,21.96,22.72,20.44,23.13,22.53,28.31,31.13,33.58,34.76,35.91,36.72554795,37.08619178,37.47710383,37.27878082,37.03367123,36.21164384,37.65385159,37.99991166,35.23968566,38.33034036,41.04208679,42.38583671,41.4934026,40.39025685,41.77537809,41.78296315,42.43356584,42.15414,35.20196727,31.9863874,33.89651192,34.97143274,43.76194355,47.06364068,44.5554489,#N/A,#N/A
Iraq,#N/A,25.26,10.09,10.21,10.14,12.18,14.47,16.96,20.86,26.99,29.45,20.64,3.02,4.21,5.23,5.67234247,5.799,5.93143716,11.72357534,21.62141096,25.20176712,25.81968703,24.08821705,20.39791339,13.18044453,20.20566777,18.89419534,20.0944074,20.9663549,23.84552399,23.99167096,23.96780208,26.23603932,29.78874333,30.49020562,33.64601096,40.39981096,44.43457393,44.55624932,46.1563589,#N/A,#N/A
Ireland,#N/A,-0.006,-0.002,-0.001,-0.001,-0.001,-0.001,-0.002,-0.002,-0.001,-0.000744301,-0.002,-0.002,-0.002,-0.002,-0.004,-0.003,-0.003,-0.004,-0.004,-0.004,-0.00406426,-0.00225066,-0.00119427,-0.000420575,-0.00153426,-0.00051,-0.00182,-0.00557,-0.00431,-0.00296,0.01227,0.00208,0.00557,0.0036,0.00375,0.00196,0.00283,0.00412,0.00412,#N/A,#N/A
Israel,#N/A,0.35,0.36,0.01,0.01,0.01,0.01,0.016,0.014,0.015,0.008,0.009,-0.000547078,0.001,0.021,0.029,0.031,0.035,0.021,0.034,0.031,0.03663241,0.03913867,0.02740106,0.03194123,0.05950677,0.03709,0.03972,0.04768,0.05574,0.06175,0.05963,0.06174,0.07309,0.0677,0.07092,0.06463,0.05977,0.0638,0.0638,#N/A,#N/A
Italy,#N/A,0.68,0.68,0.65,0.78,0.82,0.84,0.67,0.85,1.09,1.02,1.09,1.04,1.12,1.13,1.18146575,1.26682192,1.35998361,1.49289041,1.43553425,1.21769863,1.34521771,1.22240082,1.29838874,1.42889285,1.53210675,1.64813219,1.64539466,1.68609863,1.64206749,1.45525712,1.7383948,1.65737082,1.60654213,1.91757343,1.85699671,1.89974959,1.50146863,1.44971027,1.57968288,#N/A,#N/A
Ivory Coast,#N/A,0.68,0.68,0.65,0.78,0.82,0.84,0.67,0.85,1.09,1.02,1.09,1.04,1.12,1.13,1.18146575,1.26682192,1.35998361,1.49289041,1.43553425,1.21769863,1.34521771,1.22240082,1.29838874,1.42889285,1.53210675,1.64813219,1.64539466,1.68609863,1.64206749,1.45525712,1.7383948,1.65737082,1.60654213,1.91757343,1.85699671,1.89974959,1.50146863,1.44971027,1.57968288,#N/A,#N/A
Jamaica,#N/A,#N/A,#N/A,#N/A,#N/A,#N/A,#N/A,-0.007,-0.004,-0.004,-0.005,-0.006,-0.004,-0.006,-0.002,-0.003,-0.005,-0.004,-0.004,-0.004,-0.002,-0.00557609,-0.00411004,0.01306657,0.02050144,0.01506987,0.01842,0.04585,0.04346,0.05705,0.05978,-0.00852,-0.00841,-0.00798,-0.00845,-0.00699,-0.00921,0.00707,0.00707,0.00707,#N/A,#N/A
Japan,#N/A,0.4,0.38,0.44,0.39,0.46,0.51,0.52,0.55,0.6,0.63,0.67,0.77,0.82,0.85,0.81612329,0.908,1.00387432,1.01323562,1.044,1.09317808,1.12199082,1.21059297,1.20174843,1.16568823,1.23391708,1.28454822,1.2942,1.32443849,1.33983038,1.37916466,1.4188211,1.35851932,1.27071437,1.37550753,1.33304685,1.38449575,1.23525033,1.31215726,1.27303397,#N/A,#N/A
Jordan,#N/A,#N/A,#N/A,#N/A,#N/A,#N/A,#N/A,0.012,0.007,0.008,0.005,0.006,0.008,0.004,0.000611451,0.002,0.001,0.001,0.001,-0.003,-0.002,-0.00485961,-0.00266549,-0.001751,-0.00141725,-0.00364021,-0.00259,-0.00128,0.00088,0.00706,0.00614,0.00163,0.00496,0.00439,0.00377,0.00519,0.00403,0.00403,0.00403,0.00403,#N/A,#N/A
Kazakhstan,#N/A,#N/A,#N/A,#N/A,#N/A,#N/A,#N/A,#N/A,#N/A,#N/A,#N/A,#N/A,#N/A,4.43,4.07,4.1640411,4.14835616,4.58628415,5.21978082,5.26957534,6.0500411,7.25629224,8.35971185,9.67514365,10.61973738,12.45866876,13.37172764,13.87865907,14.45649816,14.30941817,15.41565959,16.0861366,16.37316685,16.0559841,16.58462233,17.19896247,17.51371411,16.98280454,18.79897438,19.59308397,#N/A,#N/A
Kenya,#N/A,0.01,0.01,0.01,0.01,0.01,0.01,-0.001,-0.00080711,-0.000831322,-0.000286972,-0.001,-0.001,-0.001,-0.002,#N/A,#N/A,#N/A,#N/A,#N/A,#N/A,-0.000547917,-0.000918375,-0.00165571,-0.000799245,-0.00263247,-0.00161,-0.00318,-0.00136,-0.00162,-0.00167,0.00366,0.00372,0.00449,0.00655,0.00838,0.00824,0.00824,0.00824,0.00824,#N/A,#N/A
Kosovo,#N/A,#N/A,#N/A,#N/A,#N/A,#N/A,#N/A,#N/A,#N/A,#N/A,#N/A,#N/A,#N/A,#N/A,#N/A,#N/A,#N/A,#N/A,#N/A,#N/A,#N/A,#N/A,#N/A,#N/A,#N/A,#N/A,#N/A,#N/A,#N/A,#N/A,#N/A,#N/A,#N/A,#N/A,#N/A,#N/A,#N/A,#N/A,#N/A,#N/A,#N/A,#N/A
Kuwait,#N/A,17.6,11.95,8.72,11.27,12.33,10.86,14.83,16.64,15.79,18.78,12.34,1.91,10.84,18.96,21.14539726,21.58510959,21.53793989,21.21968493,22.06442466,20.18217808,22.00733683,21.25595158,20.29910771,22.68313922,25.15382049,26.71980082,26.71512466,26.03425649,27.2789491,25.05942997,24.49081655,26.80693342,27.85551355,28.01769,27.93919795,28.79390233,29.90544137,28.23595712,29.08499822,#N/A,#N/A
Kyrgyzstan,#N/A,#N/A,#N/A,#N/A,#N/A,#N/A,#N/A,#N/A,#N/A,#N/A,#N/A,#N/A,#N/A,0.023,0.02,0.01616164,0.02,0.02,0.018,0.017,0.01608493,0.02029858,0.02010582,0.01509517,0.0135818,0.0136466,0.01958,0.01979,0.00946,0.00943,0.01,0.0096,0.00955,0.00961,0.00953,0.01007,0.00972,0.00972,0.00972,0.00972,#N/A,#N/A
Laos,#N/A,#N/A,#N/A,#N/A,#N/A,#N/A,#N/A,#N/A,#N/A,#N/A,#N/A,#N/A,#N/A,#N/A,#N/A,#N/A,#N/A,#N/A,#N/A,#N/A,#N/A,#N/A,#N/A,#N/A,#N/A,#N/A,#N/A,#N/A,#N/A,#N/A,#N/A,#N/A,#N/A,#N/A,#N/A,#N/A,#N/A,#N/A,#N/A,#N/A,#N/A,#N/A
Latvia,#N/A,#N/A,#N/A,#N/A,#N/A,#N/A,#N/A,#N/A,#N/A,#N/A,#N/A,#N/A,#N/A,#N/A,#N/A,#N/A,#N/A,#N/A,#N/A,#N/A,#N/A,#N/A,#N/A,#N/A,#N/A,0.002,0.003,0.003,0.005,0.009,0.012,0.01186,0.01229,0.019,0.01429,0.01581,0.01439,0.01059,0.01369,0.01369,#N/A,#N/A
Lebanon,#N/A,#N/A,#N/A,#N/A,#N/A,#N/A,#N/A,-0.006,-0.000546416,0.003,0.003,0.003,0.003,0.003,0.003,#N/A,#N/A,#N/A,#N/A,#N/A,#N/A,#N/A,#N/A,#N/A,#N/A,#N/A,#N/A,#N/A,#N/A,#N/A,#N/A,#N/A,#N/A,#N/A,#N/A,#N/A,#N/A,#N/A,#N/A,#N/A,#N/A,#N/A
Lesotho,#N/A,#N/A,#N/A,#N/A,#N/A,#N/A,#N/A,#N/A,#N/A,#N/A,#N/A,#N/A,#N/A,#N/A,#N/A,#N/A,#N/A,#N/A,#N/A,#N/A,#N/A,#N/A,#N/A,#N/A,#N/A,#N/A,#N/A,#N/A,#N/A,#N/A,#N/A,#N/A,#N/A,#N/A,#N/A,#N/A,#N/A,#N/A,#N/A,#N/A,#N/A,#N/A
Liberia,#N/A,#N/A,#N/A,#N/A,#N/A,#N/A,#N/A,#N/A,#N/A,#N/A,#N/A,#N/A,#N/A,#N/A,#N/A,#N/A,#N/A,#N/A,#N/A,#N/A,#N/A,#N/A,#N/A,#N/A,#N/A,#N/A,#N/A,#N/A,#N/A,#N/A,#N/A,#N/A,#N/A,#N/A,#N/A,#N/A,#N/A,#N/A,#N/A,#N/A,#N/A,#N/A
Libya,#N/A,18.27,11.75,11.9,11.35,11.24,10.85,10.62,9.99,12.02,11.83,14.07,15.21,14.7,14,14.16489041,14.282,14.47346995,15.04017808,14.48378082,13.76958904,14.69345313,14.27841531,13.83183181,14.848877,15.82296718,17.39292808,18.64576836,19.29702945,19.41441333,18.36218589,18.44198,5.21768164,15.47473426,10.46553849,5.75932808,5.12683603,4.99396792,9.30779493,10.73669904,#N/A,#N/A
Lithuania,#N/A,#N/A,#N/A,#N/A,#N/A,#N/A,#N/A,#N/A,#N/A,#N/A,#N/A,#N/A,#N/A,-0.005,0.036,0.052,0.056,0.06407923,0.07134247,0.09474795,0.08351233,0.09550515,0.13481609,0.13437415,0.12361983,0.11410836,0.09833,0.08375,0.07619,0.10042,0.09454,0.09784,0.09193,0.09511,0.09725,0.09319,0.09907,0.10336,0.0931,0.0931,#N/A,#N/A
Luxembourg,#N/A,#N/A,#N/A,#N/A,#N/A,#N/A,#N/A,#N/A,#N/A,#N/A,#N/A,#N/A,#N/A,#N/A,#N/A,#N/A,#N/A,#N/A,#N/A,#N/A,#N/A,#N/A,#N/A,#N/A,#N/A,#N/A,#N/A,#N/A,#N/A,#N/A,#N/A,#N/A,#N/A,#N/A,#N/A,#N/A,#N/A,#N/A,#N/A,#N/A,#N/A,#N/A
Macedonia,#N/A,#N/A,#N/A,#N/A,#N/A,#N/A,#N/A,#N/A,#N/A,#N/A,#N/A,#N/A,#N/A,#N/A,#N/A,#N/A,#N/A,#N/A,#N/A,#N/A,#N/A,#N/A,#N/A,#N/A,#N/A,#N/A,#N/A,#N/A,#N/A,#N/A,#N/A,#N/A,#N/A,#N/A,#N/A,#N/A,#N/A,#N/A,#N/A,#N/A,#N/A,#N/A
Madagascar,#N/A,#N/A,#N/A,#N/A,#N/A,#N/A,#N/A,-0.002,-0.000887665,-0.001,-0.000731269,-0.000884083,-0.001,-0.00034724,-0.000349669,#N/A,#N/A,#N/A,#N/A,#N/A,#N/A,0.000691396,0.000841457,0.000892664,0.000905878,0.000921789,0.00085,#N/A,#N/A,#N/A,#N/A,#N/A,#N/A,#N/A,#N/A,#N/A,#N/A,#N/A,#N/A,#N/A,#N/A,#N/A
Malawi,#N/A,#N/A,#N/A,#N/A,#N/A,#N/A,#N/A,#N/A,#N/A,#N/A,#N/A,#N/A,#N/A,#N/A,#N/A,#N/A,#N/A,#N/A,#N/A,#N/A,#N/A,0.002,0.002,0.002,0.002,0.002,0.002,0.002,0.002,0.002,0.002,0.00327,0.00345,0.00345,0.00345,0.00345,0.00431,0.00517,0.002,0.002,#N/A,#N/A
Malaysia,#N/A,2.84,2.65,3.07,3.66,4.51,4.51,5.13,5.08,5.51,5.97,6.3,6.57,6.67,6.6,6.76286301,7.17593151,7.30027322,7.6520274,8.2320137,7.93230137,7.63709143,7.42098546,7.82917404,8.28681815,8.03933,7.90850836,7.49618219,7.53444192,7.60047481,7.1991611,7.33490274,6.69176041,6.75273109,6.46901521,6.75610343,7.25412082,7.62168426,7.47149069,7.49516192,#N/A,#N/A
Mali,#N/A,#N/A,#N/A,#N/A,#N/A,#N/A,#N/A,#N/A,#N/A,#N/A,#N/A,#N/A,#N/A,#N/A,#N/A,#N/A,#N/A,#N/A,#N/A,#N/A,#N/A,#N/A,#N/A,#N/A,#N/A,#N/A,#N/A,#N/A,#N/A,#N/A,#N/A,#N/A,#N/A,#N/A,#N/A,#N/A,#N/A,#N/A,#N/A,#N/A,#N/A,#N/A
Mauritania,#N/A,#N/A,#N/A,#N/A,#N/A,#N/A,#N/A,#N/A,-0.003,0.002,0.001,0.001,0.001,-0.000466602,-0.001,#N/A,#N/A,#N/A,#N/A,#N/A,#N/A,-0.000926585,#N/A,#N/A,#N/A,#N/A,#N/A,0.30619178,0.14991781,0.12833333,0.11245219,0.08232233,0.07737641,0.06577077,0.06750411,0.06003005,0.05246575,0.04836066,0.02,#N/A,#N/A,#N/A
Mexico,#N/A,21.29,25.54,30.03,29.54,30.5,30.27,28.03,28.98,28.89,29.13,29.92,31.49,31.34,31.4,31.59356164,30.75109589,32.93306011,34.22345205,35.0140274,33.54373973,34.60085205,35.7003017,35.93349249,38.07677515,38.47933161,37.84067219,37.09577767,35.00289479,31.86842525,30.00791384,29.78599644,29.60011074,29.40716557,29.15074507,28.20808973,26.22392918,24.8435488,22.50583452,20.84482082,#N/A,#N/A
Moldova,#N/A,#N/A,#N/A,#N/A,#N/A,#N/A,#N/A,#N/A,#N/A,#N/A,#N/A,#N/A,#N/A,#N/A,#N/A,#N/A,#N/A,#N/A,#N/A,#N/A,#N/A,#N/A,#N/A,#N/A,#N/A,#N/A,#N/A,#N/A,#N/A,-0.0001,-0.00025,-0.00017,-0.00014,-0.00018,-0.00018,0.00001,-0.00018,-0.00018,-0.00018,-0.00018,#N/A,#N/A
Mongolia,#N/A,#N/A,#N/A,#N/A,#N/A,#N/A,#N/A,#N/A,#N/A,#N/A,#N/A,#N/A,#N/A,#N/A,#N/A,#N/A,#N/A,#N/A,#N/A,0.001,0.002,0.00179,0.00202,0.00381,0.00501,0.00589,0.0055,0.01032,0.02329,0.03208,0.05123,0.05976,0.06983296,0.09934508,0.14051496,0.20288025,0.23176559,0.2342623,0.2,0.2,#N/A,#N/A
Montenegro,#N/A,#N/A,#N/A,#N/A,#N/A,#N/A,#N/A,#N/A,#N/A,#N/A,#N/A,#N/A,#N/A,#N/A,#N/A,#N/A,#N/A,#N/A,#N/A,#N/A,#N/A,#N/A,#N/A,#N/A,#N/A,#N/A,#N/A,#N/A,#N/A,#N/A,#N/A,#N/A,#N/A,#N/A,#N/A,#N/A,#N/A,#N/A,#N/A,#N/A,#N/A,#N/A
Morocco,#N/A,0.02,0.02,0.02,0.02,0.02,0.02,-0.012,-0.000608618,0.002,-0.000125834,-0.007,-0.008,-0.008,-0.014,-0.015,-0.012,0.039,0.047,0.045,0.038,0.04023645,0.04034915,0.04484379,0.03723073,0.03446453,-0.0105,-0.01247,-0.01342,-0.00598,-0.0058,-0.00757,-0.01939,-0.00998,-0.00725,0.00062,0.00675,0.0016,0.0016,0.0016,#N/A,#N/A
Mozambique,#N/A,#N/A,#N/A,#N/A,#N/A,#N/A,#N/A,#N/A,#N/A,#N/A,#N/A,#N/A,#N/A,#N/A,#N/A,#N/A,#N/A,#N/A,#N/A,#N/A,#N/A,#N/A,#N/A,#N/A,#N/A,#N/A,#N/A,#N/A,#N/A,#N/A,0.0002,#N/A,#N/A,0.0002,0.0003,0.0004,0.00161,0.00281,0.00282,0.00282,#N/A,#N/A
Myanmar,#N/A,0.3,0.27,0.3,0.3,0.32,0.3,0.24,0.17,0.14,0.16,0.14,0.16,0.15,0.14,0.14342466,0.102,0.084,0.096,0.116,0.102,0.12740341,0.10487985,0.15602409,0.15687313,0.20683867,0.20751,0.23791,0.21954644,0.22059934,0.18775932,0.21136767,0.20733,0.20681,0.20694,0.20315342,0.15634,0.15634,0.12634,0.11634,#N/A,#N/A
Namibia,#N/A,#N/A,#N/A,#N/A,#N/A,#N/A,#N/A,#N/A,#N/A,#N/A,#N/A,#N/A,#N/A,#N/A,#N/A,#N/A,#N/A,#N/A,#N/A,#N/A,#N/A,#N/A,#N/A,#N/A,#N/A,#N/A,#N/A,#N/A,#N/A,#N/A,#N/A,#N/A,#N/A,#N/A,#N/A,#N/A,#N/A,#N/A,#N/A,#N/A,#N/A,#N/A
Nepal,#N/A,#N/A,#N/A,#N/A,#N/A,#N/A,#N/A,#N/A,#N/A,#N/A,#N/A,#N/A,#N/A,#N/A,#N/A,#N/A,#N/A,#N/A,#N/A,#N/A,#N/A,#N/A,#N/A,#N/A,#N/A,#N/A,#N/A,#N/A,#N/A,#N/A,#N/A,#N/A,#N/A,#N/A,#N/A,#N/A,#N/A,#N/A,#N/A,#N/A,#N/A,#N/A
Netherlands,#N/A,0.31,0.33,0.53,0.67,0.82,1.01,1.23,1.18,1.09,0.99,1.08,1.06,0.86,0.9,1.32227397,1.17972603,1.13237705,1.07742466,1.08073973,0.91084932,0.88185522,0.81485129,0.98378225,1.00947849,0.96222593,0.84488466,0.74209288,0.85015534,0.69397803,0.63395795,0.63141589,0.71683726,0.87360268,0.82806466,0.95151521,0.9334711,0.70128432,0.70711123,0.53012493,#N/A,#N/A
New Caledonia,#N/A,#N/A,#N/A,#N/A,#N/A,#N/A,#N/A,#N/A,#N/A,#N/A,#N/A,#N/A,#N/A,#N/A,#N/A,#N/A,#N/A,#N/A,#N/A,#N/A,#N/A,#N/A,#N/A,#N/A,#N/A,#N/A,#N/A,#N/A,#N/A,#N/A,#N/A,#N/A,#N/A,#N/A,#N/A,#N/A,#N/A,#N/A,#N/A,#N/A,#N/A,#N/A
New Zealand,#N/A,0.09,0.12,0.17,0.18,0.2,0.24,0.43,0.44,0.53,0.57,0.59,0.58,0.58,0.6,0.57375342,0.47928767,0.46821858,0.68052055,0.57117808,0.52258904,0.47679817,0.43941877,0.40990652,0.31815197,0.27939721,0.27774082,0.25800932,0.47597055,0.6538594,0.61026836,0.60711863,0.52166592,0.48454634,0.41902753,0.49299699,0.50380932,0.43906776,0.40569932,0.3358363,#N/A,#N/A
Nicaragua,#N/A,#N/A,#N/A,#N/A,#N/A,#N/A,#N/A,-0.002,-0.002,-0.002,-0.002,-0.002,-0.001,-0.001,-0.000820926,#N/A,#N/A,#N/A,-0.001,-0.005,-0.004,-0.00386376,-0.0049056,-0.00394004,-0.00379578,-0.00436058,-0.00367,-0.00412,-0.00377,0.00574,0.00611,-0.00214,-0.0022,0.00058,-0.0007,-0.00133,-0.00253,-0.00081,-0.00081,-0.00081,#N/A,#N/A
Niger,#N/A,#N/A,#N/A,#N/A,#N/A,#N/A,#N/A,#N/A,#N/A,#N/A,#N/A,#N/A,#N/A,#N/A,#N/A,#N/A,#N/A,#N/A,#N/A,#N/A,#N/A,#N/A,#N/A,#N/A,#N/A,#N/A,#N/A,#N/A,#N/A,#N/A,#N/A,#N/A,0.06755329,0.2044,0.20616,0.20584,0.14497,0.13497,0.11497,0.09497,#N/A,#N/A
Nigeria,#N/A,20.6,14.38,13,12.46,13.93,15,14.7,13.44,14.54,17.22,18.17,18.98,19.51,19.67,19.36423288,19.98053425,20.06798361,21.39836986,21.60057534,21.36263014,21.69135111,22.61416054,21.2332298,22.78592032,23.31696229,26.30860356,24.42250014,23.52755836,21.68864891,22.12180288,24.62294397,25.28185685,25.1173529,23.62402808,24.06353082,22.35261493,19.38542727,20.1508889,19.88842315,#N/A,#N/A
North Korea,#N/A,#N/A,#N/A,#N/A,#N/A,#N/A,#N/A,0.006,0.006,0.004,0.005,0.006,0.007,0.009,0.009,0.007,0.006,0.003,0.003,0.008,0.006,0.00668873,0.00140114,0.00141381,0.0013847,0.00140974,0.00121,0.00093,0.00118,0.00123,0.0009,0.00137,0.00135,0.00135,0.00149,0.00138,0.00138,0.00137,0.00138,0.00138,#N/A,#N/A
Northern Cyprus,#N/A,#N/A,#N/A,#N/A,#N/A,#N/A,#N/A,#N/A,#N/A,#N/A,#N/A,#N/A,#N/A,-0.004,-0.002,#N/A,#N/A,#N/A,-0.002,-0.001,-0.001,-0.00145873,-0.00189606,-0.0012991,-0.000800561,-0.000781393,-0.00045,-0.00044,-0.00066,-0.00097,-0.00146,0.0002,#N/A,0.0007,0.00113,0.00141,0.0023,0.0024,0.00236,0.00236,#N/A,#N/A
Norway,#N/A,5.29,5.14,5.34,6.64,7.56,8.27,9.1,10.56,11.99,15.7,17.25,19.62,22.25,23.85,27.00926027,29.09978082,32.40971038,32.89490411,31.46578082,31.48130137,33.54609246,34.22983677,33.4188449,32.72956655,31.96587571,29.78131521,27.86472301,25.64893685,24.64522186,23.52555164,21.45762877,20.51613123,19.27357016,18.48153247,18.97217767,19.57911178,20.03747525,19.8106074,18.63797726,#N/A,#N/A
Oman,#N/A,2.84,3.21,3.26,3.77,4.17,5.02,5.63,5.87,6.22,6.5,6.93,7.06,7.44,7.8,8.14446575,8.59087671,8.91087978,9.07883562,9.03635616,9.1359589,9.72041055,9.15487624,8.99484451,8.2300979,7.54297322,7.80558329,7.43859644,7.14813712,7.59699434,8.18888762,8.69361934,8.91568912,9.24593309,9.44996378,9.51775641,9.8982474,10.12885885,9.80027164,9.88213466,#N/A,#N/A
Pakistan,#N/A,0.11,0.11,0.13,0.14,0.18,0.36,0.42,0.42,0.45,0.48,0.62,0.63,0.64,0.63,0.57439726,0.618,0.576,0.595,0.57812329,0.56835616,0.56762789,0.6337444,0.67930744,0.64330191,0.66591601,0.68125888,0.69256512,0.74141263,0.68085579,0.66890381,0.69159101,0.7044,0.75432,0.85365,0.98405,0.92972699,0.88261732,0.92479548,0.92331603,#N/A,#N/A
Panama,#N/A,0.01,0.01,0.01,0.01,0.01,#N/A,-0.004,-0.005,-0.002,-0.001,-0.001,-0.006,-0.012,-0.012,-0.006,#N/A,-0.013,-0.006,-0.008,-0.014,-0.01304568,-0.02195154,-0.00139954,#N/A,#N/A,#N/A,#N/A,#N/A,#N/A,#N/A,#N/A,#N/A,#N/A,0.00305,0.00685,0.00262,0.00446,0.00446,0.00446,#N/A,#N/A
Papua New Guinea,#N/A,#N/A,#N/A,#N/A,#N/A,#N/A,#N/A,#N/A,#N/A,#N/A,#N/A,#N/A,0.002,0.53,1.26,1.09756164,1.00057534,1.03360656,0.8009863,0.79063014,0.96657534,0.700853,0.67523364,0.55153425,0.50493151,0.45601421,0.4030437,0.4875189,0.38681014,0.41462191,0.39705945,0.30959521,0.29319644,0.27470601,0.23104644,0.49643,0.5758437,0.56074803,0.50573411,0.44655603,#N/A,#N/A
Paraguay,#N/A,#N/A,#N/A,#N/A,#N/A,#N/A,#N/A,0.000641602,0.000678121,0.000719551,0.000771384,0.001,0.000740733,0.000000769,0.000516952,#N/A,#N/A,#N/A,#N/A,#N/A,#N/A,-2.67428E-05,-0.000024293,-9.25053E-05,-5.73743E-05,0.000905346,0.00627,0.008,0.011,0.017,0.022,0.0245,0.02639,0.02945,0.03313,0.03571,0.03981,0.04767,0.04178,0.07386,#N/A,#N/A
Peru,#N/A,2,1.99,2.01,1.74,1.87,1.93,1.77,1.62,1.4,1.29,1.28,1.14,1.15,1.26,1.27517808,1.29721918,1.20636066,1.19410959,1.15676712,1.07254795,0.99565474,0.95999722,0.9664867,0.9201186,0.93779189,1.12140696,1.19047153,1.15938069,1.21784478,1.48864507,1.59951803,1.58919918,1.59674956,1.74384537,1.7928937,1.55817063,1.4182156,1.40777945,1.41137753,#N/A,#N/A
Philippines,#N/A,0.16,0.03,0.09,0.14,0.13,0.1,0.079,0.055,0.059,0.047,0.038,0.026,0.073,0.078,0.06113973,0.03061644,-0.016,-0.021,-0.015,-0.008,-0.00424572,0.07837912,0.10432727,0.1409612,0.24306951,0.25771,0.26287,0.25389304,0.27218495,0.395,0.3756,0.38875,0.35501,0.41257,0.45247,0.35945288,0.33258,0.28263,0.26597247,#N/A,#N/A
Poland,#N/A,0.08,0.08,0.055,0.05,0.058,0.058,0.064,0.057,0.057,0.044,0.045,0.051,0.066,0.083,0.085,0.082,0.091,0.104,0.138,0.178,0.22806896,0.24793299,0.23017364,0.22540038,0.34791246,0.3926763,0.40228,0.35231822,0.36304235,0.34246205,0.38953589,0.37641671,0.44892639,0.54820658,0.55289534,0.55705438,0.53366825,0.53382288,0.62897767,#N/A,#N/A
Portugal,#N/A,-0.026,-0.023,-0.031,-0.028,-0.014,-0.008,-0.004,-0.004,0.003,-0.004,-0.003,-0.009,-0.012,-0.008,0.007,0.028,0.03,0.034,0.032,0.031,0.02408893,0.03885367,0.0374534,0.04537244,0.03848689,0.04052,0.05591,0.06356315,0.07475098,0.05417,0.10834,0.1148,0.09318,0.12119,0.11959,0.1269,0.12932,0.12605,0.12605,#N/A,#N/A
Puerto Rico,#N/A,#N/A,-0.01,-0.02,-0.01,0.024,-0.01,-0.01,0.01,0.01,0.008,0.018,0.028,0.015,0.047,0.033,0.017,0.018,0.016,0.014,0.009,0.0045721,-0.00132112,0.00436076,0.00721806,0.01353952,0.01349,0.00085,0.01328,0.00663,0.00538,#N/A,#N/A,#N/A,#N/A,#N/A,#N/A,#N/A,#N/A,#N/A,#N/A,#N/A
Qatar,#N/A,4.83,4.3,3.61,3.21,4.23,3.32,3.31,3.19,3.78,4.06,4.48,4.47,4.8,4.7,4.66976712,4.98687671,5.62978142,6.22563014,7.8330274,7.78752055,8.79049133,8.80248577,8.70759271,10.18626896,11.62075402,12.53606644,12.83664151,13.50867479,14.59214246,15.69321008,17.80299077,19.15188,20.03212896,20.5338,20.51242658,20.14188562,19.87192978,19.72722808,19.39681712,#N/A,#N/A
Republic of Serbia,#N/A,4.83,4.3,3.61,3.21,4.23,3.32,3.31,3.19,3.78,4.06,4.48,4.47,4.8,4.7,4.66976712,4.98687671,5.62978142,6.22563014,7.8330274,7.78752055,8.79049133,8.80248577,8.70759271,10.18626896,11.62075402,12.53606644,12.83664151,13.50867479,14.59214246,15.69321008,17.80299077,19.15188,20.03212896,20.5338,20.51242658,20.14188562,19.87192978,19.72722808,19.39681712,#N/A,#N/A
Republic of the Congo,#N/A,4.83,4.3,3.61,3.21,4.23,3.32,3.31,3.19,3.78,4.06,4.48,4.47,4.8,4.7,4.66976712,4.98687671,5.62978142,6.22563014,7.8330274,7.78752055,8.79049133,8.80248577,8.70759271,10.18626896,11.62075402,12.53606644,12.83664151,13.50867479,14.59214246,15.69321008,17.80299077,19.15188,20.03212896,20.5338,20.51242658,20.14188562,19.87192978,19.72722808,19.39681712,#N/A,#N/A
Romania,#N/A,2.52,2.55,2.56,2.55,2.52,2.35,2.33,2.27,2.03,1.9,1.67,1.46,1.47,1.43,1.48916438,1.49,1.502,1.491,1.47443836,1.40110959,1.37159149,1.395882,1.40428322,1.33658197,1.31631732,1.24721849,1.1664129,1.15651271,1.16984607,1.12698904,1.06451863,1.0650914,1.02539986,1.05056625,1.05089671,1.02909795,0.96469836,0.90744726,0.88089932,#N/A,#N/A
Russia,#N/A,#N/A,#N/A,#N/A,#N/A,#N/A,#N/A,#N/A,#N/A,#N/A,#N/A,#N/A,#N/A,78.19,69.51,63.07084932,61.72721918,60.16874317,61.01084932,60.69582192,63.12383562,67.2363889,71.59734757,76.58891183,85.34778552,92.73770374,95.11241178,97.32350384,99.38182175,98.75032672,100.4955234,102.9005458,104.121341,106.0004269,107.7062055,108.5816907,110.5211999,112.627462,112.2292978,114.0139827,#N/A,#N/A
Rwanda,#N/A,#N/A,#N/A,#N/A,#N/A,#N/A,#N/A,#N/A,#N/A,#N/A,#N/A,#N/A,#N/A,#N/A,#N/A,#N/A,#N/A,#N/A,#N/A,#N/A,#N/A,#N/A,#N/A,#N/A,#N/A,#N/A,#N/A,#N/A,#N/A,#N/A,0.0001,#N/A,#N/A,#N/A,#N/A,#N/A,#N/A,#N/A,#N/A,#N/A,#N/A,#N/A
Saudi Arabia,#N/A,102.85,102.65,69.29,54.3,50.33,37.78,52.55,46.74,55.77,55.55,70.19,87.9,90.36,88.94,91.01178082,92.35190411,92.37669945,94.00294521,94.71576712,89.06975342,94.75748954,91.56639951,88.09506658,100.7681061,107.9624133,114.9630799,110.9843877,107.4862285,114.2860043,103.1471145,109.08355,114.6986316,118.406744,116.9972368,116.2868047,120.8738863,124.0276104,121.0492014,124.1869,#N/A,#N/A
Senegal,#N/A,#N/A,#N/A,#N/A,#N/A,#N/A,#N/A,0.001,-0.001,-0.002,-0.001,-0.002,-0.000949678,-0.000630392,-0.000455699,#N/A,#N/A,#N/A,#N/A,#N/A,#N/A,0.000154755,-0.000275258,-0.000211267,-0.000312875,-0.000587565,-0.00039,-0.00013,-0.00065,-0.00081,-0.00032,0.00039,0.00016,-0.00067,-0.00044,-0.00029,-0.00033,-0.00032,-0.00033,-0.00033,#N/A,#N/A
Sierra Leone,#N/A,#N/A,#N/A,#N/A,#N/A,#N/A,#N/A,-0.000114541,-0.000538721,-0.000397859,-0.000382287,-0.000379803,-0.000375701,-7.39125E-05,-0.000346137,0.001,#N/A,#N/A,#N/A,#N/A,#N/A,-2.04215E-05,#N/A,8.36068E-06,3.99293E-05,7.00834E-06,0.00003,0.00029,0.00025,0.00033,#N/A,#N/A,#N/A,#N/A,#N/A,#N/A,#N/A,#N/A,#N/A,#N/A,#N/A,#N/A
Slovakia,#N/A,#N/A,#N/A,#N/A,#N/A,#N/A,#N/A,#N/A,#N/A,#N/A,#N/A,#N/A,#N/A,#N/A,0.008,0.011,0.02,0.021,0.02,0.017,0.015,0.03190721,0.04066597,0.0899217,0.09872504,0.11161191,0.12866685,0.12923,0.08609548,0.10661869,0.07537425,0.12669,0.10767,0.09682,0.11852,0.1145,0.1357,0.12541,0.14559,0.14559,#N/A,#N/A
Slovenia,#N/A,#N/A,#N/A,#N/A,#N/A,#N/A,#N/A,#N/A,#N/A,#N/A,#N/A,#N/A,#N/A,-0.001,4.60128E-05,-0.001,#N/A,#N/A,#N/A,#N/A,#N/A,0.000283272,0.00015568,0.000150453,0.000118496,0.00006,0.00105,0.00105,0.00105,0.00165,0.00145,0.00375,0.00015,0.00025,0.00035,0.00005,0.00005,0.00005,0.00255,0.00255,#N/A,#N/A
Solomon Islands,#N/A,#N/A,#N/A,#N/A,#N/A,#N/A,#N/A,#N/A,#N/A,#N/A,#N/A,#N/A,#N/A,#N/A,#N/A,#N/A,#N/A,#N/A,#N/A,#N/A,#N/A,#N/A,#N/A,#N/A,#N/A,#N/A,#N/A,#N/A,#N/A,#N/A,#N/A,#N/A,#N/A,#N/A,#N/A,#N/A,#N/A,#N/A,#N/A,#N/A,#N/A,#N/A
Somalia,#N/A,#N/A,#N/A,#N/A,#N/A,#N/A,#N/A,0.002,0.001,0.001,0.001,0.001,0.000596557,0.000538062,0.000537357,#N/A,#N/A,#N/A,#N/A,#N/A,#N/A,#N/A,#N/A,#N/A,#N/A,#N/A,#N/A,#N/A,#N/A,#N/A,#N/A,#N/A,#N/A,#N/A,#N/A,#N/A,#N/A,#N/A,#N/A,#N/A,#N/A,#N/A
Somaliland,#N/A,#N/A,#N/A,#N/A,#N/A,#N/A,#N/A,0.002,0.001,0.001,0.001,0.001,0.000596557,0.000538062,0.000537357,#N/A,#N/A,#N/A,#N/A,#N/A,#N/A,#N/A,#N/A,#N/A,#N/A,#N/A,#N/A,#N/A,#N/A,#N/A,#N/A,#N/A,#N/A,#N/A,#N/A,#N/A,#N/A,#N/A,#N/A,#N/A,#N/A,#N/A
South Africa,#N/A,#N/A,0.04,0.2,0.55,0.55,0.6,0.67,0.72,0.67,0.77,0.77,0.77,1.4,1.95,1.95,2.07,2.08,2.1,2.14,1.947,2.0163061,2.09285771,2.11444284,2.02309356,2.34041746,2.1521074,2.01407164,1.96195534,1.93713667,1.82617,1.79987151,1.81783,1.79584568,1.80479822,1.64678,1.39517,1.36517,1.35347137,1.10097822,#N/A,#N/A
South Korea,#N/A,#N/A,#N/A,#N/A,#N/A,-0.13,-0.09,-0.081,-0.074,-0.096,-0.12,-0.098,-0.21,-0.24,-0.23,-0.24,-0.22,-0.15,-0.007,0.107,0.055,0.14011306,0.14782186,0.21913263,0.14588819,0.16917836,0.17248,0.21293,0.30032808,0.41658869,0.54649644,0.64889,0.65908,0.81157,0.84776,0.96263,0.96864,1.08419,1.14808,1.18808,#N/A,#N/A
South Sudan,#N/A,#N/A,#N/A,#N/A,#N/A,#N/A,#N/A,#N/A,#N/A,#N/A,#N/A,#N/A,#N/A,#N/A,#N/A,#N/A,#N/A,#N/A,#N/A,#N/A,#N/A,#N/A,#N/A,#N/A,#N/A,#N/A,#N/A,#N/A,#N/A,#N/A,#N/A,#N/A,#N/A,0.22811607,1.15770003,1.47762915,1.52638803,1.52459016,1.50235616,1.25863014,#N/A,#N/A
Spain,#N/A,0.13,0.039,0.13,0.46,0.37,0.4,0.47,0.44,0.46,0.39,0.37,0.42,0.43,0.34,0.35,0.31832877,0.26344262,0.226,0.25,0.22079452,0.23827549,0.27655267,0.27857596,0.33169768,0.37887169,0.37547151,0.38260521,0.28209945,0.27558667,0.29489986,0.54241603,0.52049123,0.53689732,0.72142986,0.71727315,0.72965055,0.71782667,0.68265055,0.67758205,#N/A,#N/A
Sri Lanka,#N/A,#N/A,#N/A,#N/A,#N/A,#N/A,#N/A,-0.003,-0.004,-0.004,-0.003,-0.003,-0.004,-0.004,-0.003,-0.004,-0.004,-0.006,-0.005,-0.004,-0.004,-0.00440866,-0.00473989,-0.005264,-0.00550942,-0.00508346,-0.00554,-0.00424,-0.00637,-0.00604,-0.00618,-0.00551,-0.00328,-0.00562,-0.00679,-0.00438,-0.0032,-0.0032,-0.0032,-0.0032,#N/A,#N/A
Sudan,#N/A,#N/A,#N/A,#N/A,#N/A,#N/A,#N/A,-0.002,-0.001,-0.000178846,0.000176776,0.000181801,-0.003,0.001,0.001,-0.001,#N/A,0.0179235,0.04779178,0.098,0.68709589,1.8698453,2.10834915,2.40493404,2.7187904,3.44842555,3.52407,3.81347589,4.66762603,4.79830546,4.85987055,4.8848774,4.55160274,0.94897481,1.3668734,1.16478838,1.11006334,1.07852585,1.05326206,0.97981,#N/A,#N/A
Suriname,#N/A,#N/A,#N/A,#N/A,#N/A,#N/A,0.01,0.02,0.02,0.03,0.04,0.039,0.035,0.05,0.05,0.06,0.07028767,0.07497268,0.05,0.07,0.1,0.09585332,0.0949617,0.0949617,0.09461662,0.0946111,0.09439,0.11018219,0.12960775,0.15267104,0.15419,0.14734,0.15555,0.15436333,0.14512,0.14737,0.16401,0.16401,0.16401,0.16148945,#N/A,#N/A
Swaziland,#N/A,#N/A,#N/A,#N/A,#N/A,#N/A,#N/A,#N/A,#N/A,#N/A,#N/A,#N/A,#N/A,#N/A,#N/A,#N/A,#N/A,#N/A,#N/A,#N/A,#N/A,#N/A,#N/A,#N/A,#N/A,#N/A,#N/A,#N/A,#N/A,#N/A,#N/A,0.00431,0.00551,0.00827,0.00827,0.00775,0.0081,0.00775,0.00775,0.00775,#N/A,#N/A
Sweden,#N/A,-0.062,-0.043,-0.034,-0.037,0.000579399,0.003,0.02,0.025,0.024,0.016,0.016,0.009,0.013,0.011,0.007,0.02,0.021,0.018,0.019,0.023,0.01566049,0.02070537,0.03500847,0.04118984,0.04608333,0.0395,0.0527,0.07272,0.09187,0.11191,0.10753,0.10852,0.10995,0.09548,0.13179,0.12696,0.12411,0.13733,0.13733,#N/A,#N/A
Switzerland,#N/A,0.011,0.013,0.011,0.011,0.013,0.016,0.017,0.016,0.014,0.012,0.012,0.014,0.012,0.014,0.016,0.016,0.017,0.02,0.022,0.02,0.01706527,0.01819014,0.0194969,0.0162806,0.03361022,0.03322,0.03955,0.03504,0.03748,0.03878,0.03646,0.03633,0.03052,0.0387,0.03818,0.02409,0.01496,0.02308,0.02308,#N/A,#N/A
Syria,#N/A,1.64,1.66,1.6,1.67,1.7,1.78,1.9,2.26,2.6,3.37,3.85,4.91,4.78,5.58,5.63321918,5.83672603,6.01090164,5.79532877,5.72169863,5.58173973,5.46784665,5.13375354,5.19780205,5.10162901,4.88063317,4.63793504,4.38827682,4.1187,4.00349604,4.00107775,4.15784962,3.69634343,1.67115508,0.72756918,0.30343219,0.35935,0.34601667,0.18677466,0.27935,#N/A,#N/A
Taiwan,#N/A,0.09,0.1,0.08,0.08,0.08,0.06,-0.022,0.000714945,-0.027,-0.053,-0.054,-0.061,-0.046,-0.047,-0.043,-0.07,-0.064,-0.07,-0.071,-0.077,-0.06374951,0.03605795,0.08363959,0.0789501,0.10597405,0.15719,0.20708,0.26283,0.16135,0.28492,0.27767,0.24608,0.27719,0.33016,0.32262,0.2959,0.29504,0.29504,0.29504,#N/A,#N/A
Tajikistan,#N/A,#N/A,#N/A,#N/A,#N/A,#N/A,#N/A,#N/A,#N/A,#N/A,#N/A,#N/A,#N/A,0.013,0.008,0.006,0.007,0.006,0.006,0.005,0.005,0.00392024,0.00329033,0.0031178,0.0035478,0.00252772,0.00282315,0.00303,0.00283307,0.00238243,0.00222995,0.0022,0.0022,0.00186746,0.00188,0.00196,0.00174616,0.00173,0.00173,0.00173,#N/A,#N/A
Thailand,#N/A,0.013,0.023,0.12,0.18,0.3,0.53,0.52,0.49,0.53,0.51,0.58,0.61,0.67,0.7,0.80869863,0.91126027,0.99984153,1.32838356,1.47087671,1.5890137,1.81853199,1.91792471,2.06421766,2.61065211,2.58609677,3.03653093,3.44022345,3.60551953,3.87811262,4.14047984,4.23389263,4.4897991,4.89727063,4.98293384,4.98321343,5.20400863,5.3132859,5.15472493,5.1690537,#N/A,#N/A
The Bahamas,#N/A,#N/A,#N/A,#N/A,#N/A,#N/A,#N/A,#N/A,#N/A,#N/A,#N/A,#N/A,#N/A,#N/A,#N/A,#N/A,#N/A,#N/A,#N/A,#N/A,#N/A,#N/A,#N/A,#N/A,#N/A,#N/A,#N/A,#N/A,#N/A,#N/A,#N/A,#N/A,#N/A,#N/A,#N/A,#N/A,#N/A,#N/A,#N/A,#N/A,#N/A,#N/A
Togo,#N/A,#N/A,#N/A,#N/A,#N/A,#N/A,#N/A,#N/A,#N/A,#N/A,#N/A,#N/A,#N/A,#N/A,#N/A,#N/A,#N/A,#N/A,#N/A,#N/A,#N/A,#N/A,#N/A,#N/A,#N/A,#N/A,#N/A,#N/A,#N/A,#N/A,#N/A,#N/A,#N/A,#N/A,#N/A,#N/A,#N/A,#N/A,#N/A,#N/A,#N/A,#N/A
Trinidad and Tobago,#N/A,2.14,2.43,1.83,1.63,1.73,1.78,1.66,1.56,1.56,1.53,1.49,1.52,1.4,1.4,1.378,1.38046575,1.36979235,1.31036986,1.29828767,1.38418904,1.40100136,1.32728972,1.44111584,1.61171006,1.51036868,1.707504,1.79414055,1.56518181,1.56634082,1.52946888,1.45723466,1.35631301,1.16003251,1.14601869,1.12764282,1.09529852,0.97725609,0.99488162,0.88136989,#N/A,#N/A
Tunisia,#N/A,1.1,1.18,1.2,1.2,1.2,1.14,1.11,1.09,1.08,1.1,0.98,1.09,1.14,1.02,0.95984932,0.90150685,0.87994536,0.84947945,0.81252055,0.84023288,0.80498928,0.72580983,0.78550142,0.77369134,0.81667036,0.76748,0.78240356,0.8588674,0.85489112,0.80954814,0.7885866,0.67098142,0.65719287,0.63601945,0.5308626,0.39634,0.41634,0.42250438,0.41064137,#N/A,#N/A
Turkey,#N/A,0.41,0.44,0.46,0.41,0.4,0.4,0.45,0.48,0.46,0.53,0.7,0.85,0.81,0.74,0.712,0.66179452,0.66177596,0.67517808,0.66154795,0.5849863,0.51419232,0.46828137,0.47088402,0.45815824,0.42928245,0.45965233,0.45049904,0.4584274,0.48683699,0.54596479,0.56863986,0.56516986,0.58386831,0.57888836,0.57367233,0.64046589,0.66308268,0.67209603,0.72968507,#N/A,#N/A
Turkmenistan,#N/A,#N/A,#N/A,#N/A,#N/A,#N/A,#N/A,#N/A,#N/A,#N/A,#N/A,#N/A,#N/A,1.1,0.91,0.87215068,0.82291781,0.89809836,1.06010959,1.26194521,1.54667123,1.56636069,1.67875298,1.92567916,2.00000851,2.13943159,1.96649849,1.77211781,1.80730575,1.89363563,1.97644219,2.03341603,2.24198096,2.4514271,2.61527986,2.74857959,2.78716493,2.66426689,2.80648,2.79823343,#N/A,#N/A
Uganda,#N/A,#N/A,#N/A,#N/A,#N/A,#N/A,#N/A,#N/A,#N/A,#N/A,#N/A,#N/A,#N/A,#N/A,#N/A,#N/A,#N/A,#N/A,#N/A,#N/A,#N/A,#N/A,#N/A,#N/A,#N/A,#N/A,#N/A,#N/A,#N/A,#N/A,#N/A,#N/A,#N/A,#N/A,#N/A,#N/A,#N/A,#N/A,#N/A,#N/A,#N/A,#N/A
Ukraine,#N/A,#N/A,#N/A,#N/A,#N/A,#N/A,#N/A,#N/A,#N/A,#N/A,#N/A,#N/A,#N/A,0.82,0.84,0.899,0.88,0.916,0.947,0.897,0.875,0.84891391,0.86748053,0.85459922,0.88844166,0.96885361,0.99387,1.07756,1.07711,0.99387311,0.93559104,0.83272142,0.79597636,0.81034672,0.74781742,0.65875036,0.59269014,0.55832437,0.53246795,0.56175562,#N/A,#N/A
United Arab Emirates,#N/A,17.47,15.38,13.43,12.72,12.79,13.56,15.15,16.86,16.95,19.9,22.52,25.31,24.1,23.05,23.43041096,23.95449315,24.39350273,24.79624658,25.1850137,23.37446575,25.7232543,25.00040828,23.86833131,26.60829579,27.66745084,28.44626658,29.4846863,29.47497,30.46370027,27.95043,28.15176,32.16539082,34.01343557,34.42494,35.44966781,36.80590055,37.72788273,37.28316082,37.90617452,#N/A,#N/A
United Kingdom,#N/A,16.74,18.74,21.64,24.3,26.52,27.11,27.35,26.13,24.43,19.97,19.82,19.95,20.45,21.44,26.54671233,28.18764384,28.92038251,28.14846575,29.18345205,29.82164384,25.67023456,25.94693699,25.6200667,23.91728253,20.74366967,18.62361425,16.91752619,16.90683836,15.90308617,15.09238871,14.12315926,11.69680562,10.09287702,9.34347984,9.21624458,10.20776493,10.83928369,10.71819342,11.53959068,#N/A,#N/A
United Republic of Tanzania,#N/A,16.74,18.74,21.64,24.3,26.52,27.11,27.35,26.13,24.43,19.97,19.82,19.95,20.45,21.44,26.54671233,28.18764384,28.92038251,28.14846575,29.18345205,29.82164384,25.67023456,25.94693699,25.6200667,23.91728253,20.74366967,18.62361425,16.91752619,16.90683836,15.90308617,15.09238871,14.12315926,11.69680562,10.09287702,9.34347984,9.21624458,10.20776493,10.83928369,10.71819342,11.53959068,#N/A,#N/A
United States of America,#N/A,108.09,107.39,107.83,107.88,111.07,111.92,109.05,106.48,104.73,98.8,96.78,98.83,97.68,96.02,94.13013699,93.99934247,94.44382514,94.60594521,92.78,89.93564384,90.57775957,89.57008216,89.98432877,87.65832877,87.22267762,83.27137027,83.14320496,84.66320373,85.63532538,91.36947778,96.97985655,101.5029338,111.4027316,123.9419185,141.5519995,151.4712048,148.3763951,156.4715363,179.361449,#N/A,#N/A
Uruguay,#N/A,#N/A,#N/A,#N/A,#N/A,#N/A,#N/A,0.002,0.002,0.001,0.000845417,0.002,0.003,0.003,0.002,0.003,#N/A,0.002,0.005,0.005,0.005,0.00366194,0.00511377,0.00435027,0.00513488,0.00935744,0.00976,0.01037,0.00963,0.01001,0.00765,0.01335,0.01517,0.01741,0.02189,0.02365,0.02179,0.02217,0.02217,0.02217,#N/A,#N/A
Uzbekistan,#N/A,#N/A,#N/A,#N/A,#N/A,#N/A,#N/A,#N/A,#N/A,#N/A,#N/A,#N/A,#N/A,0.66,0.86,1.1539726,1.60283562,1.64019672,1.5770274,1.61194521,1.47439726,1.51916194,1.56043766,1.53255747,1.5599554,1.42007348,1.25333014,1.07496082,1.12495,1.09975503,0.72408967,0.91701627,1.02676932,1.02568601,0.94676,0.83986822,0.78689507,0.71470568,0.63618274,0.55804575,#N/A,#N/A
Vanuatu,#N/A,#N/A,#N/A,#N/A,#N/A,#N/A,#N/A,#N/A,#N/A,#N/A,#N/A,#N/A,#N/A,#N/A,#N/A,#N/A,#N/A,#N/A,#N/A,#N/A,#N/A,#N/A,#N/A,#N/A,#N/A,#N/A,#N/A,#N/A,#N/A,#N/A,#N/A,#N/A,#N/A,#N/A,#N/A,#N/A,#N/A,#N/A,#N/A,#N/A,#N/A,#N/A
Venezuela,#N/A,22.46,21.77,19.73,18.74,18.72,17.57,18.9,18.57,20.08,20.25,22.62,25.1,25.2,26.34,27.96010959,29.82136986,31.74961749,35.17953425,34.09013699,31.08646575,34.607588,33.33988383,29.24204048,25.81428773,28.5516767,28.66930356,27.46533712,26.8199237,27.0168,27.10293,26.00048,26.84094,26.86079,26.84781,26.86597,25.90443973,23.55423552,20.78320685,15.41591918,#N/A,#N/A
Vietnam,#N/A,#N/A,#N/A,#N/A,#N/A,#N/A,#N/A,0.008,0.05,0.15,0.32,0.5,0.8,1.06,1.2,1.40506849,1.7330137,1.7545082,1.91260274,2.45594521,2.9,3.16,3.56799427,3.39594521,3.52506849,4.03286885,3.72,3.66994521,3.24120548,3.11745902,3.42446192,3.12632151,3.15889767,3.45090448,3.48014712,3.19860397,3.44666096,3.13632727,2.83136425,2.53719986,#N/A,#N/A
West Bank,#N/A,#N/A,#N/A,#N/A,#N/A,#N/A,#N/A,#N/A,#N/A,#N/A,#N/A,#N/A,#N/A,#N/A,#N/A,#N/A,#N/A,#N/A,#N/A,#N/A,#N/A,#N/A,#N/A,#N/A,#N/A,#N/A,#N/A,#N/A,#N/A,#N/A,#N/A,#N/A,#N/A,#N/A,#N/A,#N/A,#N/A,#N/A,#N/A,#N/A,#N/A,#N/A
Western Sahara,#N/A,#N/A,#N/A,#N/A,#N/A,#N/A,#N/A,#N/A,#N/A,#N/A,#N/A,#N/A,#N/A,#N/A,#N/A,#N/A,#N/A,#N/A,#N/A,#N/A,#N/A,#N/A,#N/A,#N/A,#N/A,#N/A,#N/A,#N/A,#N/A,#N/A,#N/A,#N/A,#N/A,#N/A,#N/A,#N/A,#N/A,#N/A,#N/A,#N/A,#N/A,#N/A
Yemen,#N/A,#N/A,#N/A,#N/A,#N/A,#N/A,#N/A,0.086,0.19,1.72,1.93,1.91,1.94,1.81,2.18,3.34919178,3.45158904,3.41337159,3.61816438,3.87668493,4.08650685,4.37231306,4.39974979,4.38840497,4.30709442,4.06240825,4.01934543,3.78176153,3.20039134,2.99698342,2.86081619,2.81107575,2.16760041,1.69000776,1.3080363,1.25101219,0.47893,0.21959667,0.12553274,0.33813548,#N/A,#N/A
Zambia,#N/A,#N/A,#N/A,#N/A,#N/A,#N/A,#N/A,0.001,0.002,0.005,0.002,0.001,0.002,0.001,0.001,0.001,0.001,0.001,0.001,0.002,#N/A,8.02108E-05,0.00125792,0.00130213,0.00140048,0.00149997,0.00159,0.00159,0.0019,0.0014,0.00142,0.0017,0.00186,0.00199,0.00164,0.00186,0.0017,0.0017,0.0017,0.0017,#N/A,#N/A
Zimbabwe,#N/A,#N/A,#N/A,#N/A,#N/A,#N/A,#N/A,#N/A,#N/A,#N/A,#N/A,#N/A,#N/A,#N/A,#N/A,#N/A,#N/A,#N/A,#N/A,#N/A,#N/A,#N/A,#N/A,#N/A,#N/A,#N/A,#N/A,#N/A,#N/A,0.0004,0.0006,#N/A,#N/A,0.0012,0.00039,0.00681,0.00714,0.00819,0.00819,0.00819,#N/A,#N/A